<?xml version="1.0"?>
<ruleset name="Event Espresso Addon">
    <description>Event Espresso Addon rules for PHP_CodeSniffer</description>

    <file>./</file>

    <arg name="extensions" value="php"/>
    <arg value="sp"/>
    <arg name="colors" />

    <rule ref="EventEspresso" />

    <!-- file exclusions -->
    <exclude-pattern>isdk.php</exclude-pattern>

    <!-- specific rule exclusions per file -->
    <rule ref="PSR1.Files.SideEffects.FoundWithSymbols">
        <exclude-pattern>espresso-infusionsoft.php</exclude-pattern>
    </rule>

    <rule ref="WordPress.WP.I18n.SingleUnderscoreGetTextFunction">
        <exclude-pattern>*\.class_extension.php</exclude-pattern>
    </rule>

    <rule ref="WordPress.WP.I18n.MixedOrderedPlaceholdersText">
        <exclude-pattern>*\.class_extension.php</exclude-pattern>
    </rule>

    <rule ref="PSR1.Classes.ClassDeclaration.MultipleClasses">
        <exclude-pattern>Infusionsoft_Admin_Page_Init.core.php</exclude-pattern>
    </rule>
</ruleset>
