{"admin/wqm-wizard.min.js":{"dependencies":["wp-hooks"],"version":"0d6ceee0c5c159185ad017c901cb7f4e"},"wqm-frontend.min.js":{"dependencies":[],"version":"1d653daacb0f203abe59e6b10bee39f2"},"wqm-admin-categories.min.js":{"dependencies":[],"version":"498706e00edf4cbf5bf002542c225e9f"},"wqm-admin-products.min.js":{"dependencies":[],"version":"c552b519b36e9ad684c7c21fe7f00092"},"wqm-admin-settings.min.js":{"dependencies":[],"version":"6ce5b359eeea786c8a46f73b8ebcfd81"},"wqm-min-max-field.min.js":{"dependencies":[],"version":"82339d55dcaffee1ab186b2f33a8c791"},"admin/wqm-admin-categories-styles-entry.min.js":{"dependencies":[],"version":"cba46769b5cc1e2f7a4f9c557a5ed718"},"admin/wqm-admin-products-styles-entry.min.js":{"dependencies":[],"version":"b1b9b8f86fd96f31dd4df28bd8e9af9b"},"admin/wqm-admin-settings-styles-entry.min.js":{"dependencies":[],"version":"eb2e87251a33b77421994691850cf78a"}}