<?xml version="1.0"?>
<ruleset name="Event Espresso Addon">
    <description>Event Espresso Addon rules for PHP_CodeSniffer</description>

    <file>./</file>

    <arg name="extensions" value="php"/>
    <arg value="sp"/>
    <arg name="colors" />

    <rule ref="EventEspresso" />

    <!-- specific rule exclusions per file -->
    <rule ref="PSR1.Files.SideEffects.FoundWithSymbols">
        <exclude-pattern>eea-importer.php</exclude-pattern>
    </rule>

    <rule ref="WordPress.WP.I18n.SingleUnderscoreGetTextFunction">
        <exclude-pattern>*\.class_ext.php</exclude-pattern>
        <exclude-pattern>*\.model_ext.php</exclude-pattern>
    </rule>
</ruleset>
