{"id-51452":{"title":"Theatre Artist","featured-image-url":"https:\/\/websitedemos.net\/wp-content\/uploads\/2021\/03\/theatre-artist-02.jpg","thumbnail-image-url":"https:\/\/websitedemos.net\/wp-content\/uploads\/2021\/03\/theatre-artist-02-600x800.jpg","fullpage-thumbnail-image-url":"https:\/\/websitedemos.net\/wp-content\/uploads\/2021\/03\/theatre-artist-02-400x1828.jpg","astra-site-url":"\/\/websitedemos.net\/theatre-artist-02","astra-site-parent-id":1904,"astra-sites-tag":{"1906":"actor","339":"artist","1572":"performer","444":"portfolio","1905":"theatre-artist"},"astra-sites-type":"free","astra-site-page-builder":"elementor","astra-site-category":{"27":"business","39":"free"},"required-plugins":[{"slug":"elementor","init":"elementor\/elementor.php","name":"Elementor"},{"slug":"wpforms-lite","init":"wpforms-lite\/wpforms.php","name":"WPForms Lite"}],"pages":{"id-51455":{"title":"Home","featured-image-url":"https:\/\/websitedemos.net\/wp-content\/uploads\/2021\/03\/theatre-artist-02.jpg","thumbnail-image-url":"https:\/\/websitedemos.net\/wp-content\/uploads\/2021\/03\/theatre-artist-02-600x800.jpg","astra-page-api-url":"https:\/\/websitedemos.net\/theatre-artist-02\/wp-json\/wp\/v2\/pages\/19","dynamic-page":"no","astra-page-url":"\/\/websitedemos.net\/theatre-artist-02\/","astra-sites-tag":{"423":"home"},"site-pages-type":"free","site-pages-page-builder":"elementor","site-pages-category":[],"site-pages-parent-category":{"60":"business","61":"free"},"required-plugins":[{"slug":"elementor","init":"elementor\/elementor.php","name":"Elementor"}]},"id-51456":{"title":"Repertoire","featured-image-url":"https:\/\/websitedemos.net\/wp-content\/uploads\/2021\/03\/theatre-artist-02-repertoire.jpg","thumbnail-image-url":"https:\/\/websitedemos.net\/wp-content\/uploads\/2021\/03\/theatre-artist-02-repertoire-600x800.jpg","astra-page-api-url":"https:\/\/websitedemos.net\/theatre-artist-02\/wp-json\/wp\/v2\/pages\/447","dynamic-page":"no","astra-page-url":"\/\/websitedemos.net\/theatre-artist-02\/repertoire\/","astra-sites-tag":{"444":"portfolio","1907":"repertoire"},"site-pages-type":"free","site-pages-page-builder":"elementor","site-pages-category":[],"site-pages-parent-category":{"60":"business","61":"free"},"required-plugins":[{"slug":"elementor","init":"elementor\/elementor.php","name":"Elementor"}]},"id-51453":{"title":"Biography","featured-image-url":"https:\/\/websitedemos.net\/wp-content\/uploads\/2021\/03\/theatre-artist-02-biography.jpg","thumbnail-image-url":"https:\/\/websitedemos.net\/wp-content\/uploads\/2021\/03\/theatre-artist-02-biography-600x800.jpg","astra-page-api-url":"https:\/\/websitedemos.net\/theatre-artist-02\/wp-json\/wp\/v2\/pages\/394","dynamic-page":"no","astra-page-url":"\/\/websitedemos.net\/theatre-artist-02\/biography\/","astra-sites-tag":{"352":"about","1566":"biography"},"site-pages-type":"free","site-pages-page-builder":"elementor","site-pages-category":[],"site-pages-parent-category":{"60":"business","61":"free"},"required-plugins":[{"slug":"elementor","init":"elementor\/elementor.php","name":"Elementor"}]},"id-51454":{"title":"Contact","featured-image-url":"https:\/\/websitedemos.net\/wp-content\/uploads\/2021\/03\/theatre-artist-02-contact.jpg","thumbnail-image-url":"https:\/\/websitedemos.net\/wp-content\/uploads\/2021\/03\/theatre-artist-02-contact-600x800.jpg","astra-page-api-url":"https:\/\/websitedemos.net\/theatre-artist-02\/wp-json\/wp\/v2\/pages\/512","dynamic-page":"no","astra-page-url":"\/\/websitedemos.net\/theatre-artist-02\/contact\/","astra-sites-tag":{"415":"contact"},"site-pages-type":"free","site-pages-page-builder":"elementor","site-pages-category":[],"site-pages-parent-category":{"60":"business","61":"free"},"required-plugins":[{"slug":"elementor","init":"elementor\/elementor.php","name":"Elementor"},{"slug":"wpforms-lite","init":"wpforms-lite\/wpforms.php","name":"WPForms Lite"}]}}},"id-47138":{"title":"Event Management Agency","featured-image-url":"https:\/\/websitedemos.net\/wp-content\/uploads\/2020\/08\/event-management-02.jpg","thumbnail-image-url":"https:\/\/websitedemos.net\/wp-content\/uploads\/2020\/08\/event-management-02-600x800.jpg","fullpage-thumbnail-image-url":"https:\/\/websitedemos.net\/wp-content\/uploads\/2020\/08\/event-management-02-400x1646.jpg","astra-site-url":"\/\/websitedemos.net\/event-management-04","astra-site-parent-id":1609,"astra-sites-tag":{"663":"agency","1611":"corporate-events","1612":"event-agency","1610":"event-management"},"astra-sites-type":"agency-mini","astra-site-page-builder":"elementor","astra-site-category":{"27":"business"},"required-plugins":[{"slug":"elementor","init":"elementor\/elementor.php","name":"Elementor"},{"slug":"wpforms-lite","init":"wpforms-lite\/wpforms.php","name":"WPForms Lite"}],"pages":{"id-47141":{"title":"Home","featured-image-url":"https:\/\/websitedemos.net\/wp-content\/uploads\/2020\/08\/event-management-02.jpg","thumbnail-image-url":"https:\/\/websitedemos.net\/wp-content\/uploads\/2020\/08\/event-management-02-600x800.jpg","astra-page-api-url":"https:\/\/websitedemos.net\/event-management-04\/wp-json\/wp\/v2\/pages\/19","dynamic-page":"no","astra-page-url":"\/\/websitedemos.net\/event-management-04\/","astra-sites-tag":{"423":"home","814":"homepage"},"site-pages-type":"agency-mini","site-pages-page-builder":"elementor","site-pages-category":[],"site-pages-parent-category":{"60":"business"},"required-plugins":[{"slug":"elementor","init":"elementor\/elementor.php","name":"Elementor"}]},"id-47143":{"title":"Works","featured-image-url":"https:\/\/websitedemos.net\/wp-content\/uploads\/2020\/08\/event-management-02-works.jpg","thumbnail-image-url":"https:\/\/websitedemos.net\/wp-content\/uploads\/2020\/08\/event-management-02-works-600x800.jpg","astra-page-api-url":"https:\/\/websitedemos.net\/event-management-04\/wp-json\/wp\/v2\/pages\/167","dynamic-page":"no","astra-page-url":"\/\/websitedemos.net\/event-management-04\/works\/","astra-sites-tag":{"444":"portfolio","1613":"projects","451":"work"},"site-pages-type":"agency-mini","site-pages-page-builder":"elementor","site-pages-category":[],"site-pages-parent-category":{"60":"business"},"required-plugins":[{"slug":"elementor","init":"elementor\/elementor.php","name":"Elementor"}]},"id-47142":{"title":"Services","featured-image-url":"https:\/\/websitedemos.net\/wp-content\/uploads\/2020\/08\/event-management-02-services.jpg","thumbnail-image-url":"https:\/\/websitedemos.net\/wp-content\/uploads\/2020\/08\/event-management-02-services-600x800.jpg","astra-page-api-url":"https:\/\/websitedemos.net\/event-management-04\/wp-json\/wp\/v2\/pages\/206","dynamic-page":"no","astra-page-url":"\/\/websitedemos.net\/event-management-04\/services\/","astra-sites-tag":{"1605":"our-services","425":"services"},"site-pages-type":"agency-mini","site-pages-page-builder":"elementor","site-pages-category":[],"site-pages-parent-category":{"60":"business"},"required-plugins":[{"slug":"elementor","init":"elementor\/elementor.php","name":"Elementor"}]},"id-47139":{"title":"About Us","featured-image-url":"https:\/\/websitedemos.net\/wp-content\/uploads\/2020\/08\/event-management-02-about-us.jpg","thumbnail-image-url":"https:\/\/websitedemos.net\/wp-content\/uploads\/2020\/08\/event-management-02-about-us-600x800.jpg","astra-page-api-url":"https:\/\/websitedemos.net\/event-management-04\/wp-json\/wp\/v2\/pages\/128","dynamic-page":"no","astra-page-url":"\/\/websitedemos.net\/event-management-04\/about-us\/","astra-sites-tag":{"352":"about","455":"about-us"},"site-pages-type":"agency-mini","site-pages-page-builder":"elementor","site-pages-category":[],"site-pages-parent-category":{"60":"business"},"required-plugins":[{"slug":"elementor","init":"elementor\/elementor.php","name":"Elementor"}]},"id-47140":{"title":"Contact Us","featured-image-url":"https:\/\/websitedemos.net\/wp-content\/uploads\/2020\/08\/event-management-02-contact-us.jpg","thumbnail-image-url":"https:\/\/websitedemos.net\/wp-content\/uploads\/2020\/08\/event-management-02-contact-us-600x800.jpg","astra-page-api-url":"https:\/\/websitedemos.net\/event-management-04\/wp-json\/wp\/v2\/pages\/224","dynamic-page":"no","astra-page-url":"\/\/websitedemos.net\/event-management-04\/contact-us\/","astra-sites-tag":{"415":"contact","454":"contact-us","896":"get-connected","377":"get-in-touch"},"site-pages-type":"agency-mini","site-pages-page-builder":"elementor","site-pages-category":[],"site-pages-parent-category":{"60":"business"},"required-plugins":[{"slug":"elementor","init":"elementor\/elementor.php","name":"Elementor"},{"slug":"wpforms-lite","init":"wpforms-lite\/wpforms.php","name":"WPForms Lite"}]}}},"id-47815":{"title":"Online Courses","featured-image-url":"https:\/\/websitedemos.net\/wp-content\/uploads\/2020\/10\/online-courses-02-home.jpg","thumbnail-image-url":"https:\/\/websitedemos.net\/wp-content\/uploads\/2020\/10\/online-courses-02-home-600x800.jpg","fullpage-thumbnail-image-url":"https:\/\/websitedemos.net\/wp-content\/uploads\/2020\/10\/online-courses-02-home-400x1293.jpg","astra-site-url":"\/\/websitedemos.net\/online-courses-02","astra-site-parent-id":1676,"astra-sites-tag":{"462":"courses","468":"elearning","467":"learndash","466":"online-courses","975":"online-learning"},"astra-sites-type":"free","astra-site-page-builder":"elementor","astra-site-category":{"27":"business","39":"free"},"required-plugins":[{"slug":"elementor","init":"elementor\/elementor.php","name":"Elementor"},{"slug":"header-footer-elementor","init":"header-footer-elementor\/header-footer-elementor.php","name":"Elementor - Header, Footer & Blocks"},{"slug":"sfwd-lms","init":"sfwd-lms\/sfwd_lms.php","name":"LearnDash LMS"},{"slug":"learndash-course-grid","init":"learndash-course-grid\/learndash_course_grid.php","name":"LearnDash LMS - Course Grid"},{"slug":"wpforms-lite","init":"wpforms-lite\/wpforms.php","name":"WPForms Lite"}],"pages":{"id-47819":{"title":"Home","featured-image-url":"https:\/\/websitedemos.net\/wp-content\/uploads\/2020\/10\/online-courses-02-home.jpg","thumbnail-image-url":"https:\/\/websitedemos.net\/wp-content\/uploads\/2020\/10\/online-courses-02-home-600x800.jpg","astra-page-api-url":"https:\/\/websitedemos.net\/online-courses-02\/wp-json\/wp\/v2\/pages\/6","dynamic-page":"yes","astra-page-url":"\/\/websitedemos.net\/online-courses-02\/","astra-sites-tag":{"423":"home"},"site-pages-type":"free","site-pages-page-builder":"elementor","site-pages-category":[],"site-pages-parent-category":{"60":"business","61":"free"},"required-plugins":[{"slug":"elementor","init":"elementor\/elementor.php","name":"Elementor"}]},"id-47817":{"title":"All Courses","featured-image-url":"https:\/\/websitedemos.net\/wp-content\/uploads\/2020\/10\/online-courses-02-courses.jpg","thumbnail-image-url":"https:\/\/websitedemos.net\/wp-content\/uploads\/2020\/10\/online-courses-02-courses-600x800.jpg","astra-page-api-url":"https:\/\/websitedemos.net\/online-courses-02\/wp-json\/wp\/v2\/pages\/476","dynamic-page":"yes","astra-page-url":"\/\/websitedemos.net\/online-courses-02\/all-courses\/","astra-sites-tag":{"462":"courses"},"site-pages-type":"free","site-pages-page-builder":"elementor","site-pages-category":[],"site-pages-parent-category":{"60":"business","61":"free"},"required-plugins":[{"slug":"elementor","init":"elementor\/elementor.php","name":"Elementor"}]},"id-47816":{"title":"About Us","featured-image-url":"https:\/\/websitedemos.net\/wp-content\/uploads\/2020\/10\/online-courses-02-about.jpg","thumbnail-image-url":"https:\/\/websitedemos.net\/wp-content\/uploads\/2020\/10\/online-courses-02-about-600x800.jpg","astra-page-api-url":"https:\/\/websitedemos.net\/online-courses-02\/wp-json\/wp\/v2\/pages\/8","dynamic-page":"no","astra-page-url":"\/\/websitedemos.net\/online-courses-02\/about-us\/","astra-sites-tag":{"352":"about"},"site-pages-type":"free","site-pages-page-builder":"elementor","site-pages-category":[],"site-pages-parent-category":{"60":"business","61":"free"},"required-plugins":[{"slug":"elementor","init":"elementor\/elementor.php","name":"Elementor"}]},"id-47820":{"title":"Instructors","featured-image-url":"https:\/\/websitedemos.net\/wp-content\/uploads\/2020\/10\/online-courses-02-instructors-1.jpg","thumbnail-image-url":"https:\/\/websitedemos.net\/wp-content\/uploads\/2020\/10\/online-courses-02-instructors-1-600x800.jpg","astra-page-api-url":"https:\/\/websitedemos.net\/online-courses-02\/wp-json\/wp\/v2\/pages\/14","dynamic-page":"no","astra-page-url":"\/\/websitedemos.net\/online-courses-02\/instructors\/","astra-sites-tag":{"1677":"instructors"},"site-pages-type":"free","site-pages-page-builder":"elementor","site-pages-category":[],"site-pages-parent-category":{"60":"business","61":"free"},"required-plugins":[{"slug":"elementor","init":"elementor\/elementor.php","name":"Elementor"}]},"id-47821":{"title":"Pricing &#038; FAQ","featured-image-url":"https:\/\/websitedemos.net\/wp-content\/uploads\/2020\/10\/online-courses-02-pricing.jpg","thumbnail-image-url":"https:\/\/websitedemos.net\/wp-content\/uploads\/2020\/10\/online-courses-02-pricing-600x800.jpg","astra-page-api-url":"https:\/\/websitedemos.net\/online-courses-02\/wp-json\/wp\/v2\/pages\/16","dynamic-page":"no","astra-page-url":"\/\/websitedemos.net\/online-courses-02\/pricing-faq\/","astra-sites-tag":{"426":"faq","585":"pricing"},"site-pages-type":"free","site-pages-page-builder":"elementor","site-pages-category":[],"site-pages-parent-category":{"60":"business","61":"free"},"required-plugins":[{"slug":"elementor","init":"elementor\/elementor.php","name":"Elementor"}]},"id-47818":{"title":"Contact","featured-image-url":"https:\/\/websitedemos.net\/wp-content\/uploads\/2020\/10\/online-courses-02-contact-1.jpg","thumbnail-image-url":"https:\/\/websitedemos.net\/wp-content\/uploads\/2020\/10\/online-courses-02-contact-1-600x800.jpg","astra-page-api-url":"https:\/\/websitedemos.net\/online-courses-02\/wp-json\/wp\/v2\/pages\/12","dynamic-page":"no","astra-page-url":"\/\/websitedemos.net\/online-courses-02\/contact\/","astra-sites-tag":{"415":"contact"},"site-pages-type":"free","site-pages-page-builder":"elementor","site-pages-category":[],"site-pages-parent-category":{"60":"business","61":"free"},"required-plugins":[{"slug":"elementor","init":"elementor\/elementor.php","name":"Elementor"},{"slug":"wpforms-lite","init":"wpforms-lite\/wpforms.php","name":"WPForms Lite"}]}}},"id-48985":{"title":"Online Courses","featured-image-url":"https:\/\/websitedemos.net\/wp-content\/uploads\/2020\/12\/online-courses-01-home.jpg","thumbnail-image-url":"https:\/\/websitedemos.net\/wp-content\/uploads\/2020\/12\/online-courses-01-home-600x800.jpg","fullpage-thumbnail-image-url":"https:\/\/websitedemos.net\/wp-content\/uploads\/2020\/12\/online-courses-01-home-400x1295.jpg","astra-site-url":"\/\/websitedemos.net\/online-courses-01","astra-site-parent-id":1767,"astra-sites-tag":{"462":"courses","468":"elearning","467":"learndash","466":"online-courses","975":"online-learning"},"astra-sites-type":"free","astra-site-page-builder":"beaver-builder","astra-site-category":{"27":"business","39":"free"},"required-plugins":[{"slug":"beaver-builder-lite-version","init":"beaver-builder-lite-version\/fl-builder.php","name":"Beaver Builder Plugin (Lite Version)"},{"slug":"ultimate-addons-for-beaver-builder-lite","init":"ultimate-addons-for-beaver-builder-lite\/bb-ultimate-addon.php","name":"Ultimate Addons for Beaver Builder - Lite"},{"slug":"sfwd-lms","init":"sfwd-lms\/sfwd_lms.php","name":"LearnDash LMS"},{"slug":"learndash-course-grid","init":"learndash-course-grid\/learndash_course_grid.php","name":"LearnDash LMS - Course Grid"},{"slug":"wpforms-lite","init":"wpforms-lite\/wpforms.php","name":"WPForms Lite"}],"pages":{"id-48986":{"title":"About Us","featured-image-url":"https:\/\/websitedemos.net\/wp-content\/uploads\/2020\/12\/online-courses-01-about.jpg","thumbnail-image-url":"https:\/\/websitedemos.net\/wp-content\/uploads\/2020\/12\/online-courses-01-about-600x800.jpg","astra-page-api-url":"https:\/\/websitedemos.net\/online-courses-01\/wp-json\/wp\/v2\/pages\/738","dynamic-page":"no","astra-page-url":"\/\/websitedemos.net\/online-courses-01\/about-us\/","astra-sites-tag":{"352":"about"},"site-pages-type":"free","site-pages-page-builder":"beaver-builder","site-pages-category":[],"site-pages-parent-category":{"60":"business","61":"free"},"required-plugins":[{"slug":"beaver-builder-lite-version","init":"beaver-builder-lite-version\/fl-builder.php","name":"Beaver Builder Plugin (Lite Version)"},{"slug":"ultimate-addons-for-beaver-builder-lite","init":"ultimate-addons-for-beaver-builder-lite\/bb-ultimate-addon.php","name":"Ultimate Addons for Beaver Builder - Lite"}]},"id-48987":{"title":"All Courses","featured-image-url":"https:\/\/websitedemos.net\/wp-content\/uploads\/2020\/12\/online-courses-01-course.jpg","thumbnail-image-url":"https:\/\/websitedemos.net\/wp-content\/uploads\/2020\/12\/online-courses-01-course-600x800.jpg","astra-page-api-url":"https:\/\/websitedemos.net\/online-courses-01\/wp-json\/wp\/v2\/pages\/737","dynamic-page":"yes","astra-page-url":"\/\/websitedemos.net\/online-courses-01\/all-courses\/","astra-sites-tag":{"462":"courses"},"site-pages-type":"free","site-pages-page-builder":"beaver-builder","site-pages-category":[],"site-pages-parent-category":{"60":"business","61":"free"},"required-plugins":[{"slug":"beaver-builder-lite-version","init":"beaver-builder-lite-version\/fl-builder.php","name":"Beaver Builder Plugin (Lite Version)"},{"slug":"ultimate-addons-for-beaver-builder-lite","init":"ultimate-addons-for-beaver-builder-lite\/bb-ultimate-addon.php","name":"Ultimate Addons for Beaver Builder - Lite"}]},"id-48988":{"title":"Contact","featured-image-url":"https:\/\/websitedemos.net\/wp-content\/uploads\/2020\/12\/online-courses-01-contact.jpg","thumbnail-image-url":"https:\/\/websitedemos.net\/wp-content\/uploads\/2020\/12\/online-courses-01-contact-600x800.jpg","astra-page-api-url":"https:\/\/websitedemos.net\/online-courses-01\/wp-json\/wp\/v2\/pages\/741","dynamic-page":"no","astra-page-url":"\/\/websitedemos.net\/online-courses-01\/contact\/","astra-sites-tag":{"415":"contact"},"site-pages-type":"free","site-pages-page-builder":"beaver-builder","site-pages-category":[],"site-pages-parent-category":{"60":"business","61":"free"},"required-plugins":[{"slug":"beaver-builder-lite-version","init":"beaver-builder-lite-version\/fl-builder.php","name":"Beaver Builder Plugin (Lite Version)"},{"slug":"ultimate-addons-for-beaver-builder-lite","init":"ultimate-addons-for-beaver-builder-lite\/bb-ultimate-addon.php","name":"Ultimate Addons for Beaver Builder - Lite"},{"slug":"wpforms-lite","init":"wpforms-lite\/wpforms.php","name":"WPForms Lite"}]},"id-48989":{"title":"Home","featured-image-url":"https:\/\/websitedemos.net\/wp-content\/uploads\/2020\/12\/online-courses-01-home.jpg","thumbnail-image-url":"https:\/\/websitedemos.net\/wp-content\/uploads\/2020\/12\/online-courses-01-home-600x800.jpg","astra-page-api-url":"https:\/\/websitedemos.net\/online-courses-01\/wp-json\/wp\/v2\/pages\/736","dynamic-page":"yes","astra-page-url":"\/\/websitedemos.net\/online-courses-01\/","astra-sites-tag":{"423":"home"},"site-pages-type":"free","site-pages-page-builder":"beaver-builder","site-pages-category":[],"site-pages-parent-category":{"60":"business","61":"free"},"required-plugins":[{"slug":"beaver-builder-lite-version","init":"beaver-builder-lite-version\/fl-builder.php","name":"Beaver Builder Plugin (Lite Version)"},{"slug":"ultimate-addons-for-beaver-builder-lite","init":"ultimate-addons-for-beaver-builder-lite\/bb-ultimate-addon.php","name":"Ultimate Addons for Beaver Builder - Lite"}]},"id-48990":{"title":"Instructors","featured-image-url":"https:\/\/websitedemos.net\/wp-content\/uploads\/2020\/12\/online-courses-01-instructors.jpg","thumbnail-image-url":"https:\/\/websitedemos.net\/wp-content\/uploads\/2020\/12\/online-courses-01-instructors-600x800.jpg","astra-page-api-url":"https:\/\/websitedemos.net\/online-courses-01\/wp-json\/wp\/v2\/pages\/739","dynamic-page":"no","astra-page-url":"\/\/websitedemos.net\/online-courses-01\/instructors\/","astra-sites-tag":{"1677":"instructors"},"site-pages-type":"free","site-pages-page-builder":"beaver-builder","site-pages-category":[],"site-pages-parent-category":{"60":"business","61":"free"},"required-plugins":[{"slug":"beaver-builder-lite-version","init":"beaver-builder-lite-version\/fl-builder.php","name":"Beaver Builder Plugin (Lite Version)"},{"slug":"ultimate-addons-for-beaver-builder-lite","init":"ultimate-addons-for-beaver-builder-lite\/bb-ultimate-addon.php","name":"Ultimate Addons for Beaver Builder - Lite"}]},"id-48991":{"title":"Pricing &#038; FAQ","featured-image-url":"https:\/\/websitedemos.net\/wp-content\/uploads\/2020\/12\/online-courses-01-pricing.jpg","thumbnail-image-url":"https:\/\/websitedemos.net\/wp-content\/uploads\/2020\/12\/online-courses-01-pricing-600x800.jpg","astra-page-api-url":"https:\/\/websitedemos.net\/online-courses-01\/wp-json\/wp\/v2\/pages\/740","dynamic-page":"no","astra-page-url":"\/\/websitedemos.net\/online-courses-01\/pricing-faq\/","astra-sites-tag":{"585":"pricing"},"site-pages-type":"free","site-pages-page-builder":"beaver-builder","site-pages-category":[],"site-pages-parent-category":{"60":"business","61":"free"},"required-plugins":[{"slug":"beaver-builder-lite-version","init":"beaver-builder-lite-version\/fl-builder.php","name":"Beaver Builder Plugin (Lite Version)"},{"slug":"ultimate-addons-for-beaver-builder-lite","init":"ultimate-addons-for-beaver-builder-lite\/bb-ultimate-addon.php","name":"Ultimate Addons for Beaver Builder - Lite"}]}}},"id-51405":{"title":"Child Care Blog","featured-image-url":"https:\/\/websitedemos.net\/wp-content\/uploads\/2021\/03\/childcare-blog-02-home.jpg","thumbnail-image-url":"https:\/\/websitedemos.net\/wp-content\/uploads\/2021\/03\/childcare-blog-02-home-600x800.jpg","fullpage-thumbnail-image-url":"https:\/\/websitedemos.net\/wp-content\/uploads\/2021\/03\/childcare-blog-02-home-400x1709.jpg","astra-site-url":"\/\/websitedemos.net\/childcare-blog-02","astra-site-parent-id":1882,"astra-sites-tag":{"480":"blog","1652":"blogger","1897":"child-care-blog","1896":"child-care-expert","1547":"influencer"},"astra-sites-type":"free","astra-site-page-builder":"elementor","astra-site-category":{"37":"blog","39":"free"},"required-plugins":[{"slug":"elementor","init":"elementor\/elementor.php","name":"Elementor"},{"slug":"header-footer-elementor","init":"header-footer-elementor\/header-footer-elementor.php","name":"Elementor - Header, Footer & Blocks"},{"slug":"wpforms-lite","init":"wpforms-lite\/wpforms.php","name":"WPForms Lite"}],"pages":{"id-51406":{"title":"Contact","featured-image-url":"https:\/\/websitedemos.net\/wp-content\/uploads\/2021\/03\/childcare-blog-02-contact.jpg","thumbnail-image-url":"https:\/\/websitedemos.net\/wp-content\/uploads\/2021\/03\/childcare-blog-02-contact-600x800.jpg","astra-page-api-url":"https:\/\/websitedemos.net\/childcare-blog-02\/wp-json\/wp\/v2\/pages\/468","dynamic-page":"no","astra-page-url":"\/\/websitedemos.net\/childcare-blog-02\/contact\/","astra-sites-tag":{"415":"contact"},"site-pages-type":"free","site-pages-page-builder":"elementor","site-pages-category":[],"site-pages-parent-category":{"74":"blog","61":"free"},"required-plugins":[{"slug":"elementor","init":"elementor\/elementor.php","name":"Elementor"},{"slug":"wpforms-lite","init":"wpforms-lite\/wpforms.php","name":"WPForms Lite"}]},"id-51407":{"title":"Home","featured-image-url":"https:\/\/websitedemos.net\/wp-content\/uploads\/2021\/03\/childcare-blog-02-home.jpg","thumbnail-image-url":"https:\/\/websitedemos.net\/wp-content\/uploads\/2021\/03\/childcare-blog-02-home-600x800.jpg","astra-page-api-url":"https:\/\/websitedemos.net\/childcare-blog-02\/wp-json\/wp\/v2\/pages\/17","dynamic-page":"no","astra-page-url":"\/\/websitedemos.net\/childcare-blog-02\/","astra-sites-tag":{"423":"home"},"site-pages-type":"free","site-pages-page-builder":"elementor","site-pages-category":[],"site-pages-parent-category":{"74":"blog","61":"free"},"required-plugins":[{"slug":"elementor","init":"elementor\/elementor.php","name":"Elementor"}]}}},"id-47745":{"title":"Online Programming Course","featured-image-url":"https:\/\/websitedemos.net\/wp-content\/uploads\/2020\/10\/online-coding-course-02-home.jpg","thumbnail-image-url":"https:\/\/websitedemos.net\/wp-content\/uploads\/2020\/10\/online-coding-course-02-home-600x800.jpg","fullpage-thumbnail-image-url":"https:\/\/websitedemos.net\/wp-content\/uploads\/2020\/10\/online-coding-course-02-home-400x1499.jpg","astra-site-url":"\/\/websitedemos.net\/online-coding-course-02","astra-site-parent-id":1671,"astra-sites-tag":{"462":"courses","469":"ecourse","468":"elearning","467":"learndash","466":"online-courses","975":"online-learning","1673":"programming-course"},"astra-sites-type":"free","astra-site-page-builder":"elementor","astra-site-category":{"27":"business","39":"free"},"required-plugins":[{"slug":"elementor","init":"elementor\/elementor.php","name":"Elementor"},{"slug":"header-footer-elementor","init":"header-footer-elementor\/header-footer-elementor.php","name":"Elementor - Header, Footer & Blocks"},{"slug":"sfwd-lms","init":"sfwd-lms\/sfwd_lms.php","name":"LearnDash LMS"},{"slug":"learndash-course-grid","init":"learndash-course-grid\/learndash_course_grid.php","name":"LearnDash LMS - Course Grid"},{"slug":"wpforms-lite","init":"wpforms-lite\/wpforms.php","name":"WPForms Lite"}],"pages":{"id-47749":{"title":"Home","featured-image-url":"https:\/\/websitedemos.net\/wp-content\/uploads\/2020\/10\/online-coding-course-02-home.jpg","thumbnail-image-url":"https:\/\/websitedemos.net\/wp-content\/uploads\/2020\/10\/online-coding-course-02-home-600x800.jpg","astra-page-api-url":"https:\/\/websitedemos.net\/online-coding-course-02\/wp-json\/wp\/v2\/pages\/10","dynamic-page":"no","astra-page-url":"\/\/websitedemos.net\/online-coding-course-02\/","astra-sites-tag":{"423":"home"},"site-pages-type":"free","site-pages-page-builder":"elementor","site-pages-category":[],"site-pages-parent-category":{"60":"business","61":"free"},"required-plugins":[{"slug":"elementor","init":"elementor\/elementor.php","name":"Elementor"}]},"id-47747":{"title":"All Courses","featured-image-url":"https:\/\/websitedemos.net\/wp-content\/uploads\/2020\/10\/online-coding-course-02-all-courses.jpg","thumbnail-image-url":"https:\/\/websitedemos.net\/wp-content\/uploads\/2020\/10\/online-coding-course-02-all-courses-600x800.jpg","astra-page-api-url":"https:\/\/websitedemos.net\/online-coding-course-02\/wp-json\/wp\/v2\/pages\/179","dynamic-page":"yes","astra-page-url":"\/\/websitedemos.net\/online-coding-course-02\/all-courses\/","astra-sites-tag":{"462":"courses"},"site-pages-type":"free","site-pages-page-builder":"elementor","site-pages-category":[],"site-pages-parent-category":{"60":"business","61":"free"},"required-plugins":[{"slug":"elementor","init":"elementor\/elementor.php","name":"Elementor"}]},"id-47746":{"title":"About","featured-image-url":"https:\/\/websitedemos.net\/wp-content\/uploads\/2020\/10\/online-coding-course-02-about.jpg","thumbnail-image-url":"https:\/\/websitedemos.net\/wp-content\/uploads\/2020\/10\/online-coding-course-02-about-600x800.jpg","astra-page-api-url":"https:\/\/websitedemos.net\/online-coding-course-02\/wp-json\/wp\/v2\/pages\/249","dynamic-page":"no","astra-page-url":"\/\/websitedemos.net\/online-coding-course-02\/about\/","astra-sites-tag":{"352":"about"},"site-pages-type":"free","site-pages-page-builder":"elementor","site-pages-category":[],"site-pages-parent-category":{"60":"business","61":"free"},"required-plugins":[{"slug":"elementor","init":"elementor\/elementor.php","name":"Elementor"}]},"id-47748":{"title":"Contact","featured-image-url":"https:\/\/websitedemos.net\/wp-content\/uploads\/2020\/10\/online-coding-course-02-contact.jpg","thumbnail-image-url":"https:\/\/websitedemos.net\/wp-content\/uploads\/2020\/10\/online-coding-course-02-contact-600x800.jpg","astra-page-api-url":"https:\/\/websitedemos.net\/online-coding-course-02\/wp-json\/wp\/v2\/pages\/332","dynamic-page":"no","astra-page-url":"\/\/websitedemos.net\/online-coding-course-02\/contact\/","astra-sites-tag":{"415":"contact"},"site-pages-type":"free","site-pages-page-builder":"elementor","site-pages-category":[],"site-pages-parent-category":{"60":"business","61":"free"},"required-plugins":[{"slug":"elementor","init":"elementor\/elementor.php","name":"Elementor"},{"slug":"wpforms-lite","init":"wpforms-lite\/wpforms.php","name":"WPForms Lite"}]}}},"id-48719":{"title":"Online Programming Course","featured-image-url":"https:\/\/websitedemos.net\/wp-content\/uploads\/2020\/11\/online-coding-course-01-wip-home.jpg","thumbnail-image-url":"https:\/\/websitedemos.net\/wp-content\/uploads\/2020\/11\/online-coding-course-01-wip-home-600x800.jpg","fullpage-thumbnail-image-url":"https:\/\/websitedemos.net\/wp-content\/uploads\/2020\/11\/online-coding-course-01-wip-home-400x1518.jpg","astra-site-url":"\/\/websitedemos.net\/online-coding-course-01","astra-site-parent-id":1765,"astra-sites-tag":{"462":"courses","469":"ecourse","468":"elearning","467":"learndash","466":"online-courses","975":"online-learning","1673":"programming-course"},"astra-sites-type":"free","astra-site-page-builder":"beaver-builder","astra-site-category":{"27":"business","39":"free"},"required-plugins":[{"slug":"sfwd-lms","init":"sfwd-lms\/sfwd_lms.php","name":"LearnDash LMS"},{"slug":"learndash-course-grid","init":"learndash-course-grid\/learndash_course_grid.php","name":"LearnDash LMS - Course Grid"},{"slug":"beaver-builder-lite-version","init":"beaver-builder-lite-version\/fl-builder.php","name":"Beaver Builder Plugin (Lite Version)"},{"slug":"ultimate-addons-for-beaver-builder-lite","init":"ultimate-addons-for-beaver-builder-lite\/bb-ultimate-addon.php","name":"Ultimate Addons for Beaver Builder - Lite"},{"slug":"wpforms-lite","init":"wpforms-lite\/wpforms.php","name":"WPForms Lite"}],"pages":{"id-48720":{"title":"About","featured-image-url":"https:\/\/websitedemos.net\/wp-content\/uploads\/2020\/11\/online-coding-course-01-wip-about.jpg","thumbnail-image-url":"https:\/\/websitedemos.net\/wp-content\/uploads\/2020\/11\/online-coding-course-01-wip-about-600x800.jpg","astra-page-api-url":"https:\/\/websitedemos.net\/online-coding-course-01\/wp-json\/wp\/v2\/pages\/506","dynamic-page":"no","astra-page-url":"\/\/websitedemos.net\/online-coding-course-01\/about\/","astra-sites-tag":{"352":"about"},"site-pages-type":"free","site-pages-page-builder":"beaver-builder","site-pages-category":[],"site-pages-parent-category":{"60":"business","61":"free"},"required-plugins":[{"slug":"beaver-builder-lite-version","init":"beaver-builder-lite-version\/fl-builder.php","name":"Beaver Builder Plugin (Lite Version)"},{"slug":"ultimate-addons-for-beaver-builder-lite","init":"ultimate-addons-for-beaver-builder-lite\/bb-ultimate-addon.php","name":"Ultimate Addons for Beaver Builder - Lite"}]},"id-48721":{"title":"All Courses","featured-image-url":"https:\/\/websitedemos.net\/wp-content\/uploads\/2020\/11\/online-coding-course-01-wip-all-courses.jpg","thumbnail-image-url":"https:\/\/websitedemos.net\/wp-content\/uploads\/2020\/11\/online-coding-course-01-wip-all-courses-600x800.jpg","astra-page-api-url":"https:\/\/websitedemos.net\/online-coding-course-01\/wp-json\/wp\/v2\/pages\/508","dynamic-page":"yes","astra-page-url":"\/\/websitedemos.net\/online-coding-course-01\/all-courses\/","astra-sites-tag":{"462":"courses"},"site-pages-type":"free","site-pages-page-builder":"beaver-builder","site-pages-category":[],"site-pages-parent-category":{"60":"business","61":"free"},"required-plugins":[{"slug":"beaver-builder-lite-version","init":"beaver-builder-lite-version\/fl-builder.php","name":"Beaver Builder Plugin (Lite Version)"},{"slug":"ultimate-addons-for-beaver-builder-lite","init":"ultimate-addons-for-beaver-builder-lite\/bb-ultimate-addon.php","name":"Ultimate Addons for Beaver Builder - Lite"}]},"id-48722":{"title":"Contact","featured-image-url":"https:\/\/websitedemos.net\/wp-content\/uploads\/2020\/11\/online-coding-course-01-wip-contact.jpg","thumbnail-image-url":"https:\/\/websitedemos.net\/wp-content\/uploads\/2020\/11\/online-coding-course-01-wip-contact-600x800.jpg","astra-page-api-url":"https:\/\/websitedemos.net\/online-coding-course-01\/wp-json\/wp\/v2\/pages\/510","dynamic-page":"no","astra-page-url":"\/\/websitedemos.net\/online-coding-course-01\/contact\/","astra-sites-tag":{"415":"contact"},"site-pages-type":"free","site-pages-page-builder":"beaver-builder","site-pages-category":[],"site-pages-parent-category":{"60":"business","61":"free"},"required-plugins":[{"slug":"beaver-builder-lite-version","init":"beaver-builder-lite-version\/fl-builder.php","name":"Beaver Builder Plugin (Lite Version)"},{"slug":"ultimate-addons-for-beaver-builder-lite","init":"ultimate-addons-for-beaver-builder-lite\/bb-ultimate-addon.php","name":"Ultimate Addons for Beaver Builder - Lite"},{"slug":"wpforms-lite","init":"wpforms-lite\/wpforms.php","name":"WPForms Lite"}]},"id-48723":{"title":"Home","featured-image-url":"https:\/\/websitedemos.net\/wp-content\/uploads\/2020\/11\/online-coding-course-01-wip-home.jpg","thumbnail-image-url":"https:\/\/websitedemos.net\/wp-content\/uploads\/2020\/11\/online-coding-course-01-wip-home-600x800.jpg","astra-page-api-url":"https:\/\/websitedemos.net\/online-coding-course-01\/wp-json\/wp\/v2\/pages\/512","dynamic-page":"no","astra-page-url":"\/\/websitedemos.net\/online-coding-course-01\/","astra-sites-tag":{"423":"home"},"site-pages-type":"free","site-pages-page-builder":"beaver-builder","site-pages-category":[],"site-pages-parent-category":{"60":"business","61":"free"},"required-plugins":[{"slug":"beaver-builder-lite-version","init":"beaver-builder-lite-version\/fl-builder.php","name":"Beaver Builder Plugin (Lite Version)"},{"slug":"ultimate-addons-for-beaver-builder-lite","init":"ultimate-addons-for-beaver-builder-lite\/bb-ultimate-addon.php","name":"Ultimate Addons for Beaver Builder - Lite"}]}}},"id-48026":{"title":"Online Course","featured-image-url":"https:\/\/websitedemos.net\/wp-content\/uploads\/2020\/10\/online-courses-08.jpg","thumbnail-image-url":"https:\/\/websitedemos.net\/wp-content\/uploads\/2020\/10\/online-courses-08-600x800.jpg","fullpage-thumbnail-image-url":"https:\/\/websitedemos.net\/wp-content\/uploads\/2020\/10\/online-courses-08-400x1449.jpg","astra-site-url":"\/\/websitedemos.net\/online-courses-08","astra-site-parent-id":1694,"astra-sites-tag":{"462":"courses","468":"elearning","467":"learndash","460":"learning","466":"online-courses","975":"online-learning"},"astra-sites-type":"free","astra-site-page-builder":"gutenberg","astra-site-category":{"27":"business","39":"free"},"required-plugins":[{"slug":"sfwd-lms","init":"sfwd-lms\/sfwd_lms.php","name":"LearnDash LMS"},{"slug":"learndash-course-grid","init":"learndash-course-grid\/learndash_course_grid.php","name":"LearnDash LMS - Course Grid"},{"slug":"wpforms-lite","init":"wpforms-lite\/wpforms.php","name":"WPForms Lite"}],"pages":{"id-48030":{"title":"Home","featured-image-url":"https:\/\/websitedemos.net\/wp-content\/uploads\/2020\/10\/online-courses-08.jpg","thumbnail-image-url":"https:\/\/websitedemos.net\/wp-content\/uploads\/2020\/10\/online-courses-08-600x800.jpg","astra-page-api-url":"https:\/\/websitedemos.net\/online-courses-08\/wp-json\/wp\/v2\/pages\/10","dynamic-page":"no","astra-page-url":"\/\/websitedemos.net\/online-courses-08\/","astra-sites-tag":{"423":"home"},"site-pages-type":"free","site-pages-page-builder":"gutenberg","site-pages-category":[],"site-pages-parent-category":{"60":"business","61":"free"},"required-plugins":[{"slug":"gutenberg","init":"gutenberg\/gutenberg.php","name":"Gutenberg"}]},"id-48028":{"title":"All Courses","featured-image-url":"https:\/\/websitedemos.net\/wp-content\/uploads\/2020\/10\/online-courses-08-all-courses.jpg","thumbnail-image-url":"https:\/\/websitedemos.net\/wp-content\/uploads\/2020\/10\/online-courses-08-all-courses-600x800.jpg","astra-page-api-url":"https:\/\/websitedemos.net\/online-courses-08\/wp-json\/wp\/v2\/pages\/14","dynamic-page":"yes","astra-page-url":"\/\/websitedemos.net\/online-courses-08\/all-courses\/","astra-sites-tag":{"462":"courses"},"site-pages-type":"free","site-pages-page-builder":"gutenberg","site-pages-category":[],"site-pages-parent-category":{"60":"business","61":"free"},"required-plugins":[{"slug":"gutenberg","init":"gutenberg\/gutenberg.php","name":"Gutenberg"}]},"id-48027":{"title":"About Us","featured-image-url":"https:\/\/websitedemos.net\/wp-content\/uploads\/2020\/10\/online-courses-08-about-us.jpg","thumbnail-image-url":"https:\/\/websitedemos.net\/wp-content\/uploads\/2020\/10\/online-courses-08-about-us-600x800.jpg","astra-page-api-url":"https:\/\/websitedemos.net\/online-courses-08\/wp-json\/wp\/v2\/pages\/12","dynamic-page":"no","astra-page-url":"\/\/websitedemos.net\/online-courses-08\/about-us\/","astra-sites-tag":{"352":"about"},"site-pages-type":"free","site-pages-page-builder":"gutenberg","site-pages-category":[],"site-pages-parent-category":{"60":"business","61":"free"},"required-plugins":[{"slug":"gutenberg","init":"gutenberg\/gutenberg.php","name":"Gutenberg"}]},"id-48031":{"title":"Instructors","featured-image-url":"https:\/\/websitedemos.net\/wp-content\/uploads\/2020\/10\/online-courses-08-instructors.jpg","thumbnail-image-url":"https:\/\/websitedemos.net\/wp-content\/uploads\/2020\/10\/online-courses-08-instructors-600x800.jpg","astra-page-api-url":"https:\/\/websitedemos.net\/online-courses-08\/wp-json\/wp\/v2\/pages\/18","dynamic-page":"no","astra-page-url":"\/\/websitedemos.net\/online-courses-08\/instructors\/","astra-sites-tag":{"1677":"instructors"},"site-pages-type":"free","site-pages-page-builder":"gutenberg","site-pages-category":[],"site-pages-parent-category":{"60":"business","61":"free"},"required-plugins":[{"slug":"gutenberg","init":"gutenberg\/gutenberg.php","name":"Gutenberg"}]},"id-48032":{"title":"Pricing &#038; FAQ","featured-image-url":"https:\/\/websitedemos.net\/wp-content\/uploads\/2020\/10\/online-courses-08-pricing-faq.jpg","thumbnail-image-url":"https:\/\/websitedemos.net\/wp-content\/uploads\/2020\/10\/online-courses-08-pricing-faq-600x800.jpg","astra-page-api-url":"https:\/\/websitedemos.net\/online-courses-08\/wp-json\/wp\/v2\/pages\/20","dynamic-page":"no","astra-page-url":"\/\/websitedemos.net\/online-courses-08\/pricing-faq\/","astra-sites-tag":{"585":"pricing"},"site-pages-type":"free","site-pages-page-builder":"gutenberg","site-pages-category":[],"site-pages-parent-category":{"60":"business","61":"free"},"required-plugins":[{"slug":"gutenberg","init":"gutenberg\/gutenberg.php","name":"Gutenberg"}]},"id-48029":{"title":"Contact","featured-image-url":"https:\/\/websitedemos.net\/wp-content\/uploads\/2020\/10\/online-courses-08-contact.jpg","thumbnail-image-url":"https:\/\/websitedemos.net\/wp-content\/uploads\/2020\/10\/online-courses-08-contact-600x800.jpg","astra-page-api-url":"https:\/\/websitedemos.net\/online-courses-08\/wp-json\/wp\/v2\/pages\/16","dynamic-page":"no","astra-page-url":"\/\/websitedemos.net\/online-courses-08\/contact\/","astra-sites-tag":{"415":"contact"},"site-pages-type":"free","site-pages-page-builder":"gutenberg","site-pages-category":[],"site-pages-parent-category":{"60":"business","61":"free"},"required-plugins":[{"slug":"wpforms-lite","init":"wpforms-lite\/wpforms.php","name":"WPForms Lite"}]}}},"id-21574":{"title":"Life Coach","featured-image-url":"https:\/\/websitedemos.net\/wp-content\/uploads\/2019\/04\/life-coach-sara-john-1.jpg","thumbnail-image-url":"https:\/\/websitedemos.net\/wp-content\/uploads\/2019\/04\/life-coach-sara-john-1-600x800.jpg","fullpage-thumbnail-image-url":"https:\/\/websitedemos.net\/wp-content\/uploads\/2019\/04\/life-coach-sara-john-1-400x1002.jpg","astra-site-url":"\/\/websitedemos.net\/life-coach-sara-john","astra-site-parent-id":91,"astra-sites-tag":{"610":"coaching","608":"guidance","612":"life-coach","609":"motivator","611":"self-improvement"},"astra-sites-type":"free","astra-site-page-builder":"elementor","astra-site-category":{"27":"business","39":"free"},"required-plugins":[{"slug":"elementor","init":"elementor\/elementor.php","name":"Elementor"},{"slug":"woocommerce","init":"woocommerce\/woocommerce.php","name":"WooCommerce"},{"slug":"wpforms-lite","init":"wpforms-lite\/wpforms.php","name":"WPForms Lite"}],"pages":{"id-22854":{"title":"Home","featured-image-url":"https:\/\/websitedemos.net\/wp-content\/uploads\/2019\/04\/life-coach-sara-john-1.jpg","thumbnail-image-url":"https:\/\/websitedemos.net\/wp-content\/uploads\/2019\/04\/life-coach-sara-john-1-600x800.jpg","astra-page-api-url":"https:\/\/websitedemos.net\/life-coach-sara-john\/wp-json\/wp\/v2\/pages\/340","dynamic-page":"no","astra-page-url":"\/\/websitedemos.net\/life-coach-sara-john\/","astra-sites-tag":{"423":"home"},"site-pages-type":"free","site-pages-page-builder":"elementor","site-pages-category":[],"site-pages-parent-category":{"60":"business","61":"free"},"required-plugins":[{"slug":"elementor","init":"elementor\/elementor.php","name":"Elementor"}]},"id-22850":{"title":"About","featured-image-url":"https:\/\/websitedemos.net\/wp-content\/uploads\/2019\/07\/life-coach-sara-john-about-1.jpg","thumbnail-image-url":"https:\/\/websitedemos.net\/wp-content\/uploads\/2019\/07\/life-coach-sara-john-about-1-600x800.jpg","astra-page-api-url":"https:\/\/websitedemos.net\/life-coach-sara-john\/wp-json\/wp\/v2\/pages\/621","dynamic-page":"no","astra-page-url":"\/\/websitedemos.net\/life-coach-sara-john\/about\/","astra-sites-tag":{"352":"about","455":"about-us"},"site-pages-type":"free","site-pages-page-builder":"elementor","site-pages-category":[],"site-pages-parent-category":{"60":"business","61":"free"},"required-plugins":[{"slug":"elementor","init":"elementor\/elementor.php","name":"Elementor"}]},"id-22855":{"title":"Work With Me","featured-image-url":"https:\/\/websitedemos.net\/wp-content\/uploads\/2019\/07\/life-coach-sara-john-work-with-me-1.jpg","thumbnail-image-url":"https:\/\/websitedemos.net\/wp-content\/uploads\/2019\/07\/life-coach-sara-john-work-with-me-1-600x800.jpg","astra-page-api-url":"https:\/\/websitedemos.net\/life-coach-sara-john\/wp-json\/wp\/v2\/pages\/622","dynamic-page":"yes","astra-page-url":"\/\/websitedemos.net\/life-coach-sara-john\/work-with-me\/","astra-sites-tag":{"415":"contact","454":"contact-us"},"site-pages-type":"free","site-pages-page-builder":"elementor","site-pages-category":[],"site-pages-parent-category":{"60":"business","61":"free"},"required-plugins":[{"slug":"elementor","init":"elementor\/elementor.php","name":"Elementor"},{"slug":"wpforms-lite","init":"wpforms-lite\/wpforms.php","name":"WPForms Lite"}]},"id-22852":{"title":"Books","featured-image-url":"https:\/\/websitedemos.net\/wp-content\/uploads\/2019\/07\/life-coach-sara-john-books-1.jpg","thumbnail-image-url":"https:\/\/websitedemos.net\/wp-content\/uploads\/2019\/07\/life-coach-sara-john-books-1-600x800.jpg","astra-page-api-url":"https:\/\/websitedemos.net\/life-coach-sara-john\/wp-json\/wp\/v2\/pages\/342","dynamic-page":"no","astra-page-url":"\/\/websitedemos.net\/life-coach-sara-john\/books\/","astra-sites-tag":{"727":"book"},"site-pages-type":"free","site-pages-page-builder":"elementor","site-pages-category":[],"site-pages-parent-category":{"60":"business","61":"free"},"required-plugins":[{"slug":"elementor","init":"elementor\/elementor.php","name":"Elementor"}]},"id-22853":{"title":"Contact","featured-image-url":"https:\/\/websitedemos.net\/wp-content\/uploads\/2019\/07\/life-coach-sara-john-contact-1.jpg","thumbnail-image-url":"https:\/\/websitedemos.net\/wp-content\/uploads\/2019\/07\/life-coach-sara-john-contact-1-600x800.jpg","astra-page-api-url":"https:\/\/websitedemos.net\/life-coach-sara-john\/wp-json\/wp\/v2\/pages\/9","dynamic-page":"no","astra-page-url":"\/\/websitedemos.net\/life-coach-sara-john\/contact\/","astra-sites-tag":{"415":"contact"},"site-pages-type":"free","site-pages-page-builder":"elementor","site-pages-category":[],"site-pages-parent-category":{"60":"business","61":"free"},"required-plugins":[{"slug":"elementor","init":"elementor\/elementor.php","name":"Elementor"},{"slug":"wpforms-lite","init":"wpforms-lite\/wpforms.php","name":"WPForms Lite"}]}}},"id-47529":{"title":"Roofing Services","featured-image-url":"https:\/\/websitedemos.net\/wp-content\/uploads\/2020\/09\/roofing-services-02.jpg","thumbnail-image-url":"https:\/\/websitedemos.net\/wp-content\/uploads\/2020\/09\/roofing-services-02-600x800.jpg","fullpage-thumbnail-image-url":"https:\/\/websitedemos.net\/wp-content\/uploads\/2020\/09\/roofing-services-02-400x1929.jpg","astra-site-url":"\/\/websitedemos.net\/roofing-services-02","astra-site-parent-id":1628,"astra-sites-tag":{"1630":"commercial-roofing","1629":"residential-roofing","1634":"roof-installation","1633":"roof-repair","1631":"roof-replacement","1632":"roofing-services"},"astra-sites-type":"free","astra-site-page-builder":"elementor","astra-site-category":{"27":"business","39":"free"},"required-plugins":[{"slug":"elementor","init":"elementor\/elementor.php","name":"Elementor"},{"slug":"wpforms-lite","init":"wpforms-lite\/wpforms.php","name":"WPForms Lite"}],"pages":{"id-47532":{"title":"Home","featured-image-url":"https:\/\/websitedemos.net\/wp-content\/uploads\/2020\/09\/roofing-services-02.jpg","thumbnail-image-url":"https:\/\/websitedemos.net\/wp-content\/uploads\/2020\/09\/roofing-services-02-600x800.jpg","astra-page-api-url":"https:\/\/websitedemos.net\/roofing-services-02\/wp-json\/wp\/v2\/pages\/7","dynamic-page":"no","astra-page-url":"\/\/websitedemos.net\/roofing-services-02\/","astra-sites-tag":{"423":"home"},"site-pages-type":"free","site-pages-page-builder":"elementor","site-pages-category":[],"site-pages-parent-category":{"60":"business","61":"free"},"required-plugins":[{"slug":"elementor","init":"elementor\/elementor.php","name":"Elementor"}]},"id-47530":{"title":"About Us","featured-image-url":"https:\/\/websitedemos.net\/wp-content\/uploads\/2020\/09\/roofing-services-02-about-us.jpg","thumbnail-image-url":"https:\/\/websitedemos.net\/wp-content\/uploads\/2020\/09\/roofing-services-02-about-us-600x800.jpg","astra-page-api-url":"https:\/\/websitedemos.net\/roofing-services-02\/wp-json\/wp\/v2\/pages\/119","dynamic-page":"no","astra-page-url":"\/\/websitedemos.net\/roofing-services-02\/about-us\/","astra-sites-tag":{"352":"about"},"site-pages-type":"free","site-pages-page-builder":"elementor","site-pages-category":[],"site-pages-parent-category":{"60":"business","61":"free"},"required-plugins":[{"slug":"elementor","init":"elementor\/elementor.php","name":"Elementor"}]},"id-47534":{"title":"Services","featured-image-url":"https:\/\/websitedemos.net\/wp-content\/uploads\/2020\/09\/roofing-services-02-services-1.jpg","thumbnail-image-url":"https:\/\/websitedemos.net\/wp-content\/uploads\/2020\/09\/roofing-services-02-services-1-600x800.jpg","astra-page-api-url":"https:\/\/websitedemos.net\/roofing-services-02\/wp-json\/wp\/v2\/pages\/147","dynamic-page":"no","astra-page-url":"\/\/websitedemos.net\/roofing-services-02\/services\/","astra-sites-tag":{"425":"services"},"site-pages-type":"free","site-pages-page-builder":"elementor","site-pages-category":[],"site-pages-parent-category":{"60":"business","61":"free"},"required-plugins":[{"slug":"elementor","init":"elementor\/elementor.php","name":"Elementor"}]},"id-47533":{"title":"Projects","featured-image-url":"https:\/\/websitedemos.net\/wp-content\/uploads\/2020\/09\/oofing-services-02-projects.jpg","thumbnail-image-url":"https:\/\/websitedemos.net\/wp-content\/uploads\/2020\/09\/oofing-services-02-projects-600x800.jpg","astra-page-api-url":"https:\/\/websitedemos.net\/roofing-services-02\/wp-json\/wp\/v2\/pages\/162","dynamic-page":"no","astra-page-url":"\/\/websitedemos.net\/roofing-services-02\/projects\/","astra-sites-tag":{"1613":"projects"},"site-pages-type":"free","site-pages-page-builder":"elementor","site-pages-category":[],"site-pages-parent-category":{"60":"business","61":"free"},"required-plugins":[{"slug":"elementor","init":"elementor\/elementor.php","name":"Elementor"}]},"id-47531":{"title":"Contact Us","featured-image-url":"https:\/\/websitedemos.net\/wp-content\/uploads\/2020\/09\/roofing-services-02-contact-us.jpg","thumbnail-image-url":"https:\/\/websitedemos.net\/wp-content\/uploads\/2020\/09\/roofing-services-02-contact-us-600x800.jpg","astra-page-api-url":"https:\/\/websitedemos.net\/roofing-services-02\/wp-json\/wp\/v2\/pages\/169","dynamic-page":"no","astra-page-url":"\/\/websitedemos.net\/roofing-services-02\/contact-us\/","astra-sites-tag":{"415":"contact"},"site-pages-type":"free","site-pages-page-builder":"elementor","site-pages-category":[],"site-pages-parent-category":{"60":"business","61":"free"},"required-plugins":[{"slug":"elementor","init":"elementor\/elementor.php","name":"Elementor"},{"slug":"wpforms-lite","init":"wpforms-lite\/wpforms.php","name":"WPForms Lite"}]}}},"id-47896":{"title":"Online Programming Course","featured-image-url":"https:\/\/websitedemos.net\/wp-content\/uploads\/2020\/10\/online-coding-course-07-home.jpg","thumbnail-image-url":"https:\/\/websitedemos.net\/wp-content\/uploads\/2020\/10\/online-coding-course-07-home-600x800.jpg","fullpage-thumbnail-image-url":"https:\/\/websitedemos.net\/wp-content\/uploads\/2020\/10\/online-coding-course-07-home-400x1470.jpg","astra-site-url":"\/\/websitedemos.net\/online-coding-course-08","astra-site-parent-id":1681,"astra-sites-tag":{"462":"courses","469":"ecourse","468":"elearning","467":"learndash","466":"online-courses","975":"online-learning","1673":"programming-course"},"astra-sites-type":"free","astra-site-page-builder":"gutenberg","astra-site-category":{"27":"business","39":"free"},"required-plugins":[{"slug":"sfwd-lms","init":"sfwd-lms\/sfwd_lms.php","name":"LearnDash LMS"},{"slug":"learndash-course-grid","init":"learndash-course-grid\/learndash_course_grid.php","name":"LearnDash LMS - Course Grid"},{"slug":"wpforms-lite","init":"wpforms-lite\/wpforms.php","name":"WPForms Lite"}],"pages":{"id-47900":{"title":"Home","featured-image-url":"https:\/\/websitedemos.net\/wp-content\/uploads\/2020\/10\/online-coding-course-07-home.jpg","thumbnail-image-url":"https:\/\/websitedemos.net\/wp-content\/uploads\/2020\/10\/online-coding-course-07-home-600x800.jpg","astra-page-api-url":"https:\/\/websitedemos.net\/online-coding-course-08\/wp-json\/wp\/v2\/pages\/523","dynamic-page":"no","astra-page-url":"\/\/websitedemos.net\/online-coding-course-08\/","astra-sites-tag":{"423":"home"},"site-pages-type":"free","site-pages-page-builder":"gutenberg","site-pages-category":[],"site-pages-parent-category":{"60":"business","61":"free"},"required-plugins":[{"slug":"gutenberg","init":"gutenberg\/gutenberg.php","name":"Gutenberg"}]},"id-47898":{"title":"All Courses","featured-image-url":"https:\/\/websitedemos.net\/wp-content\/uploads\/2020\/10\/online-coding-course-07-all-courses.jpg","thumbnail-image-url":"https:\/\/websitedemos.net\/wp-content\/uploads\/2020\/10\/online-coding-course-07-all-courses-600x800.jpg","astra-page-api-url":"https:\/\/websitedemos.net\/online-coding-course-08\/wp-json\/wp\/v2\/pages\/519","dynamic-page":"yes","astra-page-url":"\/\/websitedemos.net\/online-coding-course-08\/all-courses\/","astra-sites-tag":{"462":"courses"},"site-pages-type":"free","site-pages-page-builder":"gutenberg","site-pages-category":[],"site-pages-parent-category":{"60":"business","61":"free"},"required-plugins":[{"slug":"gutenberg","init":"gutenberg\/gutenberg.php","name":"Gutenberg"}]},"id-47897":{"title":"About","featured-image-url":"https:\/\/websitedemos.net\/wp-content\/uploads\/2020\/10\/online-coding-course-07-about.jpg","thumbnail-image-url":"https:\/\/websitedemos.net\/wp-content\/uploads\/2020\/10\/online-coding-course-07-about-600x800.jpg","astra-page-api-url":"https:\/\/websitedemos.net\/online-coding-course-08\/wp-json\/wp\/v2\/pages\/517","dynamic-page":"no","astra-page-url":"\/\/websitedemos.net\/online-coding-course-08\/about\/","astra-sites-tag":{"352":"about"},"site-pages-type":"free","site-pages-page-builder":"gutenberg","site-pages-category":[],"site-pages-parent-category":{"60":"business","61":"free"},"required-plugins":[{"slug":"gutenberg","init":"gutenberg\/gutenberg.php","name":"Gutenberg"}]},"id-47899":{"title":"Contact","featured-image-url":"https:\/\/websitedemos.net\/wp-content\/uploads\/2020\/10\/online-coding-course-07-contact.jpg","thumbnail-image-url":"https:\/\/websitedemos.net\/wp-content\/uploads\/2020\/10\/online-coding-course-07-contact-600x800.jpg","astra-page-api-url":"https:\/\/websitedemos.net\/online-coding-course-08\/wp-json\/wp\/v2\/pages\/521","dynamic-page":"no","astra-page-url":"\/\/websitedemos.net\/online-coding-course-08\/contact\/","astra-sites-tag":{"415":"contact"},"site-pages-type":"free","site-pages-page-builder":"gutenberg","site-pages-category":[],"site-pages-parent-category":{"60":"business","61":"free"},"required-plugins":[{"slug":"gutenberg","init":"gutenberg\/gutenberg.php","name":"Gutenberg"}]}}},"id-47585":{"title":"Freelance Copywriter","featured-image-url":"https:\/\/websitedemos.net\/wp-content\/uploads\/2020\/09\/freelance-copywriter-02-homepage.jpg","thumbnail-image-url":"https:\/\/websitedemos.net\/wp-content\/uploads\/2020\/09\/freelance-copywriter-02-homepage-600x800.jpg","fullpage-thumbnail-image-url":"https:\/\/websitedemos.net\/wp-content\/uploads\/2020\/09\/freelance-copywriter-02-homepage-400x1461.jpg","astra-site-url":"\/\/websitedemos.net\/freelance-copywriter-02","astra-site-parent-id":1647,"astra-sites-tag":{"1652":"blogger","1654":"content-creator","1649":"content-writer","1650":"copywriter","1648":"freelance-copywriter","669":"freelancer","1651":"marketer","1653":"web-content-creator"},"astra-sites-type":"free","astra-site-page-builder":"elementor","astra-site-category":{"27":"business","39":"free"},"required-plugins":[{"slug":"elementor","init":"elementor\/elementor.php","name":"Elementor"},{"slug":"header-footer-elementor","init":"header-footer-elementor\/header-footer-elementor.php","name":"Elementor - Header, Footer & Blocks"},{"slug":"wpforms-lite","init":"wpforms-lite\/wpforms.php","name":"WPForms Lite"}],"pages":{"id-47587":{"title":"Home","featured-image-url":"https:\/\/websitedemos.net\/wp-content\/uploads\/2020\/09\/freelance-copywriter-02-homepage.jpg","thumbnail-image-url":"https:\/\/websitedemos.net\/wp-content\/uploads\/2020\/09\/freelance-copywriter-02-homepage-600x800.jpg","astra-page-api-url":"https:\/\/websitedemos.net\/freelance-copywriter-02\/wp-json\/wp\/v2\/pages\/6","dynamic-page":"no","astra-page-url":"\/\/websitedemos.net\/freelance-copywriter-02\/","astra-sites-tag":{"423":"home"},"site-pages-type":"free","site-pages-page-builder":"elementor","site-pages-category":[],"site-pages-parent-category":{"60":"business","61":"free"},"required-plugins":[{"slug":"elementor","init":"elementor\/elementor.php","name":"Elementor"}]},"id-47589":{"title":"Work","featured-image-url":"https:\/\/websitedemos.net\/wp-content\/uploads\/2020\/09\/freelance-copywriter-02-work.jpg","thumbnail-image-url":"https:\/\/websitedemos.net\/wp-content\/uploads\/2020\/09\/freelance-copywriter-02-work-600x800.jpg","astra-page-api-url":"https:\/\/websitedemos.net\/freelance-copywriter-02\/wp-json\/wp\/v2\/pages\/99","dynamic-page":"no","astra-page-url":"\/\/websitedemos.net\/freelance-copywriter-02\/work\/","astra-sites-tag":{"444":"portfolio","425":"services","451":"work"},"site-pages-type":"free","site-pages-page-builder":"elementor","site-pages-category":[],"site-pages-parent-category":{"60":"business","61":"free"},"required-plugins":[{"slug":"elementor","init":"elementor\/elementor.php","name":"Elementor"}]},"id-47588":{"title":"Testimonials","featured-image-url":"https:\/\/websitedemos.net\/wp-content\/uploads\/2020\/09\/freelance-copywriter-02-testimonials.jpg","thumbnail-image-url":"https:\/\/websitedemos.net\/wp-content\/uploads\/2020\/09\/freelance-copywriter-02-testimonials-600x800.jpg","astra-page-api-url":"https:\/\/websitedemos.net\/freelance-copywriter-02\/wp-json\/wp\/v2\/pages\/135","dynamic-page":"no","astra-page-url":"\/\/websitedemos.net\/freelance-copywriter-02\/testimonials\/","astra-sites-tag":{"1615":"reviews","433":"testimonials"},"site-pages-type":"free","site-pages-page-builder":"elementor","site-pages-category":[],"site-pages-parent-category":{"60":"business","61":"free"},"required-plugins":[{"slug":"elementor","init":"elementor\/elementor.php","name":"Elementor"}]},"id-47586":{"title":"Contact","featured-image-url":"https:\/\/websitedemos.net\/wp-content\/uploads\/2020\/09\/freelance-copywriter-02-contact.jpg","thumbnail-image-url":"https:\/\/websitedemos.net\/wp-content\/uploads\/2020\/09\/freelance-copywriter-02-contact-600x800.jpg","astra-page-api-url":"https:\/\/websitedemos.net\/freelance-copywriter-02\/wp-json\/wp\/v2\/pages\/158","dynamic-page":"no","astra-page-url":"\/\/websitedemos.net\/freelance-copywriter-02\/contact\/","astra-sites-tag":{"415":"contact"},"site-pages-type":"free","site-pages-page-builder":"elementor","site-pages-category":[],"site-pages-parent-category":{"60":"business","61":"free"},"required-plugins":[{"slug":"elementor","init":"elementor\/elementor.php","name":"Elementor"},{"slug":"wpforms-lite","init":"wpforms-lite\/wpforms.php","name":"WPForms Lite"}]}}},"id-48149":{"title":"Life Coach","featured-image-url":"https:\/\/websitedemos.net\/wp-content\/uploads\/2020\/10\/life-coach-sara-john-08-home-1.jpg","thumbnail-image-url":"https:\/\/websitedemos.net\/wp-content\/uploads\/2020\/10\/life-coach-sara-john-08-home-1-600x800.jpg","fullpage-thumbnail-image-url":"https:\/\/websitedemos.net\/wp-content\/uploads\/2020\/10\/life-coach-sara-john-08-home-1-400x856.jpg","astra-site-url":"\/\/websitedemos.net\/life-coach-sara-john-08","astra-site-parent-id":1704,"astra-sites-tag":{"610":"coaching","608":"guidance","612":"life-coach","609":"motivator","611":"self-improvement"},"astra-sites-type":"free","astra-site-page-builder":"gutenberg","astra-site-category":{"38":"ecommerce","39":"free"},"required-plugins":[{"slug":"woocommerce","init":"woocommerce\/woocommerce.php","name":"WooCommerce"},{"slug":"woo-cart-abandonment-recovery","init":"woo-cart-abandonment-recovery\/woo-cart-abandonment-recovery.php","name":"WooCommerce Cart Abandonment Recovery"},{"slug":"wpforms-lite","init":"wpforms-lite\/wpforms.php","name":"WPForms Lite"}],"pages":{"id-48171":{"title":"About","featured-image-url":"https:\/\/websitedemos.net\/wp-content\/uploads\/2020\/10\/life-coach-sara-john-08-about-3.jpg","thumbnail-image-url":"https:\/\/websitedemos.net\/wp-content\/uploads\/2020\/10\/life-coach-sara-john-08-about-3-600x800.jpg","astra-page-api-url":"https:\/\/websitedemos.net\/life-coach-sara-john-08\/wp-json\/wp\/v2\/pages\/1368","dynamic-page":"no","astra-page-url":"\/\/websitedemos.net\/life-coach-sara-john-08\/about\/","astra-sites-tag":{"352":"about"},"site-pages-type":"free","site-pages-page-builder":"gutenberg","site-pages-category":[],"site-pages-parent-category":{"64":"ecommerce","61":"free"},"required-plugins":""},"id-48172":{"title":"Books","featured-image-url":"https:\/\/websitedemos.net\/wp-content\/uploads\/2020\/10\/life-coach-sara-john-08-books-1.jpg","thumbnail-image-url":"https:\/\/websitedemos.net\/wp-content\/uploads\/2020\/10\/life-coach-sara-john-08-books-1-600x800.jpg","astra-page-api-url":"https:\/\/websitedemos.net\/life-coach-sara-john-08\/wp-json\/wp\/v2\/pages\/1370","dynamic-page":"no","astra-page-url":"\/\/websitedemos.net\/life-coach-sara-john-08\/books\/","astra-sites-tag":{"727":"book"},"site-pages-type":"free","site-pages-page-builder":"gutenberg","site-pages-category":[],"site-pages-parent-category":{"64":"ecommerce","61":"free"},"required-plugins":""},"id-48173":{"title":"Contact","featured-image-url":"https:\/\/websitedemos.net\/wp-content\/uploads\/2020\/10\/life-coach-sara-john-08-contact-1.jpg","thumbnail-image-url":"https:\/\/websitedemos.net\/wp-content\/uploads\/2020\/10\/life-coach-sara-john-08-contact-1.jpg","astra-page-api-url":"https:\/\/websitedemos.net\/life-coach-sara-john-08\/wp-json\/wp\/v2\/pages\/1372","dynamic-page":"no","astra-page-url":"\/\/websitedemos.net\/life-coach-sara-john-08\/contact\/","astra-sites-tag":{"415":"contact"},"site-pages-type":"free","site-pages-page-builder":"gutenberg","site-pages-category":[],"site-pages-parent-category":{"64":"ecommerce","61":"free"},"required-plugins":""},"id-48174":{"title":"Home","featured-image-url":"https:\/\/websitedemos.net\/wp-content\/uploads\/2020\/10\/life-coach-sara-john-08-home-1.jpg","thumbnail-image-url":"https:\/\/websitedemos.net\/wp-content\/uploads\/2020\/10\/life-coach-sara-john-08-home-1-600x800.jpg","astra-page-api-url":"https:\/\/websitedemos.net\/life-coach-sara-john-08\/wp-json\/wp\/v2\/pages\/1376","dynamic-page":"no","astra-page-url":"\/\/websitedemos.net\/life-coach-sara-john-08\/","astra-sites-tag":{"423":"home"},"site-pages-type":"free","site-pages-page-builder":"gutenberg","site-pages-category":[],"site-pages-parent-category":{"64":"ecommerce","61":"free"},"required-plugins":""},"id-48175":{"title":"Work With Me","featured-image-url":"https:\/\/websitedemos.net\/wp-content\/uploads\/2020\/10\/life-coach-sara-john-08-pricing-1.jpg","thumbnail-image-url":"https:\/\/websitedemos.net\/wp-content\/uploads\/2020\/10\/life-coach-sara-john-08-pricing-1-600x800.jpg","astra-page-api-url":"https:\/\/websitedemos.net\/life-coach-sara-john-08\/wp-json\/wp\/v2\/pages\/1374","dynamic-page":"yes","astra-page-url":"\/\/websitedemos.net\/life-coach-sara-john-08\/work-with-me\/","astra-sites-tag":{"784":"work-with-me"},"site-pages-type":"free","site-pages-page-builder":"gutenberg","site-pages-category":[],"site-pages-parent-category":{"64":"ecommerce","61":"free"},"required-plugins":""}}},"id-48648":{"title":"Roofing Services","featured-image-url":"https:\/\/websitedemos.net\/wp-content\/uploads\/2020\/10\/roofing-services-08-home.jpg","thumbnail-image-url":"https:\/\/websitedemos.net\/wp-content\/uploads\/2020\/10\/roofing-services-08-home-600x800.jpg","fullpage-thumbnail-image-url":"https:\/\/websitedemos.net\/wp-content\/uploads\/2020\/10\/roofing-services-08-home-400x1637.jpg","astra-site-url":"\/\/websitedemos.net\/roofing-services-08","astra-site-parent-id":1754,"astra-sites-tag":{"1630":"commercial-roofing","1629":"residential-roofing","1633":"roof-repair","1631":"roof-replacement","1632":"roofing-services"},"astra-sites-type":"free","astra-site-page-builder":"gutenberg","astra-site-category":{"27":"business","39":"free"},"required-plugins":[{"slug":"wpforms-lite","init":"wpforms-lite\/wpforms.php","name":"WPForms Lite"}],"pages":{"id-48651":{"title":"Home","featured-image-url":"https:\/\/websitedemos.net\/wp-content\/uploads\/2020\/10\/roofing-services-08-home.jpg","thumbnail-image-url":"https:\/\/websitedemos.net\/wp-content\/uploads\/2020\/10\/roofing-services-08-home-600x800.jpg","astra-page-api-url":"https:\/\/websitedemos.net\/roofing-services-08\/wp-json\/wp\/v2\/pages\/296","dynamic-page":"no","astra-page-url":"\/\/websitedemos.net\/roofing-services-08\/","astra-sites-tag":{"423":"home"},"site-pages-type":"free","site-pages-page-builder":"gutenberg","site-pages-category":[],"site-pages-parent-category":{"60":"business","61":"free"},"required-plugins":[{"slug":"wpforms-lite","init":"wpforms-lite\/wpforms.php","name":"WPForms Lite"}]},"id-48649":{"title":"About Us","featured-image-url":"https:\/\/websitedemos.net\/wp-content\/uploads\/2020\/10\/roofing-services-08-about.jpg","thumbnail-image-url":"https:\/\/websitedemos.net\/wp-content\/uploads\/2020\/10\/roofing-services-08-about-600x800.jpg","astra-page-api-url":"https:\/\/websitedemos.net\/roofing-services-08\/wp-json\/wp\/v2\/pages\/297","dynamic-page":"no","astra-page-url":"\/\/websitedemos.net\/roofing-services-08\/about-us\/","astra-sites-tag":{"352":"about","455":"about-us"},"site-pages-type":"free","site-pages-page-builder":"gutenberg","site-pages-category":[],"site-pages-parent-category":{"60":"business","61":"free"},"required-plugins":[{"slug":"gutenberg","init":"gutenberg\/gutenberg.php","name":"Gutenberg"}]},"id-48653":{"title":"Services","featured-image-url":"https:\/\/websitedemos.net\/wp-content\/uploads\/2020\/10\/roofing-services-08-services.jpg","thumbnail-image-url":"https:\/\/websitedemos.net\/wp-content\/uploads\/2020\/10\/roofing-services-08-services-600x800.jpg","astra-page-api-url":"https:\/\/websitedemos.net\/roofing-services-08\/wp-json\/wp\/v2\/pages\/298","dynamic-page":"no","astra-page-url":"\/\/websitedemos.net\/roofing-services-08\/services\/","astra-sites-tag":{"425":"services"},"site-pages-type":"free","site-pages-page-builder":"gutenberg","site-pages-category":[],"site-pages-parent-category":{"60":"business","61":"free"},"required-plugins":[{"slug":"gutenberg","init":"gutenberg\/gutenberg.php","name":"Gutenberg"}]},"id-48652":{"title":"Projects","featured-image-url":"https:\/\/websitedemos.net\/wp-content\/uploads\/2020\/10\/roofing-services-08-projects.jpg","thumbnail-image-url":"https:\/\/websitedemos.net\/wp-content\/uploads\/2020\/10\/roofing-services-08-projects-600x800.jpg","astra-page-api-url":"https:\/\/websitedemos.net\/roofing-services-08\/wp-json\/wp\/v2\/pages\/299","dynamic-page":"no","astra-page-url":"\/\/websitedemos.net\/roofing-services-08\/projects\/","astra-sites-tag":{"444":"portfolio","1613":"projects","451":"work"},"site-pages-type":"free","site-pages-page-builder":"gutenberg","site-pages-category":[],"site-pages-parent-category":{"60":"business","61":"free"},"required-plugins":[{"slug":"gutenberg","init":"gutenberg\/gutenberg.php","name":"Gutenberg"}]},"id-48650":{"title":"Contact Us","featured-image-url":"https:\/\/websitedemos.net\/wp-content\/uploads\/2020\/10\/roofing-services-08-contact.jpg","thumbnail-image-url":"https:\/\/websitedemos.net\/wp-content\/uploads\/2020\/10\/roofing-services-08-contact-600x800.jpg","astra-page-api-url":"https:\/\/websitedemos.net\/roofing-services-08\/wp-json\/wp\/v2\/pages\/300","dynamic-page":"no","astra-page-url":"\/\/websitedemos.net\/roofing-services-08\/contact-us\/","astra-sites-tag":{"415":"contact","377":"get-in-touch"},"site-pages-type":"free","site-pages-page-builder":"gutenberg","site-pages-category":[],"site-pages-parent-category":{"60":"business","61":"free"},"required-plugins":[{"slug":"wpforms-lite","init":"wpforms-lite\/wpforms.php","name":"WPForms Lite"}]}}},"id-51415":{"title":"Pharmaceutical Company","featured-image-url":"https:\/\/websitedemos.net\/wp-content\/uploads\/2021\/03\/pharmaceutical-02-home.jpg","thumbnail-image-url":"https:\/\/websitedemos.net\/wp-content\/uploads\/2021\/03\/pharmaceutical-02-home-600x800.jpg","fullpage-thumbnail-image-url":"https:\/\/websitedemos.net\/wp-content\/uploads\/2021\/03\/pharmaceutical-02-home-400x1631.jpg","astra-site-url":"\/\/websitedemos.net\/pharmaceutical-02","astra-site-parent-id":1884,"astra-sites-tag":{"1888":"pharma","1890":"pharma-company","1891":"pharmaceutical-company","1889":"pharmaceuticals"},"astra-sites-type":"free","astra-site-page-builder":"elementor","astra-site-category":{"27":"business","39":"free"},"required-plugins":[{"slug":"elementor","init":"elementor\/elementor.php","name":"Elementor"},{"slug":"header-footer-elementor","init":"header-footer-elementor\/header-footer-elementor.php","name":"Elementor - Header, Footer & Blocks"},{"slug":"wpforms-lite","init":"wpforms-lite\/wpforms.php","name":"WPForms Lite"}],"pages":{"id-51419":{"title":"Products","featured-image-url":"https:\/\/websitedemos.net\/wp-content\/uploads\/2021\/03\/pharmaceutical-02-products.jpg","thumbnail-image-url":"https:\/\/websitedemos.net\/wp-content\/uploads\/2021\/03\/pharmaceutical-02-products-600x800.jpg","astra-page-api-url":"https:\/\/websitedemos.net\/pharmaceutical-02\/wp-json\/wp\/v2\/pages\/458","dynamic-page":"no","astra-page-url":"\/\/websitedemos.net\/pharmaceutical-02\/products\/","astra-sites-tag":{"540":"products"},"site-pages-type":"free","site-pages-page-builder":"elementor","site-pages-category":[],"site-pages-parent-category":{"60":"business","61":"free"},"required-plugins":[{"slug":"elementor","init":"elementor\/elementor.php","name":"Elementor"}]},"id-51420":{"title":"Research &#038; Development","featured-image-url":"https:\/\/websitedemos.net\/wp-content\/uploads\/2021\/03\/pharmaceutical-02-research.jpg","thumbnail-image-url":"https:\/\/websitedemos.net\/wp-content\/uploads\/2021\/03\/pharmaceutical-02-research-600x800.jpg","astra-page-api-url":"https:\/\/websitedemos.net\/pharmaceutical-02\/wp-json\/wp\/v2\/pages\/611","dynamic-page":"no","astra-page-url":"\/\/websitedemos.net\/pharmaceutical-02\/research-and-development\/","astra-sites-tag":{"1887":"process","1886":"research"},"site-pages-type":"free","site-pages-page-builder":"elementor","site-pages-category":[],"site-pages-parent-category":{"60":"business","61":"free"},"required-plugins":[{"slug":"elementor","init":"elementor\/elementor.php","name":"Elementor"}]},"id-51417":{"title":"Contact","featured-image-url":"https:\/\/websitedemos.net\/wp-content\/uploads\/2021\/03\/pharmaceutical-02-contact.jpg","thumbnail-image-url":"https:\/\/websitedemos.net\/wp-content\/uploads\/2021\/03\/pharmaceutical-02-contact-600x800.jpg","astra-page-api-url":"https:\/\/websitedemos.net\/pharmaceutical-02\/wp-json\/wp\/v2\/pages\/771","dynamic-page":"no","astra-page-url":"\/\/websitedemos.net\/pharmaceutical-02\/contact\/","astra-sites-tag":{"415":"contact"},"site-pages-type":"free","site-pages-page-builder":"elementor","site-pages-category":[],"site-pages-parent-category":{"60":"business","61":"free"},"required-plugins":[{"slug":"elementor","init":"elementor\/elementor.php","name":"Elementor"},{"slug":"wpforms-lite","init":"wpforms-lite\/wpforms.php","name":"WPForms Lite"}]},"id-51418":{"title":"Home","featured-image-url":"https:\/\/websitedemos.net\/wp-content\/uploads\/2021\/03\/pharmaceutical-02-home.jpg","thumbnail-image-url":"https:\/\/websitedemos.net\/wp-content\/uploads\/2021\/03\/pharmaceutical-02-home-600x800.jpg","astra-page-api-url":"https:\/\/websitedemos.net\/pharmaceutical-02\/wp-json\/wp\/v2\/pages\/16","dynamic-page":"no","astra-page-url":"\/\/websitedemos.net\/pharmaceutical-02\/","astra-sites-tag":{"423":"home"},"site-pages-type":"free","site-pages-page-builder":"elementor","site-pages-category":[],"site-pages-parent-category":{"60":"business","61":"free"},"required-plugins":[{"slug":"elementor","init":"elementor\/elementor.php","name":"Elementor"}]},"id-51416":{"title":"Company","featured-image-url":"https:\/\/websitedemos.net\/wp-content\/uploads\/2021\/03\/pharmaceutical-02-company.jpg","thumbnail-image-url":"https:\/\/websitedemos.net\/wp-content\/uploads\/2021\/03\/pharmaceutical-02-company-600x800.jpg","astra-page-api-url":"https:\/\/websitedemos.net\/pharmaceutical-02\/wp-json\/wp\/v2\/pages\/357","dynamic-page":"no","astra-page-url":"\/\/websitedemos.net\/pharmaceutical-02\/company\/","astra-sites-tag":{"352":"about","979":"company"},"site-pages-type":"free","site-pages-page-builder":"elementor","site-pages-category":[],"site-pages-parent-category":{"60":"business","61":"free"},"required-plugins":[{"slug":"elementor","init":"elementor\/elementor.php","name":"Elementor"}]}}}}