{"id-21828":{"title":"Health Coach","featured-image-url":"https:\/\/websitedemos.net\/wp-content\/uploads\/2019\/05\/susan-burns-health-coach-home.jpg","thumbnail-image-url":"https:\/\/websitedemos.net\/wp-content\/uploads\/2019\/05\/susan-burns-health-coach-home-600x800.jpg","fullpage-thumbnail-image-url":"https:\/\/websitedemos.net\/wp-content\/uploads\/2019\/05\/susan-burns-health-coach-home-400x1770.jpg","astra-site-url":"\/\/websitedemos.net\/health-coach-04","astra-site-parent-id":88,"astra-sites-tag":{"480":"blog","516":"diet","521":"fitness-blog","336":"food","518":"health-coach","517":"healthy-eating","519":"healthy-living","520":"nutrition","1020":"personal"},"astra-sites-type":"agency-mini","astra-site-page-builder":"elementor","astra-site-category":{"37":"blog"},"required-plugins":[{"slug":"elementor","init":"elementor\/elementor.php","name":"Elementor"},{"slug":"ultimate-elementor","init":"ultimate-elementor\/ultimate-elementor.php","name":"Ultimate Addons for Elementor"},{"slug":"ultimate-addons-for-gutenberg","init":"ultimate-addons-for-gutenberg\/ultimate-addons-for-gutenberg.php","name":"Ultimate Addons for Gutenberg"},{"slug":"wpforms-lite","init":"wpforms-lite\/wpforms.php","name":"WPForms Lite"}],"pages":{"id-22740":{"title":"Home","featured-image-url":"https:\/\/websitedemos.net\/wp-content\/uploads\/2019\/05\/susan-burns-health-coach-home.jpg","thumbnail-image-url":"https:\/\/websitedemos.net\/wp-content\/uploads\/2019\/05\/susan-burns-health-coach-home-600x800.jpg","astra-page-api-url":"https:\/\/websitedemos.net\/health-coach-04\/wp-json\/wp\/v2\/pages\/12","dynamic-page":"no","astra-page-url":"\/\/websitedemos.net\/health-coach-04\/","astra-sites-tag":{"423":"home"},"site-pages-type":"agency-mini","site-pages-page-builder":"elementor","site-pages-category":[],"site-pages-parent-category":{"74":"blog"},"required-plugins":[{"slug":"elementor","init":"elementor\/elementor.php","name":"Elementor"},{"slug":"ultimate-elementor","init":"ultimate-elementor\/ultimate-elementor.php","name":"Ultimate Addons for Elementor"},{"slug":"wpforms-lite","init":"wpforms-lite\/wpforms.php","name":"WPForms Lite"}]},"id-22741":{"title":"My Story","featured-image-url":"https:\/\/websitedemos.net\/wp-content\/uploads\/2019\/07\/health-coach-mystory.jpg","thumbnail-image-url":"https:\/\/websitedemos.net\/wp-content\/uploads\/2019\/07\/health-coach-mystory-600x800.jpg","astra-page-api-url":"https:\/\/websitedemos.net\/health-coach-04\/wp-json\/wp\/v2\/pages\/4","dynamic-page":"no","astra-page-url":"\/\/websitedemos.net\/health-coach-04\/my-story\/","astra-sites-tag":{"352":"about","905":"our-story","767":"story"},"site-pages-type":"agency-mini","site-pages-page-builder":"elementor","site-pages-category":[],"site-pages-parent-category":{"74":"blog"},"required-plugins":[{"slug":"elementor","init":"elementor\/elementor.php","name":"Elementor"},{"slug":"ultimate-elementor","init":"ultimate-elementor\/ultimate-elementor.php","name":"Ultimate Addons for Elementor"}]},"id-22738":{"title":"Blog","featured-image-url":"https:\/\/websitedemos.net\/wp-content\/uploads\/2019\/07\/health-coach-04-blog-page.jpg","thumbnail-image-url":"https:\/\/websitedemos.net\/wp-content\/uploads\/2019\/07\/health-coach-04-blog-page-600x800.jpg","astra-page-api-url":"https:\/\/websitedemos.net\/health-coach-04\/wp-json\/wp\/v2\/pages\/152","dynamic-page":"no","astra-page-url":"\/\/websitedemos.net\/health-coach-04\/blog\/","astra-sites-tag":{"480":"blog"},"site-pages-type":"agency-mini","site-pages-page-builder":"gutenberg","site-pages-category":[],"site-pages-parent-category":{"74":"blog"},"required-plugins":[{"slug":"ultimate-addons-for-gutenberg","init":"ultimate-addons-for-gutenberg\/ultimate-addons-for-gutenberg.php","name":"Ultimate Addons for Gutenberg"},{"slug":"wpforms-lite","init":"wpforms-lite\/wpforms.php","name":"WPForms Lite"}]},"id-22739":{"title":"Get Started","featured-image-url":"https:\/\/websitedemos.net\/wp-content\/uploads\/2019\/07\/health-coach-susan-contact-page.jpg","thumbnail-image-url":"https:\/\/websitedemos.net\/wp-content\/uploads\/2019\/07\/health-coach-susan-contact-page-600x800.jpg","astra-page-api-url":"https:\/\/websitedemos.net\/health-coach-04\/wp-json\/wp\/v2\/pages\/5","dynamic-page":"no","astra-page-url":"\/\/websitedemos.net\/health-coach-04\/get-started\/","astra-sites-tag":{"415":"contact","766":"get-started"},"site-pages-type":"agency-mini","site-pages-page-builder":"elementor","site-pages-category":[],"site-pages-parent-category":{"74":"blog"},"required-plugins":[{"slug":"elementor","init":"elementor\/elementor.php","name":"Elementor"},{"slug":"ultimate-elementor","init":"ultimate-elementor\/ultimate-elementor.php","name":"Ultimate Addons for Elementor"}]}}},"id-44066":{"title":"Health Coach","featured-image-url":"https:\/\/websitedemos.net\/wp-content\/uploads\/2020\/03\/health-coach-03-home-1.jpg","thumbnail-image-url":"https:\/\/websitedemos.net\/wp-content\/uploads\/2020\/03\/health-coach-03-home-1-600x800.jpg","fullpage-thumbnail-image-url":"https:\/\/websitedemos.net\/wp-content\/uploads\/2020\/03\/health-coach-03-home-1-400x1544.jpg","astra-site-url":"\/\/websitedemos.net\/health-coach-03","astra-site-parent-id":1420,"astra-sites-tag":{"516":"diet","521":"fitness-blog","336":"food","518":"health-coach","517":"healthy-eating","519":"healthy-living","520":"nutrition"},"astra-sites-type":"agency-mini","astra-site-page-builder":"beaver-builder","astra-site-category":{"37":"blog"},"required-plugins":[{"slug":"beaver-builder-lite-version","init":"beaver-builder-lite-version\/fl-builder.php","name":"Beaver Builder Plugin (Lite Version)"},{"slug":"bb-ultimate-addon","init":"bb-ultimate-addon\/bb-ultimate-addon.php","name":"Ultimate Addons for Beaver Builder"},{"slug":"ultimate-addons-for-gutenberg","init":"ultimate-addons-for-gutenberg\/ultimate-addons-for-gutenberg.php","name":"Ultimate Addons for Gutenberg"},{"slug":"wpforms-lite","init":"wpforms-lite\/wpforms.php","name":"WPForms Lite"}],"pages":{"id-45544":{"title":"Home","featured-image-url":"https:\/\/websitedemos.net\/wp-content\/uploads\/2020\/03\/health-coach-03-home-1.jpg","thumbnail-image-url":"https:\/\/websitedemos.net\/wp-content\/uploads\/2020\/03\/health-coach-03-home-1-600x800.jpg","astra-page-api-url":"https:\/\/websitedemos.net\/health-coach-03\/wp-json\/wp\/v2\/pages\/12","dynamic-page":"no","astra-page-url":"\/\/websitedemos.net\/health-coach-03\/","astra-sites-tag":{"423":"home"},"site-pages-type":"agency-mini","site-pages-page-builder":"beaver-builder","site-pages-category":[],"site-pages-parent-category":{"74":"blog"},"required-plugins":[{"slug":"beaver-builder-lite-version","init":"beaver-builder-lite-version\/fl-builder.php","name":"Beaver Builder Plugin (Lite Version)"},{"slug":"bb-ultimate-addon","init":"bb-ultimate-addon\/bb-ultimate-addon.php","name":"Ultimate Addons for Beaver Builder"},{"slug":"wpforms-lite","init":"wpforms-lite\/wpforms.php","name":"WPForms Lite"}]},"id-45545":{"title":"My Story","featured-image-url":"https:\/\/websitedemos.net\/wp-content\/uploads\/2020\/03\/health-coach-03-about-1.jpg","thumbnail-image-url":"https:\/\/websitedemos.net\/wp-content\/uploads\/2020\/03\/health-coach-03-about-1-600x800.jpg","astra-page-api-url":"https:\/\/websitedemos.net\/health-coach-03\/wp-json\/wp\/v2\/pages\/465","dynamic-page":"no","astra-page-url":"\/\/websitedemos.net\/health-coach-03\/my-story\/","astra-sites-tag":{"352":"about"},"site-pages-type":"agency-mini","site-pages-page-builder":"beaver-builder","site-pages-category":[],"site-pages-parent-category":{"74":"blog"},"required-plugins":[{"slug":"beaver-builder-lite-version","init":"beaver-builder-lite-version\/fl-builder.php","name":"Beaver Builder Plugin (Lite Version)"},{"slug":"bb-ultimate-addon","init":"bb-ultimate-addon\/bb-ultimate-addon.php","name":"Ultimate Addons for Beaver Builder"}]},"id-45542":{"title":"Blog","featured-image-url":"https:\/\/websitedemos.net\/wp-content\/uploads\/2020\/03\/health-coach-03-blog-1.jpg","thumbnail-image-url":"https:\/\/websitedemos.net\/wp-content\/uploads\/2020\/03\/health-coach-03-blog-1-600x800.jpg","astra-page-api-url":"https:\/\/websitedemos.net\/health-coach-03\/wp-json\/wp\/v2\/pages\/327","dynamic-page":"no","astra-page-url":"\/\/websitedemos.net\/health-coach-03\/blog\/","astra-sites-tag":{"480":"blog"},"site-pages-type":"agency-mini","site-pages-page-builder":"gutenberg","site-pages-category":[],"site-pages-parent-category":{"74":"blog"},"required-plugins":[{"slug":"ultimate-addons-for-gutenberg","init":"ultimate-addons-for-gutenberg\/ultimate-addons-for-gutenberg.php","name":"Ultimate Addons for Gutenberg"},{"slug":"wpforms-lite","init":"wpforms-lite\/wpforms.php","name":"WPForms Lite"}]},"id-45543":{"title":"Get Started","featured-image-url":"https:\/\/websitedemos.net\/wp-content\/uploads\/2020\/03\/health-coach-03-contact.jpg","thumbnail-image-url":"https:\/\/websitedemos.net\/wp-content\/uploads\/2020\/03\/health-coach-03-contact-600x800.jpg","astra-page-api-url":"https:\/\/websitedemos.net\/health-coach-03\/wp-json\/wp\/v2\/pages\/410","dynamic-page":"no","astra-page-url":"\/\/websitedemos.net\/health-coach-03\/get-started\/","astra-sites-tag":{"766":"get-started","585":"pricing"},"site-pages-type":"agency-mini","site-pages-page-builder":"beaver-builder","site-pages-category":[],"site-pages-parent-category":{"74":"blog"},"required-plugins":[{"slug":"beaver-builder-lite-version","init":"beaver-builder-lite-version\/fl-builder.php","name":"Beaver Builder Plugin (Lite Version)"},{"slug":"bb-ultimate-addon","init":"bb-ultimate-addon\/bb-ultimate-addon.php","name":"Ultimate Addons for Beaver Builder"}]}}},"id-18191":{"title":"Plant Shop","featured-image-url":"https:\/\/websitedemos.net\/wp-content\/uploads\/2018\/01\/plant-shop-grow-home.jpg","thumbnail-image-url":"https:\/\/websitedemos.net\/wp-content\/uploads\/2018\/01\/plant-shop-grow-home-600x800.jpg","fullpage-thumbnail-image-url":"https:\/\/websitedemos.net\/wp-content\/uploads\/2018\/01\/plant-shop-grow-home-400x1578.jpg","astra-site-url":"\/\/websitedemos.net\/plant-shop-04","astra-site-parent-id":263,"astra-sites-tag":{"496":"ecommerce","383":"online-store","497":"plant-store","495":"plants","733":"shop","1024":"woocommerce"},"astra-sites-type":"agency-mini","astra-site-page-builder":"elementor","astra-site-category":{"27":"business","38":"ecommerce"},"required-plugins":[{"slug":"astra-addon","init":"astra-addon\/astra-addon.php","name":"Astra Pro"},{"slug":"elementor","init":"elementor\/elementor.php","name":"Elementor"},{"slug":"header-footer-elementor","init":"header-footer-elementor\/header-footer-elementor.php","name":"Elementor - Header, Footer & Blocks"},{"slug":"woocommerce","init":"woocommerce\/woocommerce.php","name":"WooCommerce"},{"slug":"woo-cart-abandonment-recovery","init":"woo-cart-abandonment-recovery\/woo-cart-abandonment-recovery.php","name":"WooCommerce Cart Abandonment Recovery"}],"pages":{"id-39975":{"title":"Home","featured-image-url":"https:\/\/websitedemos.net\/wp-content\/uploads\/2018\/01\/plant-shop-grow-home.jpg","thumbnail-image-url":"https:\/\/websitedemos.net\/wp-content\/uploads\/2018\/01\/plant-shop-grow-home-600x800.jpg","astra-page-api-url":"https:\/\/websitedemos.net\/plant-shop-04\/wp-json\/wp\/v2\/pages\/238","dynamic-page":"yes","astra-page-url":"\/\/websitedemos.net\/plant-shop-04\/","astra-sites-tag":{"423":"home","399":"one-page"},"site-pages-type":"agency-mini","site-pages-page-builder":"elementor","site-pages-category":[],"site-pages-parent-category":{"60":"business","64":"ecommerce"},"required-plugins":[{"slug":"elementor","init":"elementor\/elementor.php","name":"Elementor"}]}}},"id-18166":{"title":"Plant Shop","featured-image-url":"https:\/\/websitedemos.net\/wp-content\/uploads\/2019\/07\/plant-shop-03-homepage.jpg","thumbnail-image-url":"https:\/\/websitedemos.net\/wp-content\/uploads\/2019\/07\/plant-shop-03-homepage-600x800.jpg","fullpage-thumbnail-image-url":"https:\/\/websitedemos.net\/wp-content\/uploads\/2019\/07\/plant-shop-03-homepage-400x1322.jpg","astra-site-url":"\/\/websitedemos.net\/plant-shop-03","astra-site-parent-id":266,"astra-sites-tag":{"496":"ecommerce","383":"online-store","497":"plant-store","495":"plants","967":"product-store","733":"shop","966":"woo-commerce","1024":"woocommerce"},"astra-sites-type":"agency-mini","astra-site-page-builder":"beaver-builder","astra-site-category":{"27":"business","38":"ecommerce"},"required-plugins":[{"slug":"astra-addon","init":"astra-addon\/astra-addon.php","name":"Astra Pro"},{"slug":"beaver-builder-lite-version","init":"beaver-builder-lite-version\/fl-builder.php","name":"Beaver Builder Plugin (Lite Version)"},{"slug":"bb-ultimate-addon","init":"bb-ultimate-addon\/bb-ultimate-addon.php","name":"Ultimate Addons for Beaver Builder"},{"slug":"woocommerce","init":"woocommerce\/woocommerce.php","name":"WooCommerce"},{"slug":"woo-cart-abandonment-recovery","init":"woo-cart-abandonment-recovery\/woo-cart-abandonment-recovery.php","name":"WooCommerce Cart Abandonment Recovery"}],"pages":{"id-24758":{"title":"Home","featured-image-url":"https:\/\/websitedemos.net\/wp-content\/uploads\/2019\/07\/plant-shop-03-homepage.jpg","thumbnail-image-url":"https:\/\/websitedemos.net\/wp-content\/uploads\/2019\/07\/plant-shop-03-homepage-600x800.jpg","astra-page-api-url":"https:\/\/websitedemos.net\/plant-shop-03\/wp-json\/wp\/v2\/pages\/4","dynamic-page":"yes","astra-page-url":"\/\/websitedemos.net\/plant-shop-03\/","astra-sites-tag":{"423":"home","399":"one-page"},"site-pages-type":"agency-mini","site-pages-page-builder":"beaver-builder","site-pages-category":[],"site-pages-parent-category":{"60":"business","64":"ecommerce"},"required-plugins":[{"slug":"beaver-builder-lite-version","init":"beaver-builder-lite-version\/fl-builder.php","name":"Beaver Builder Plugin (Lite Version)"},{"slug":"bb-ultimate-addon","init":"bb-ultimate-addon\/bb-ultimate-addon.php","name":"Ultimate Addons for Beaver Builder"}]}}},"id-43398":{"title":"Plant Shop","featured-image-url":"https:\/\/websitedemos.net\/wp-content\/uploads\/2019\/07\/plant-shop-04-home.jpg","thumbnail-image-url":"https:\/\/websitedemos.net\/wp-content\/uploads\/2019\/07\/plant-shop-04-home-600x800.jpg","fullpage-thumbnail-image-url":"https:\/\/websitedemos.net\/wp-content\/uploads\/2019\/07\/plant-shop-04-home-400x1479.jpg","astra-site-url":"\/\/websitedemos.net\/plant-shop-06","astra-site-parent-id":1413,"astra-sites-tag":{"496":"ecommerce","383":"online-store","1414":"plant-shop","497":"plant-store","1024":"woocommerce"},"astra-sites-type":"agency-mini","astra-site-page-builder":"brizy","astra-site-category":{"27":"business","38":"ecommerce"},"required-plugins":[{"slug":"astra-addon","init":"astra-addon\/astra-addon.php","name":"Astra Pro"},{"slug":"brizy","init":"brizy\/brizy.php","name":"Brizy"},{"slug":"woocommerce","init":"woocommerce\/woocommerce.php","name":"WooCommerce"}],"pages":{"id-43399":{"title":"Home","featured-image-url":"https:\/\/websitedemos.net\/wp-content\/uploads\/2019\/07\/plant-shop-04-home.jpg","thumbnail-image-url":"https:\/\/websitedemos.net\/wp-content\/uploads\/2019\/07\/plant-shop-04-home-600x800.jpg","astra-page-api-url":"https:\/\/websitedemos.net\/plant-shop-06\/wp-json\/wp\/v2\/pages\/310","dynamic-page":"yes","astra-page-url":"\/\/websitedemos.net\/plant-shop-06\/","astra-sites-tag":{"423":"home","399":"one-page"},"site-pages-type":"agency-mini","site-pages-page-builder":"brizy","site-pages-category":[],"site-pages-parent-category":{"60":"business","64":"ecommerce"},"required-plugins":[{"slug":"brizy","init":"brizy\/brizy.php","name":"Brizy"}]}}},"id-46009":{"title":"Painter","featured-image-url":"https:\/\/websitedemos.net\/wp-content\/uploads\/2020\/04\/painter-04-home.jpg","thumbnail-image-url":"https:\/\/websitedemos.net\/wp-content\/uploads\/2020\/04\/painter-04-home-600x800.jpg","fullpage-thumbnail-image-url":"https:\/\/websitedemos.net\/wp-content\/uploads\/2020\/04\/painter-04-home-400x1335.jpg","astra-site-url":"\/\/websitedemos.net\/painter-04","astra-site-parent-id":1508,"astra-sites-tag":{"597":"art","1511":"artisan","339":"artist","1513":"craft","1514":"dauber","614":"painter","1512":"painting"},"astra-sites-type":"agency-mini","astra-site-page-builder":"elementor","astra-site-category":{"27":"business"},"required-plugins":[{"slug":"elementor","init":"elementor\/elementor.php","name":"Elementor"},{"slug":"wpforms-lite","init":"wpforms-lite\/wpforms.php","name":"WPForms Lite"}],"pages":{"id-46013":{"title":"Home","featured-image-url":"https:\/\/websitedemos.net\/wp-content\/uploads\/2020\/04\/painter-04-home.jpg","thumbnail-image-url":"https:\/\/websitedemos.net\/wp-content\/uploads\/2020\/04\/painter-04-home-600x800.jpg","astra-page-api-url":"https:\/\/websitedemos.net\/painter-04\/wp-json\/wp\/v2\/pages\/5","dynamic-page":"no","astra-page-url":"\/\/websitedemos.net\/painter-04\/","astra-sites-tag":{"423":"home"},"site-pages-type":"agency-mini","site-pages-page-builder":"elementor","site-pages-category":[],"site-pages-parent-category":{"60":"business"},"required-plugins":[{"slug":"elementor","init":"elementor\/elementor.php","name":"Elementor"}]},"id-46010":{"title":"About","featured-image-url":"https:\/\/websitedemos.net\/wp-content\/uploads\/2020\/04\/painter-about-page-04.jpg","thumbnail-image-url":"https:\/\/websitedemos.net\/wp-content\/uploads\/2020\/04\/painter-about-page-04-600x800.jpg","astra-page-api-url":"https:\/\/websitedemos.net\/painter-04\/wp-json\/wp\/v2\/pages\/7","dynamic-page":"no","astra-page-url":"\/\/websitedemos.net\/painter-04\/about\/","astra-sites-tag":{"352":"about"},"site-pages-type":"agency-mini","site-pages-page-builder":"elementor","site-pages-category":[],"site-pages-parent-category":{"60":"business"},"required-plugins":[{"slug":"elementor","init":"elementor\/elementor.php","name":"Elementor"}]},"id-46011":{"title":"Artworks","featured-image-url":"https:\/\/websitedemos.net\/wp-content\/uploads\/2020\/04\/painter-04-artworks.jpg","thumbnail-image-url":"https:\/\/websitedemos.net\/wp-content\/uploads\/2020\/04\/painter-04-artworks-600x800.jpg","astra-page-api-url":"https:\/\/websitedemos.net\/painter-04\/wp-json\/wp\/v2\/pages\/9","dynamic-page":"no","astra-page-url":"\/\/websitedemos.net\/painter-04\/artworks\/","astra-sites-tag":{"597":"art","1509":"artwork"},"site-pages-type":"agency-mini","site-pages-page-builder":"elementor","site-pages-category":[],"site-pages-parent-category":{"60":"business"},"required-plugins":[{"slug":"elementor","init":"elementor\/elementor.php","name":"Elementor"}]},"id-46014":{"title":"Studio","featured-image-url":"https:\/\/websitedemos.net\/wp-content\/uploads\/2020\/04\/painter-04-studio.jpg","thumbnail-image-url":"https:\/\/websitedemos.net\/wp-content\/uploads\/2020\/04\/painter-04-studio-600x800.jpg","astra-page-api-url":"https:\/\/websitedemos.net\/painter-04\/wp-json\/wp\/v2\/pages\/11","dynamic-page":"no","astra-page-url":"\/\/websitedemos.net\/painter-04\/studio\/","astra-sites-tag":{"1510":"studio"},"site-pages-type":"agency-mini","site-pages-page-builder":"elementor","site-pages-category":[],"site-pages-parent-category":{"60":"business"},"required-plugins":[{"slug":"elementor","init":"elementor\/elementor.php","name":"Elementor"}]},"id-46012":{"title":"Contact","featured-image-url":"https:\/\/websitedemos.net\/wp-content\/uploads\/2020\/04\/painter-04-contact.jpg","thumbnail-image-url":"https:\/\/websitedemos.net\/wp-content\/uploads\/2020\/04\/painter-04-contact-600x800.jpg","astra-page-api-url":"https:\/\/websitedemos.net\/painter-04\/wp-json\/wp\/v2\/pages\/13","dynamic-page":"no","astra-page-url":"\/\/websitedemos.net\/painter-04\/contact\/","astra-sites-tag":{"415":"contact"},"site-pages-type":"agency-mini","site-pages-page-builder":"elementor","site-pages-category":[],"site-pages-parent-category":{"60":"business"},"required-plugins":[{"slug":"elementor","init":"elementor\/elementor.php","name":"Elementor"},{"slug":"wpforms-lite","init":"wpforms-lite\/wpforms.php","name":"WPForms Lite"}]}}},"id-46026":{"title":"Painter","featured-image-url":"https:\/\/websitedemos.net\/wp-content\/uploads\/2020\/04\/painter-03.jpg","thumbnail-image-url":"https:\/\/websitedemos.net\/wp-content\/uploads\/2020\/04\/painter-03-600x800.jpg","fullpage-thumbnail-image-url":"https:\/\/websitedemos.net\/wp-content\/uploads\/2020\/04\/painter-03-400x1290.jpg","astra-site-url":"\/\/websitedemos.net\/painter-03","astra-site-parent-id":1515,"astra-sites-tag":{"597":"art","1511":"artisan","339":"artist","1513":"craft","1514":"dauber","614":"painter","1512":"painting"},"astra-sites-type":"agency-mini","astra-site-page-builder":"beaver-builder","astra-site-category":{"27":"business"},"required-plugins":[{"slug":"beaver-builder-lite-version","init":"beaver-builder-lite-version\/fl-builder.php","name":"Beaver Builder Plugin (Lite Version)"},{"slug":"bb-ultimate-addon","init":"bb-ultimate-addon\/bb-ultimate-addon.php","name":"Ultimate Addons for Beaver Builder"},{"slug":"wpforms-lite","init":"wpforms-lite\/wpforms.php","name":"WPForms Lite"}],"pages":{"id-46030":{"title":"Home","featured-image-url":"https:\/\/websitedemos.net\/wp-content\/uploads\/2020\/04\/painter-03.jpg","thumbnail-image-url":"https:\/\/websitedemos.net\/wp-content\/uploads\/2020\/04\/painter-03-600x800.jpg","astra-page-api-url":"https:\/\/websitedemos.net\/painter-03\/wp-json\/wp\/v2\/pages\/232","dynamic-page":"no","astra-page-url":"\/\/websitedemos.net\/painter-03\/","astra-sites-tag":{"423":"home"},"site-pages-type":"agency-mini","site-pages-page-builder":"beaver-builder","site-pages-category":[],"site-pages-parent-category":{"60":"business"},"required-plugins":[{"slug":"beaver-builder-lite-version","init":"beaver-builder-lite-version\/fl-builder.php","name":"Beaver Builder Plugin (Lite Version)"},{"slug":"bb-ultimate-addon","init":"bb-ultimate-addon\/bb-ultimate-addon.php","name":"Ultimate Addons for Beaver Builder"}]},"id-46027":{"title":"About","featured-image-url":"https:\/\/websitedemos.net\/wp-content\/uploads\/2020\/04\/painter-about-page-04.jpg","thumbnail-image-url":"https:\/\/websitedemos.net\/wp-content\/uploads\/2020\/04\/painter-about-page-04-600x800.jpg","astra-page-api-url":"https:\/\/websitedemos.net\/painter-03\/wp-json\/wp\/v2\/pages\/218","dynamic-page":"no","astra-page-url":"\/\/websitedemos.net\/painter-03\/about\/","astra-sites-tag":{"352":"about"},"site-pages-type":"agency-mini","site-pages-page-builder":"beaver-builder","site-pages-category":[],"site-pages-parent-category":{"60":"business"},"required-plugins":[{"slug":"beaver-builder-lite-version","init":"beaver-builder-lite-version\/fl-builder.php","name":"Beaver Builder Plugin (Lite Version)"},{"slug":"bb-ultimate-addon","init":"bb-ultimate-addon\/bb-ultimate-addon.php","name":"Ultimate Addons for Beaver Builder"}]},"id-46028":{"title":"Artworks","featured-image-url":"https:\/\/websitedemos.net\/wp-content\/uploads\/2020\/04\/painter-03-artworks.jpg","thumbnail-image-url":"https:\/\/websitedemos.net\/wp-content\/uploads\/2020\/04\/painter-03-artworks-600x800.jpg","astra-page-api-url":"https:\/\/websitedemos.net\/painter-03\/wp-json\/wp\/v2\/pages\/219","dynamic-page":"no","astra-page-url":"\/\/websitedemos.net\/painter-03\/artworks\/","astra-sites-tag":{"1509":"artwork"},"site-pages-type":"agency-mini","site-pages-page-builder":"beaver-builder","site-pages-category":[],"site-pages-parent-category":{"60":"business"},"required-plugins":[{"slug":"beaver-builder-lite-version","init":"beaver-builder-lite-version\/fl-builder.php","name":"Beaver Builder Plugin (Lite Version)"},{"slug":"bb-ultimate-addon","init":"bb-ultimate-addon\/bb-ultimate-addon.php","name":"Ultimate Addons for Beaver Builder"}]},"id-46031":{"title":"Studio","featured-image-url":"https:\/\/websitedemos.net\/wp-content\/uploads\/2020\/04\/painter-03-studio.jpg","thumbnail-image-url":"https:\/\/websitedemos.net\/wp-content\/uploads\/2020\/04\/painter-03-studio-600x800.jpg","astra-page-api-url":"https:\/\/websitedemos.net\/painter-03\/wp-json\/wp\/v2\/pages\/220","dynamic-page":"no","astra-page-url":"\/\/websitedemos.net\/painter-03\/studio\/","astra-sites-tag":{"1510":"studio"},"site-pages-type":"agency-mini","site-pages-page-builder":"beaver-builder","site-pages-category":[],"site-pages-parent-category":{"60":"business"},"required-plugins":[{"slug":"beaver-builder-lite-version","init":"beaver-builder-lite-version\/fl-builder.php","name":"Beaver Builder Plugin (Lite Version)"},{"slug":"bb-ultimate-addon","init":"bb-ultimate-addon\/bb-ultimate-addon.php","name":"Ultimate Addons for Beaver Builder"}]},"id-46029":{"title":"Contact","featured-image-url":"https:\/\/websitedemos.net\/wp-content\/uploads\/2020\/04\/painter-03-contact.jpg","thumbnail-image-url":"https:\/\/websitedemos.net\/wp-content\/uploads\/2020\/04\/painter-03-contact-600x800.jpg","astra-page-api-url":"https:\/\/websitedemos.net\/painter-03\/wp-json\/wp\/v2\/pages\/221","dynamic-page":"no","astra-page-url":"\/\/websitedemos.net\/painter-03\/contact\/","astra-sites-tag":{"415":"contact"},"site-pages-type":"agency-mini","site-pages-page-builder":"beaver-builder","site-pages-category":[],"site-pages-parent-category":{"60":"business"},"required-plugins":[{"slug":"beaver-builder-lite-version","init":"beaver-builder-lite-version\/fl-builder.php","name":"Beaver Builder Plugin (Lite Version)"},{"slug":"bb-ultimate-addon","init":"bb-ultimate-addon\/bb-ultimate-addon.php","name":"Ultimate Addons for Beaver Builder"},{"slug":"wpforms-lite","init":"wpforms-lite\/wpforms.php","name":"WPForms Lite"}]}}},"id-19540":{"title":"Yoga Instructor","featured-image-url":"https:\/\/websitedemos.net\/wp-content\/uploads\/2018\/10\/yoga-instructor-sarah-homepage.jpg","thumbnail-image-url":"https:\/\/websitedemos.net\/wp-content\/uploads\/2018\/10\/yoga-instructor-sarah-homepage-600x800.jpg","fullpage-thumbnail-image-url":"https:\/\/websitedemos.net\/wp-content\/uploads\/2018\/10\/yoga-instructor-sarah-homepage-400x1394.jpg","astra-site-url":"\/\/websitedemos.net\/yoga-instructor-02","astra-site-parent-id":105,"astra-sites-tag":{"499":"fitness","976":"gym-instructor","849":"health-yoga","1020":"personal","395":"yoga-instructor","397":"yoga-studio","398":"yoga-trainer"},"astra-sites-type":"free","astra-site-page-builder":"elementor","astra-site-category":{"27":"business","39":"free"},"required-plugins":[{"slug":"elementor","init":"elementor\/elementor.php","name":"Elementor"},{"slug":"wpforms-lite","init":"wpforms-lite\/wpforms.php","name":"WPForms Lite"}],"pages":{"id-22967":{"title":"Home","featured-image-url":"https:\/\/websitedemos.net\/wp-content\/uploads\/2018\/10\/yoga-instructor-sarah-homepage.jpg","thumbnail-image-url":"https:\/\/websitedemos.net\/wp-content\/uploads\/2018\/10\/yoga-instructor-sarah-homepage-600x800.jpg","astra-page-api-url":"https:\/\/websitedemos.net\/yoga-instructor-02\/wp-json\/wp\/v2\/pages\/4","dynamic-page":"no","astra-page-url":"\/\/websitedemos.net\/yoga-instructor-02\/","astra-sites-tag":{"423":"home"},"site-pages-type":"free","site-pages-page-builder":"elementor","site-pages-category":[],"site-pages-parent-category":{"60":"business","61":"free"},"required-plugins":[{"slug":"elementor","init":"elementor\/elementor.php","name":"Elementor"}]},"id-22963":{"title":"About Me","featured-image-url":"https:\/\/websitedemos.net\/wp-content\/uploads\/2019\/07\/yoga-instructor-sarah-about-page.jpg","thumbnail-image-url":"https:\/\/websitedemos.net\/wp-content\/uploads\/2019\/07\/yoga-instructor-sarah-about-page-600x800.jpg","astra-page-api-url":"https:\/\/websitedemos.net\/yoga-instructor-02\/wp-json\/wp\/v2\/pages\/34","dynamic-page":"no","astra-page-url":"\/\/websitedemos.net\/yoga-instructor-02\/about-me\/","astra-sites-tag":{"352":"about"},"site-pages-type":"free","site-pages-page-builder":"elementor","site-pages-category":[],"site-pages-parent-category":{"60":"business","61":"free"},"required-plugins":[{"slug":"elementor","init":"elementor\/elementor.php","name":"Elementor"}]},"id-22965":{"title":"Classes","featured-image-url":"https:\/\/websitedemos.net\/wp-content\/uploads\/2019\/07\/yoga-instructor-class-page.jpg","thumbnail-image-url":"https:\/\/websitedemos.net\/wp-content\/uploads\/2019\/07\/yoga-instructor-class-page-600x800.jpg","astra-page-api-url":"https:\/\/websitedemos.net\/yoga-instructor-02\/wp-json\/wp\/v2\/pages\/35","dynamic-page":"no","astra-page-url":"\/\/websitedemos.net\/yoga-instructor-02\/classes\/","astra-sites-tag":{"557":"classes"},"site-pages-type":"free","site-pages-page-builder":"elementor","site-pages-category":[],"site-pages-parent-category":{"60":"business","61":"free"},"required-plugins":[{"slug":"elementor","init":"elementor\/elementor.php","name":"Elementor"}]},"id-22968":{"title":"Publications","featured-image-url":"https:\/\/websitedemos.net\/wp-content\/uploads\/2019\/07\/yoga-instructor-publication.jpg","thumbnail-image-url":"https:\/\/websitedemos.net\/wp-content\/uploads\/2019\/07\/yoga-instructor-publication-600x800.jpg","astra-page-api-url":"https:\/\/websitedemos.net\/yoga-instructor-02\/wp-json\/wp\/v2\/pages\/81","dynamic-page":"no","astra-page-url":"\/\/websitedemos.net\/yoga-instructor-02\/publications\/","astra-sites-tag":{"558":"publication"},"site-pages-type":"free","site-pages-page-builder":"elementor","site-pages-category":[],"site-pages-parent-category":{"60":"business","61":"free"},"required-plugins":[{"slug":"elementor","init":"elementor\/elementor.php","name":"Elementor"}]},"id-22966":{"title":"Get Fit","featured-image-url":"https:\/\/websitedemos.net\/wp-content\/uploads\/2019\/07\/yoga-instructor-getfit-page.jpg","thumbnail-image-url":"https:\/\/websitedemos.net\/wp-content\/uploads\/2019\/07\/yoga-instructor-getfit-page-600x800.jpg","astra-page-api-url":"https:\/\/websitedemos.net\/yoga-instructor-02\/wp-json\/wp\/v2\/pages\/94","dynamic-page":"no","astra-page-url":"\/\/websitedemos.net\/yoga-instructor-02\/get-fit\/","astra-sites-tag":{"415":"contact"},"site-pages-type":"free","site-pages-page-builder":"elementor","site-pages-category":[],"site-pages-parent-category":{"60":"business","61":"free"},"required-plugins":[{"slug":"elementor","init":"elementor\/elementor.php","name":"Elementor"},{"slug":"wpforms-lite","init":"wpforms-lite\/wpforms.php","name":"WPForms Lite"}]}}},"id-19629":{"title":"Yoga Instructor","featured-image-url":"https:\/\/websitedemos.net\/wp-content\/uploads\/2019\/07\/yoga-instructor-01-home-1.jpg","thumbnail-image-url":"https:\/\/websitedemos.net\/wp-content\/uploads\/2019\/07\/yoga-instructor-01-home-1-600x800.jpg","fullpage-thumbnail-image-url":"https:\/\/websitedemos.net\/wp-content\/uploads\/2019\/07\/yoga-instructor-01-home-1-400x1566.jpg","astra-site-url":"\/\/websitedemos.net\/yoga-instructor-01","astra-site-parent-id":107,"astra-sites-tag":{"499":"fitness","976":"gym-instructor","395":"yoga-instructor","397":"yoga-studio","398":"yoga-trainer"},"astra-sites-type":"free","astra-site-page-builder":"beaver-builder","astra-site-category":{"27":"business","39":"free"},"required-plugins":[{"slug":"beaver-builder-lite-version","init":"beaver-builder-lite-version\/fl-builder.php","name":"Beaver Builder Plugin (Lite Version)"},{"slug":"ultimate-addons-for-beaver-builder-lite","init":"ultimate-addons-for-beaver-builder-lite\/bb-ultimate-addon.php","name":"Ultimate Addons for Beaver Builder - Lite"},{"slug":"wpforms-lite","init":"wpforms-lite\/wpforms.php","name":"WPForms Lite"}],"pages":{"id-22987":{"title":"Home","featured-image-url":"https:\/\/websitedemos.net\/wp-content\/uploads\/2019\/07\/yoga-instructor-01.jpg","thumbnail-image-url":"https:\/\/websitedemos.net\/wp-content\/uploads\/2019\/07\/yoga-instructor-01-600x800.jpg","astra-page-api-url":"https:\/\/websitedemos.net\/yoga-instructor-01\/wp-json\/wp\/v2\/pages\/137","dynamic-page":"no","astra-page-url":"\/\/websitedemos.net\/yoga-instructor-01\/","astra-sites-tag":{"423":"home"},"site-pages-type":"free","site-pages-page-builder":"beaver-builder","site-pages-category":[],"site-pages-parent-category":{"60":"business","61":"free"},"required-plugins":[{"slug":"beaver-builder-lite-version","init":"beaver-builder-lite-version\/fl-builder.php","name":"Beaver Builder Plugin (Lite Version)"},{"slug":"ultimate-addons-for-beaver-builder-lite","init":"ultimate-addons-for-beaver-builder-lite\/bb-ultimate-addon.php","name":"Ultimate Addons for Beaver Builder - Lite"}]},"id-22980":{"title":"About Me","featured-image-url":"https:\/\/websitedemos.net\/wp-content\/uploads\/2019\/07\/yoga-instructor-01-about-me-1.jpg","thumbnail-image-url":"https:\/\/websitedemos.net\/wp-content\/uploads\/2019\/07\/yoga-instructor-01-about-me-1-600x800.jpg","astra-page-api-url":"https:\/\/websitedemos.net\/yoga-instructor-01\/wp-json\/wp\/v2\/pages\/34","dynamic-page":"no","astra-page-url":"\/\/websitedemos.net\/yoga-instructor-01\/about-me\/","astra-sites-tag":{"352":"about"},"site-pages-type":"free","site-pages-page-builder":"beaver-builder","site-pages-category":[],"site-pages-parent-category":{"60":"business","61":"free"},"required-plugins":[{"slug":"beaver-builder-lite-version","init":"beaver-builder-lite-version\/fl-builder.php","name":"Beaver Builder Plugin (Lite Version)"},{"slug":"ultimate-addons-for-beaver-builder-lite","init":"ultimate-addons-for-beaver-builder-lite\/bb-ultimate-addon.php","name":"Ultimate Addons for Beaver Builder - Lite"}]},"id-22985":{"title":"Classes","featured-image-url":"https:\/\/websitedemos.net\/wp-content\/uploads\/2019\/07\/yoga-instructor-01-classes-1.jpg","thumbnail-image-url":"https:\/\/websitedemos.net\/wp-content\/uploads\/2019\/07\/yoga-instructor-01-classes-1-600x800.jpg","astra-page-api-url":"https:\/\/websitedemos.net\/yoga-instructor-01\/wp-json\/wp\/v2\/pages\/35","dynamic-page":"no","astra-page-url":"\/\/websitedemos.net\/yoga-instructor-01\/classes\/","astra-sites-tag":{"557":"classes"},"site-pages-type":"free","site-pages-page-builder":"beaver-builder","site-pages-category":[],"site-pages-parent-category":{"60":"business","61":"free"},"required-plugins":[{"slug":"beaver-builder-lite-version","init":"beaver-builder-lite-version\/fl-builder.php","name":"Beaver Builder Plugin (Lite Version)"},{"slug":"ultimate-addons-for-beaver-builder-lite","init":"ultimate-addons-for-beaver-builder-lite\/bb-ultimate-addon.php","name":"Ultimate Addons for Beaver Builder - Lite"}]},"id-22988":{"title":"Publications","featured-image-url":"https:\/\/websitedemos.net\/wp-content\/uploads\/2019\/07\/yoga-instructor-01-publications-1.jpg","thumbnail-image-url":"https:\/\/websitedemos.net\/wp-content\/uploads\/2019\/07\/yoga-instructor-01-publications-1-600x800.jpg","astra-page-api-url":"https:\/\/websitedemos.net\/yoga-instructor-01\/wp-json\/wp\/v2\/pages\/81","dynamic-page":"no","astra-page-url":"\/\/websitedemos.net\/yoga-instructor-01\/publications\/","astra-sites-tag":{"558":"publication"},"site-pages-type":"free","site-pages-page-builder":"beaver-builder","site-pages-category":[],"site-pages-parent-category":{"60":"business","61":"free"},"required-plugins":[{"slug":"beaver-builder-lite-version","init":"beaver-builder-lite-version\/fl-builder.php","name":"Beaver Builder Plugin (Lite Version)"},{"slug":"ultimate-addons-for-beaver-builder-lite","init":"ultimate-addons-for-beaver-builder-lite\/bb-ultimate-addon.php","name":"Ultimate Addons for Beaver Builder - Lite"}]},"id-22986":{"title":"Get Fit","featured-image-url":"https:\/\/websitedemos.net\/wp-content\/uploads\/2019\/07\/yoga-instructor-01-get-fit-1.jpg","thumbnail-image-url":"https:\/\/websitedemos.net\/wp-content\/uploads\/2019\/07\/yoga-instructor-01-get-fit-1-600x800.jpg","astra-page-api-url":"https:\/\/websitedemos.net\/yoga-instructor-01\/wp-json\/wp\/v2\/pages\/94","dynamic-page":"no","astra-page-url":"\/\/websitedemos.net\/yoga-instructor-01\/get-fit\/","astra-sites-tag":{"415":"contact","769":"get-fit"},"site-pages-type":"free","site-pages-page-builder":"beaver-builder","site-pages-category":[],"site-pages-parent-category":{"60":"business","61":"free"},"required-plugins":[{"slug":"beaver-builder-lite-version","init":"beaver-builder-lite-version\/fl-builder.php","name":"Beaver Builder Plugin (Lite Version)"},{"slug":"ultimate-addons-for-beaver-builder-lite","init":"ultimate-addons-for-beaver-builder-lite\/bb-ultimate-addon.php","name":"Ultimate Addons for Beaver Builder - Lite"},{"slug":"wpforms-lite","init":"wpforms-lite\/wpforms.php","name":"WPForms Lite"}]}}},"id-48631":{"title":"Yoga Instructor","featured-image-url":"https:\/\/websitedemos.net\/wp-content\/uploads\/2020\/10\/yoga-instructor-08-home.jpg","thumbnail-image-url":"https:\/\/websitedemos.net\/wp-content\/uploads\/2020\/10\/yoga-instructor-08-home-600x800.jpg","fullpage-thumbnail-image-url":"https:\/\/websitedemos.net\/wp-content\/uploads\/2020\/10\/yoga-instructor-08-home-400x1394.jpg","astra-site-url":"\/\/websitedemos.net\/yoga-instructor-08","astra-site-parent-id":1753,"astra-sites-tag":{"499":"fitness","976":"gym-instructor","849":"health-yoga","1020":"personal","395":"yoga-instructor","397":"yoga-studio","398":"yoga-trainer"},"astra-sites-type":"free","astra-site-page-builder":"gutenberg","astra-site-category":{"27":"business","39":"free"},"required-plugins":[{"slug":"wpforms-lite","init":"wpforms-lite\/wpforms.php","name":"WPForms Lite"}],"pages":{"id-48635":{"title":"Home","featured-image-url":"https:\/\/websitedemos.net\/wp-content\/uploads\/2020\/10\/yoga-instructor-08-home.jpg","thumbnail-image-url":"https:\/\/websitedemos.net\/wp-content\/uploads\/2020\/10\/yoga-instructor-08-home-600x800.jpg","astra-page-api-url":"https:\/\/websitedemos.net\/yoga-instructor-08\/wp-json\/wp\/v2\/pages\/51","dynamic-page":"no","astra-page-url":"\/\/websitedemos.net\/yoga-instructor-08\/","astra-sites-tag":{"423":"home"},"site-pages-type":"free","site-pages-page-builder":"gutenberg","site-pages-category":[],"site-pages-parent-category":{"60":"business","61":"free"},"required-plugins":[{"slug":"gutenberg","init":"gutenberg\/gutenberg.php","name":"Gutenberg"}]},"id-48632":{"title":"About Me","featured-image-url":"https:\/\/websitedemos.net\/wp-content\/uploads\/2020\/10\/yoga-instructor-08-about-me.jpg","thumbnail-image-url":"https:\/\/websitedemos.net\/wp-content\/uploads\/2020\/10\/yoga-instructor-08-about-me-600x800.jpg","astra-page-api-url":"https:\/\/websitedemos.net\/yoga-instructor-08\/wp-json\/wp\/v2\/pages\/52","dynamic-page":"no","astra-page-url":"\/\/websitedemos.net\/yoga-instructor-08\/about-me\/","astra-sites-tag":{"352":"about"},"site-pages-type":"free","site-pages-page-builder":"gutenberg","site-pages-category":[],"site-pages-parent-category":{"60":"business","61":"free"},"required-plugins":[{"slug":"gutenberg","init":"gutenberg\/gutenberg.php","name":"Gutenberg"}]},"id-48633":{"title":"Classes","featured-image-url":"https:\/\/websitedemos.net\/wp-content\/uploads\/2020\/10\/yoga-instructor-08-classes.jpg","thumbnail-image-url":"https:\/\/websitedemos.net\/wp-content\/uploads\/2020\/10\/yoga-instructor-08-classes-600x800.jpg","astra-page-api-url":"https:\/\/websitedemos.net\/yoga-instructor-08\/wp-json\/wp\/v2\/pages\/53","dynamic-page":"no","astra-page-url":"\/\/websitedemos.net\/yoga-instructor-08\/classes\/","astra-sites-tag":{"557":"classes"},"site-pages-type":"free","site-pages-page-builder":"gutenberg","site-pages-category":[],"site-pages-parent-category":{"60":"business","61":"free"},"required-plugins":[{"slug":"gutenberg","init":"gutenberg\/gutenberg.php","name":"Gutenberg"}]},"id-48636":{"title":"Publications","featured-image-url":"https:\/\/websitedemos.net\/wp-content\/uploads\/2020\/10\/yoga-instructor-08-publications.jpg","thumbnail-image-url":"https:\/\/websitedemos.net\/wp-content\/uploads\/2020\/10\/yoga-instructor-08-publications-600x800.jpg","astra-page-api-url":"https:\/\/websitedemos.net\/yoga-instructor-08\/wp-json\/wp\/v2\/pages\/54","dynamic-page":"no","astra-page-url":"\/\/websitedemos.net\/yoga-instructor-08\/publications\/","astra-sites-tag":{"558":"publication"},"site-pages-type":"free","site-pages-page-builder":"gutenberg","site-pages-category":[],"site-pages-parent-category":{"60":"business","61":"free"},"required-plugins":[{"slug":"gutenberg","init":"gutenberg\/gutenberg.php","name":"Gutenberg"}]},"id-48634":{"title":"Get Fit","featured-image-url":"https:\/\/websitedemos.net\/wp-content\/uploads\/2020\/10\/yoga-instructor-08-get-fit.jpg","thumbnail-image-url":"https:\/\/websitedemos.net\/wp-content\/uploads\/2020\/10\/yoga-instructor-08-get-fit-600x800.jpg","astra-page-api-url":"https:\/\/websitedemos.net\/yoga-instructor-08\/wp-json\/wp\/v2\/pages\/55","dynamic-page":"no","astra-page-url":"\/\/websitedemos.net\/yoga-instructor-08\/get-fit\/","astra-sites-tag":{"415":"contact","377":"get-in-touch"},"site-pages-type":"free","site-pages-page-builder":"gutenberg","site-pages-category":[],"site-pages-parent-category":{"60":"business","61":"free"},"required-plugins":[{"slug":"wpforms-lite","init":"wpforms-lite\/wpforms.php","name":"WPForms Lite"}]}}},"id-49936":{"title":"Recipe Blog","featured-image-url":"https:\/\/websitedemos.net\/wp-content\/uploads\/2021\/03\/recipe-blog-08.jpg","thumbnail-image-url":"https:\/\/websitedemos.net\/wp-content\/uploads\/2021\/03\/recipe-blog-08-600x800.jpg","fullpage-thumbnail-image-url":"https:\/\/websitedemos.net\/wp-content\/uploads\/2021\/03\/recipe-blog-08-400x1042.jpg","astra-site-url":"\/\/websitedemos.net\/recipe-blog-08","astra-site-parent-id":1858,"astra-sites-tag":{"792":"cooking","787":"dinner","336":"food","793":"food-making","788":"snack"},"astra-sites-type":"free","astra-site-page-builder":"gutenberg","astra-site-category":{"37":"blog","39":"free"},"required-plugins":[{"slug":"wpforms-lite","init":"wpforms-lite\/wpforms.php","name":"WPForms Lite"}],"pages":{"id-49940":{"title":"Home","featured-image-url":"https:\/\/websitedemos.net\/wp-content\/uploads\/2021\/03\/recipe-blog-08.jpg","thumbnail-image-url":"https:\/\/websitedemos.net\/wp-content\/uploads\/2021\/03\/recipe-blog-08-600x800.jpg","astra-page-api-url":"https:\/\/websitedemos.net\/recipe-blog-08\/wp-json\/wp\/v2\/pages\/1055","dynamic-page":"no","astra-page-url":"\/\/websitedemos.net\/recipe-blog-08\/","astra-sites-tag":{"814":"homepage"},"site-pages-type":"free","site-pages-page-builder":"gutenberg","site-pages-category":[],"site-pages-parent-category":{"74":"blog","61":"free"},"required-plugins":[{"slug":"gutenberg","init":"gutenberg\/gutenberg.php","name":"Gutenberg"}]},"id-49937":{"title":"About Me","featured-image-url":"https:\/\/websitedemos.net\/wp-content\/uploads\/2021\/03\/recipe-blog-08-about-me.jpg","thumbnail-image-url":"https:\/\/websitedemos.net\/wp-content\/uploads\/2021\/03\/recipe-blog-08-about-me-600x800.jpg","astra-page-api-url":"https:\/\/websitedemos.net\/recipe-blog-08\/wp-json\/wp\/v2\/pages\/1071","dynamic-page":"no","astra-page-url":"\/\/websitedemos.net\/recipe-blog-08\/about-me\/","astra-sites-tag":{"1007":"about-me"},"site-pages-type":"free","site-pages-page-builder":"gutenberg","site-pages-category":[],"site-pages-parent-category":{"74":"blog","61":"free"},"required-plugins":[{"slug":"gutenberg","init":"gutenberg\/gutenberg.php","name":"Gutenberg"}]},"id-49938":{"title":"Blog","featured-image-url":"https:\/\/websitedemos.net\/wp-content\/uploads\/2021\/03\/recipe-blog-08-blog.jpg","thumbnail-image-url":"https:\/\/websitedemos.net\/wp-content\/uploads\/2021\/03\/recipe-blog-08-blog-600x800.jpg","astra-page-api-url":"https:\/\/websitedemos.net\/recipe-blog-08\/wp-json\/wp\/v2\/pages\/1067","dynamic-page":"no","astra-page-url":"\/\/websitedemos.net\/recipe-blog-08\/blog\/","astra-sites-tag":{"480":"blog"},"site-pages-type":"free","site-pages-page-builder":"gutenberg","site-pages-category":[],"site-pages-parent-category":{"74":"blog","61":"free"},"required-plugins":[{"slug":"gutenberg","init":"gutenberg\/gutenberg.php","name":"Gutenberg"}]},"id-49939":{"title":"Contact","featured-image-url":"https:\/\/websitedemos.net\/wp-content\/uploads\/2021\/03\/recipe-blog-08-contact.jpg","thumbnail-image-url":"https:\/\/websitedemos.net\/wp-content\/uploads\/2021\/03\/recipe-blog-08-contact-600x800.jpg","astra-page-api-url":"https:\/\/websitedemos.net\/recipe-blog-08\/wp-json\/wp\/v2\/pages\/1074","dynamic-page":"no","astra-page-url":"\/\/websitedemos.net\/recipe-blog-08\/contact\/","astra-sites-tag":{"415":"contact"},"site-pages-type":"free","site-pages-page-builder":"gutenberg","site-pages-category":[],"site-pages-parent-category":{"74":"blog","61":"free"},"required-plugins":[{"slug":"wpforms-lite","init":"wpforms-lite\/wpforms.php","name":"WPForms Lite"}]}}},"id-39906":{"title":"Church","featured-image-url":"https:\/\/websitedemos.net\/wp-content\/uploads\/2020\/01\/church-04-home.jpg","thumbnail-image-url":"https:\/\/websitedemos.net\/wp-content\/uploads\/2020\/01\/church-04-home-600x800.jpg","fullpage-thumbnail-image-url":"https:\/\/websitedemos.net\/wp-content\/uploads\/2020\/01\/church-04-home-400x1530.jpg","astra-site-url":"\/\/websitedemos.net\/church-04","astra-site-parent-id":1199,"astra-sites-tag":{"897":"catholic-church","625":"charity","893":"church","898":"community-church","735":"donate"},"astra-sites-type":"agency-mini","astra-site-page-builder":"elementor","astra-site-category":{"36":"other"},"required-plugins":[{"slug":"elementor","init":"elementor\/elementor.php","name":"Elementor"},{"slug":"header-footer-elementor","init":"header-footer-elementor\/header-footer-elementor.php","name":"Elementor - Header, Footer & Blocks"},{"slug":"give","init":"give\/give.php","name":"Give - Donation Plugin"},{"slug":"ultimate-elementor","init":"ultimate-elementor\/ultimate-elementor.php","name":"Ultimate Addons for Elementor"},{"slug":"wpforms-lite","init":"wpforms-lite\/wpforms.php","name":"WPForms Lite"}],"pages":{"id-39912":{"title":"Home","featured-image-url":"https:\/\/websitedemos.net\/wp-content\/uploads\/2020\/01\/church-04-home.jpg","thumbnail-image-url":"https:\/\/websitedemos.net\/wp-content\/uploads\/2020\/01\/church-04-home-600x800.jpg","astra-page-api-url":"https:\/\/websitedemos.net\/church-04\/wp-json\/wp\/v2\/pages\/9","dynamic-page":"no","astra-page-url":"\/\/websitedemos.net\/church-04\/","astra-sites-tag":{"423":"home"},"site-pages-type":"agency-mini","site-pages-page-builder":"elementor","site-pages-category":[],"site-pages-parent-category":{"139":"other"},"required-plugins":[{"slug":"elementor","init":"elementor\/elementor.php","name":"Elementor"},{"slug":"ultimate-elementor","init":"ultimate-elementor\/ultimate-elementor.php","name":"Ultimate Addons for Elementor"}]},"id-39907":{"title":"About us","featured-image-url":"https:\/\/websitedemos.net\/wp-content\/uploads\/2020\/01\/church-04-about-us-1.jpg","thumbnail-image-url":"https:\/\/websitedemos.net\/wp-content\/uploads\/2020\/01\/church-04-about-us-1-600x800.jpg","astra-page-api-url":"https:\/\/websitedemos.net\/church-04\/wp-json\/wp\/v2\/pages\/15","dynamic-page":"no","astra-page-url":"\/\/websitedemos.net\/church-04\/about-us\/","astra-sites-tag":{"352":"about"},"site-pages-type":"agency-mini","site-pages-page-builder":"elementor","site-pages-category":[],"site-pages-parent-category":{"139":"other"},"required-plugins":[{"slug":"elementor","init":"elementor\/elementor.php","name":"Elementor"},{"slug":"ultimate-elementor","init":"ultimate-elementor\/ultimate-elementor.php","name":"Ultimate Addons for Elementor"}]},"id-39910":{"title":"Get connected","featured-image-url":"https:\/\/websitedemos.net\/wp-content\/uploads\/2020\/01\/church-04-get-connected.jpg","thumbnail-image-url":"https:\/\/websitedemos.net\/wp-content\/uploads\/2020\/01\/church-04-get-connected-600x800.jpg","astra-page-api-url":"https:\/\/websitedemos.net\/church-04\/wp-json\/wp\/v2\/pages\/18","dynamic-page":"no","astra-page-url":"\/\/websitedemos.net\/church-04\/get-connected\/","astra-sites-tag":{"377":"get-in-touch"},"site-pages-type":"agency-mini","site-pages-page-builder":"elementor","site-pages-category":[],"site-pages-parent-category":{"139":"other"},"required-plugins":[{"slug":"elementor","init":"elementor\/elementor.php","name":"Elementor"},{"slug":"ultimate-elementor","init":"ultimate-elementor\/ultimate-elementor.php","name":"Ultimate Addons for Elementor"}]},"id-39913":{"title":"Sermons","featured-image-url":"https:\/\/websitedemos.net\/wp-content\/uploads\/2020\/01\/church-04-sermons.jpg","thumbnail-image-url":"https:\/\/websitedemos.net\/wp-content\/uploads\/2020\/01\/church-04-sermons-600x800.jpg","astra-page-api-url":"https:\/\/websitedemos.net\/church-04\/wp-json\/wp\/v2\/pages\/20","dynamic-page":"no","astra-page-url":"\/\/websitedemos.net\/church-04\/sermons\/","astra-sites-tag":{"892":"sermons"},"site-pages-type":"agency-mini","site-pages-page-builder":"elementor","site-pages-category":[],"site-pages-parent-category":{"139":"other"},"required-plugins":[{"slug":"elementor","init":"elementor\/elementor.php","name":"Elementor"},{"slug":"ultimate-elementor","init":"ultimate-elementor\/ultimate-elementor.php","name":"Ultimate Addons for Elementor"}]},"id-39909":{"title":"Events","featured-image-url":"https:\/\/websitedemos.net\/wp-content\/uploads\/2020\/01\/church-04-events.jpg","thumbnail-image-url":"https:\/\/websitedemos.net\/wp-content\/uploads\/2020\/01\/church-04-events-600x800.jpg","astra-page-api-url":"https:\/\/websitedemos.net\/church-04\/wp-json\/wp\/v2\/pages\/22","dynamic-page":"no","astra-page-url":"\/\/websitedemos.net\/church-04\/events\/","astra-sites-tag":{"409":"event"},"site-pages-type":"agency-mini","site-pages-page-builder":"elementor","site-pages-category":[],"site-pages-parent-category":{"139":"other"},"required-plugins":[{"slug":"elementor","init":"elementor\/elementor.php","name":"Elementor"},{"slug":"ultimate-elementor","init":"ultimate-elementor\/ultimate-elementor.php","name":"Ultimate Addons for Elementor"}]},"id-39908":{"title":"Contact","featured-image-url":"https:\/\/websitedemos.net\/wp-content\/uploads\/2020\/01\/church-04-contact.jpg","thumbnail-image-url":"https:\/\/websitedemos.net\/wp-content\/uploads\/2020\/01\/church-04-contact-600x800.jpg","astra-page-api-url":"https:\/\/websitedemos.net\/church-04\/wp-json\/wp\/v2\/pages\/26","dynamic-page":"no","astra-page-url":"\/\/websitedemos.net\/church-04\/contact\/","astra-sites-tag":{"415":"contact"},"site-pages-type":"agency-mini","site-pages-page-builder":"elementor","site-pages-category":[],"site-pages-parent-category":{"139":"other"},"required-plugins":[{"slug":"elementor","init":"elementor\/elementor.php","name":"Elementor"},{"slug":"ultimate-elementor","init":"ultimate-elementor\/ultimate-elementor.php","name":"Ultimate Addons for Elementor"},{"slug":"wpforms-lite","init":"wpforms-lite\/wpforms.php","name":"WPForms Lite"}]},"id-39911":{"title":"Give","featured-image-url":"https:\/\/websitedemos.net\/wp-content\/uploads\/2020\/01\/church-04-give.jpg","thumbnail-image-url":"https:\/\/websitedemos.net\/wp-content\/uploads\/2020\/01\/church-04-give-600x800.jpg","astra-page-api-url":"https:\/\/websitedemos.net\/church-04\/wp-json\/wp\/v2\/pages\/24","dynamic-page":"no","astra-page-url":"\/\/websitedemos.net\/church-04\/give\/","astra-sites-tag":{"735":"donate","1015":"give"},"site-pages-type":"agency-mini","site-pages-page-builder":"elementor","site-pages-category":[],"site-pages-parent-category":{"139":"other"},"required-plugins":[{"slug":"elementor","init":"elementor\/elementor.php","name":"Elementor"},{"slug":"give","init":"give\/give.php","name":"Give - Donation Plugin"},{"slug":"ultimate-elementor","init":"ultimate-elementor\/ultimate-elementor.php","name":"Ultimate Addons for Elementor"}]}}},"id-44450":{"title":"Church","featured-image-url":"https:\/\/websitedemos.net\/wp-content\/uploads\/2020\/04\/church-03-homepage.jpg","thumbnail-image-url":"https:\/\/websitedemos.net\/wp-content\/uploads\/2020\/04\/church-03-homepage-600x800.jpg","fullpage-thumbnail-image-url":"https:\/\/websitedemos.net\/wp-content\/uploads\/2020\/04\/church-03-homepage-400x1311.jpg","astra-site-url":"\/\/websitedemos.net\/church-03","astra-site-parent-id":1428,"astra-sites-tag":{"897":"catholic-church","625":"charity","893":"church","898":"community-church","735":"donate"},"astra-sites-type":"agency-mini","astra-site-page-builder":"beaver-builder","astra-site-category":{"36":"other"},"required-plugins":[{"slug":"astra-addon","init":"astra-addon\/astra-addon.php","name":"Astra Pro"},{"slug":"beaver-builder-lite-version","init":"beaver-builder-lite-version\/fl-builder.php","name":"Beaver Builder Plugin (Lite Version)"},{"slug":"bb-ultimate-addon","init":"bb-ultimate-addon\/bb-ultimate-addon.php","name":"Ultimate Addons for Beaver Builder"},{"slug":"give","init":"give\/give.php","name":"Give - Donation Plugin"},{"slug":"wpforms-lite","init":"wpforms-lite\/wpforms.php","name":"WPForms Lite"}],"pages":{"id-44457":{"title":"Home","featured-image-url":"https:\/\/websitedemos.net\/wp-content\/uploads\/2020\/04\/church-03-homepage.jpg","thumbnail-image-url":"https:\/\/websitedemos.net\/wp-content\/uploads\/2020\/04\/church-03-homepage-600x800.jpg","astra-page-api-url":"https:\/\/websitedemos.net\/church-03\/wp-json\/wp\/v2\/pages\/307","dynamic-page":"no","astra-page-url":"\/\/websitedemos.net\/church-03\/","astra-sites-tag":{"423":"home"},"site-pages-type":"agency-mini","site-pages-page-builder":"beaver-builder","site-pages-category":[],"site-pages-parent-category":{"139":"other"},"required-plugins":[{"slug":"beaver-builder-lite-version","init":"beaver-builder-lite-version\/fl-builder.php","name":"Beaver Builder Plugin (Lite Version)"},{"slug":"bb-ultimate-addon","init":"bb-ultimate-addon\/bb-ultimate-addon.php","name":"Ultimate Addons for Beaver Builder"}]},"id-44451":{"title":"About us","featured-image-url":"https:\/\/websitedemos.net\/wp-content\/uploads\/2020\/04\/church-03-about-us.jpg","thumbnail-image-url":"https:\/\/websitedemos.net\/wp-content\/uploads\/2020\/04\/church-03-about-us-600x800.jpg","astra-page-api-url":"https:\/\/websitedemos.net\/church-03\/wp-json\/wp\/v2\/pages\/308","dynamic-page":"no","astra-page-url":"\/\/websitedemos.net\/church-03\/about-us\/","astra-sites-tag":{"352":"about"},"site-pages-type":"agency-mini","site-pages-page-builder":"beaver-builder","site-pages-category":[],"site-pages-parent-category":{"139":"other"},"required-plugins":[{"slug":"beaver-builder-lite-version","init":"beaver-builder-lite-version\/fl-builder.php","name":"Beaver Builder Plugin (Lite Version)"},{"slug":"bb-ultimate-addon","init":"bb-ultimate-addon\/bb-ultimate-addon.php","name":"Ultimate Addons for Beaver Builder"}]},"id-44455":{"title":"Get connected","featured-image-url":"https:\/\/websitedemos.net\/wp-content\/uploads\/2020\/04\/church-03-get-connected.jpg","thumbnail-image-url":"https:\/\/websitedemos.net\/wp-content\/uploads\/2020\/04\/church-03-get-connected-600x800.jpg","astra-page-api-url":"https:\/\/websitedemos.net\/church-03\/wp-json\/wp\/v2\/pages\/309","dynamic-page":"no","astra-page-url":"\/\/websitedemos.net\/church-03\/get-connected\/","astra-sites-tag":{"896":"get-connected"},"site-pages-type":"agency-mini","site-pages-page-builder":"beaver-builder","site-pages-category":[],"site-pages-parent-category":{"139":"other"},"required-plugins":[{"slug":"beaver-builder-lite-version","init":"beaver-builder-lite-version\/fl-builder.php","name":"Beaver Builder Plugin (Lite Version)"},{"slug":"bb-ultimate-addon","init":"bb-ultimate-addon\/bb-ultimate-addon.php","name":"Ultimate Addons for Beaver Builder"}]},"id-44458":{"title":"Sermons","featured-image-url":"https:\/\/websitedemos.net\/wp-content\/uploads\/2020\/04\/church-03-sermons.jpg","thumbnail-image-url":"https:\/\/websitedemos.net\/wp-content\/uploads\/2020\/04\/church-03-sermons-600x800.jpg","astra-page-api-url":"https:\/\/websitedemos.net\/church-03\/wp-json\/wp\/v2\/pages\/310","dynamic-page":"no","astra-page-url":"\/\/websitedemos.net\/church-03\/sermons\/","astra-sites-tag":{"892":"sermons"},"site-pages-type":"agency-mini","site-pages-page-builder":"beaver-builder","site-pages-category":[],"site-pages-parent-category":{"139":"other"},"required-plugins":[{"slug":"beaver-builder-lite-version","init":"beaver-builder-lite-version\/fl-builder.php","name":"Beaver Builder Plugin (Lite Version)"},{"slug":"bb-ultimate-addon","init":"bb-ultimate-addon\/bb-ultimate-addon.php","name":"Ultimate Addons for Beaver Builder"}]},"id-44454":{"title":"Events","featured-image-url":"https:\/\/websitedemos.net\/wp-content\/uploads\/2020\/04\/church-03-events.jpg","thumbnail-image-url":"https:\/\/websitedemos.net\/wp-content\/uploads\/2020\/04\/church-03-events-600x800.jpg","astra-page-api-url":"https:\/\/websitedemos.net\/church-03\/wp-json\/wp\/v2\/pages\/311","dynamic-page":"no","astra-page-url":"\/\/websitedemos.net\/church-03\/events\/","astra-sites-tag":{"409":"event"},"site-pages-type":"agency-mini","site-pages-page-builder":"beaver-builder","site-pages-category":[],"site-pages-parent-category":{"139":"other"},"required-plugins":[{"slug":"beaver-builder-lite-version","init":"beaver-builder-lite-version\/fl-builder.php","name":"Beaver Builder Plugin (Lite Version)"},{"slug":"bb-ultimate-addon","init":"bb-ultimate-addon\/bb-ultimate-addon.php","name":"Ultimate Addons for Beaver Builder"}]},"id-44453":{"title":"Contact","featured-image-url":"https:\/\/websitedemos.net\/wp-content\/uploads\/2020\/04\/church-03-contact.jpg","thumbnail-image-url":"https:\/\/websitedemos.net\/wp-content\/uploads\/2020\/04\/church-03-contact-600x800.jpg","astra-page-api-url":"https:\/\/websitedemos.net\/church-03\/wp-json\/wp\/v2\/pages\/313","dynamic-page":"no","astra-page-url":"\/\/websitedemos.net\/church-03\/contact\/","astra-sites-tag":{"415":"contact"},"site-pages-type":"agency-mini","site-pages-page-builder":"beaver-builder","site-pages-category":[],"site-pages-parent-category":{"139":"other"},"required-plugins":[{"slug":"beaver-builder-lite-version","init":"beaver-builder-lite-version\/fl-builder.php","name":"Beaver Builder Plugin (Lite Version)"},{"slug":"bb-ultimate-addon","init":"bb-ultimate-addon\/bb-ultimate-addon.php","name":"Ultimate Addons for Beaver Builder"},{"slug":"wpforms-lite","init":"wpforms-lite\/wpforms.php","name":"WPForms Lite"}]},"id-44456":{"title":"Give","featured-image-url":"https:\/\/websitedemos.net\/wp-content\/uploads\/2020\/04\/church-03-give.jpg","thumbnail-image-url":"https:\/\/websitedemos.net\/wp-content\/uploads\/2020\/04\/church-03-give-600x800.jpg","astra-page-api-url":"https:\/\/websitedemos.net\/church-03\/wp-json\/wp\/v2\/pages\/312","dynamic-page":"no","astra-page-url":"\/\/websitedemos.net\/church-03\/give\/","astra-sites-tag":{"735":"donate","1015":"give"},"site-pages-type":"agency-mini","site-pages-page-builder":"beaver-builder","site-pages-category":[],"site-pages-parent-category":{"139":"other"},"required-plugins":[{"slug":"beaver-builder-lite-version","init":"beaver-builder-lite-version\/fl-builder.php","name":"Beaver Builder Plugin (Lite Version)"},{"slug":"give","init":"give\/give.php","name":"Give - Donation Plugin"},{"slug":"bb-ultimate-addon","init":"bb-ultimate-addon\/bb-ultimate-addon.php","name":"Ultimate Addons for Beaver Builder"}]}}},"id-45643":{"title":"Cosmetics Store","featured-image-url":"https:\/\/websitedemos.net\/wp-content\/uploads\/2020\/04\/cosmetic-store-homepage.jpg","thumbnail-image-url":"https:\/\/websitedemos.net\/wp-content\/uploads\/2020\/04\/cosmetic-store-homepage-600x800.jpg","fullpage-thumbnail-image-url":"https:\/\/websitedemos.net\/wp-content\/uploads\/2020\/04\/cosmetic-store-homepage-400x1628.jpg","astra-site-url":"\/\/websitedemos.net\/cosmetics-store-02","astra-site-parent-id":1461,"astra-sites-tag":{"1465":"beauty-products","1466":"cosmetic-products","1464":"cosmetic-store","1463":"cosmetics","496":"ecommerce","1024":"woocommerce"},"astra-sites-type":"free","astra-site-page-builder":"elementor","astra-site-category":{"38":"ecommerce","39":"free"},"required-plugins":[{"slug":"elementor","init":"elementor\/elementor.php","name":"Elementor"},{"slug":"woocommerce","init":"woocommerce\/woocommerce.php","name":"WooCommerce"},{"slug":"wpforms-lite","init":"wpforms-lite\/wpforms.php","name":"WPForms Lite"}],"pages":{"id-46041":{"title":"Home","featured-image-url":"https:\/\/websitedemos.net\/wp-content\/uploads\/2020\/04\/cosmetic-store-homepage.jpg","thumbnail-image-url":"https:\/\/websitedemos.net\/wp-content\/uploads\/2020\/04\/cosmetic-store-homepage-600x800.jpg","astra-page-api-url":"https:\/\/websitedemos.net\/cosmetics-store-02\/wp-json\/wp\/v2\/pages\/5","dynamic-page":"yes","astra-page-url":"\/\/websitedemos.net\/cosmetics-store-02\/","astra-sites-tag":{"423":"home"},"site-pages-type":"free","site-pages-page-builder":"elementor","site-pages-category":[],"site-pages-parent-category":{"64":"ecommerce","61":"free"},"required-plugins":[{"slug":"elementor","init":"elementor\/elementor.php","name":"Elementor"},{"slug":"wpforms-lite","init":"wpforms-lite\/wpforms.php","name":"WPForms Lite"}]},"id-46042":{"title":"Testimonials","featured-image-url":"https:\/\/websitedemos.net\/wp-content\/uploads\/2020\/04\/cosmetics-store-01-testimonialspage.jpg","thumbnail-image-url":"https:\/\/websitedemos.net\/wp-content\/uploads\/2020\/04\/cosmetics-store-01-testimonialspage-600x800.jpg","astra-page-api-url":"https:\/\/websitedemos.net\/cosmetics-store-02\/wp-json\/wp\/v2\/pages\/13","dynamic-page":"no","astra-page-url":"\/\/websitedemos.net\/cosmetics-store-02\/testimonials\/","astra-sites-tag":{"432":"review","433":"testimonials"},"site-pages-type":"free","site-pages-page-builder":"elementor","site-pages-category":[],"site-pages-parent-category":{"64":"ecommerce","61":"free"},"required-plugins":[{"slug":"elementor","init":"elementor\/elementor.php","name":"Elementor"},{"slug":"wpforms-lite","init":"wpforms-lite\/wpforms.php","name":"WPForms Lite"}]},"id-46039":{"title":"About","featured-image-url":"https:\/\/websitedemos.net\/wp-content\/uploads\/2020\/04\/cosmetics-store-01-aboutpage.jpg","thumbnail-image-url":"https:\/\/websitedemos.net\/wp-content\/uploads\/2020\/04\/cosmetics-store-01-aboutpage-600x800.jpg","astra-page-api-url":"https:\/\/websitedemos.net\/cosmetics-store-02\/wp-json\/wp\/v2\/pages\/9","dynamic-page":"no","astra-page-url":"\/\/websitedemos.net\/cosmetics-store-02\/about\/","astra-sites-tag":{"352":"about"},"site-pages-type":"free","site-pages-page-builder":"elementor","site-pages-category":[],"site-pages-parent-category":{"64":"ecommerce","61":"free"},"required-plugins":[{"slug":"elementor","init":"elementor\/elementor.php","name":"Elementor"}]},"id-46040":{"title":"Contact","featured-image-url":"https:\/\/websitedemos.net\/wp-content\/uploads\/2020\/04\/cosmetics-store-01-contactpage.jpg","thumbnail-image-url":"https:\/\/websitedemos.net\/wp-content\/uploads\/2020\/04\/cosmetics-store-01-contactpage-600x800.jpg","astra-page-api-url":"https:\/\/websitedemos.net\/cosmetics-store-02\/wp-json\/wp\/v2\/pages\/7","dynamic-page":"no","astra-page-url":"\/\/websitedemos.net\/cosmetics-store-02\/contact\/","astra-sites-tag":{"415":"contact"},"site-pages-type":"free","site-pages-page-builder":"elementor","site-pages-category":[],"site-pages-parent-category":{"64":"ecommerce","61":"free"},"required-plugins":[{"slug":"elementor","init":"elementor\/elementor.php","name":"Elementor"},{"slug":"wpforms-lite","init":"wpforms-lite\/wpforms.php","name":"WPForms Lite"}]}}},"id-48591":{"title":"Cosmetics Store","featured-image-url":"https:\/\/websitedemos.net\/wp-content\/uploads\/2020\/10\/cosmetics-store-08-home.jpg","thumbnail-image-url":"https:\/\/websitedemos.net\/wp-content\/uploads\/2020\/10\/cosmetics-store-08-home-600x800.jpg","fullpage-thumbnail-image-url":"https:\/\/websitedemos.net\/wp-content\/uploads\/2020\/10\/cosmetics-store-08-home-400x1625.jpg","astra-site-url":"\/\/websitedemos.net\/cosmetics-store-08","astra-site-parent-id":1748,"astra-sites-tag":{"1023":"beauty","1465":"beauty-products","1466":"cosmetic-products","1464":"cosmetic-store","1463":"cosmetics","496":"ecommerce","1024":"woocommerce"},"astra-sites-type":"free","astra-site-page-builder":"gutenberg","astra-site-category":{"38":"ecommerce","39":"free"},"required-plugins":[{"slug":"wpforms-lite","init":"wpforms-lite\/wpforms.php","name":"WPForms Lite"}],"pages":{"id-48594":{"title":"Home","featured-image-url":"https:\/\/websitedemos.net\/wp-content\/uploads\/2020\/10\/cosmetics-store-08-home.jpg","thumbnail-image-url":"https:\/\/websitedemos.net\/wp-content\/uploads\/2020\/10\/cosmetics-store-08-home-600x800.jpg","astra-page-api-url":"https:\/\/websitedemos.net\/cosmetics-store-08\/wp-json\/wp\/v2\/pages\/542","dynamic-page":"no","astra-page-url":"\/\/websitedemos.net\/cosmetics-store-08\/","astra-sites-tag":{"423":"home"},"site-pages-type":"free","site-pages-page-builder":"gutenberg","site-pages-category":[],"site-pages-parent-category":{"64":"ecommerce","61":"free"},"required-plugins":[{"slug":"gutenberg","init":"gutenberg\/gutenberg.php","name":"Gutenberg"}]},"id-48592":{"title":"About","featured-image-url":"https:\/\/websitedemos.net\/wp-content\/uploads\/2020\/10\/cosmetics-store-08-about.jpg","thumbnail-image-url":"https:\/\/websitedemos.net\/wp-content\/uploads\/2020\/10\/cosmetics-store-08-about-600x800.jpg","astra-page-api-url":"https:\/\/websitedemos.net\/cosmetics-store-08\/wp-json\/wp\/v2\/pages\/545","dynamic-page":"no","astra-page-url":"\/\/websitedemos.net\/cosmetics-store-08\/about\/","astra-sites-tag":{"352":"about"},"site-pages-type":"free","site-pages-page-builder":"gutenberg","site-pages-category":[],"site-pages-parent-category":{"64":"ecommerce","61":"free"},"required-plugins":[{"slug":"gutenberg","init":"gutenberg\/gutenberg.php","name":"Gutenberg"}]},"id-48595":{"title":"Testimonials","featured-image-url":"https:\/\/websitedemos.net\/wp-content\/uploads\/2020\/10\/cosmetics-store-08-testinomials.jpg","thumbnail-image-url":"https:\/\/websitedemos.net\/wp-content\/uploads\/2020\/10\/cosmetics-store-08-testinomials-600x800.jpg","astra-page-api-url":"https:\/\/websitedemos.net\/cosmetics-store-08\/wp-json\/wp\/v2\/pages\/544","dynamic-page":"no","astra-page-url":"\/\/websitedemos.net\/cosmetics-store-08\/testimonials\/","astra-sites-tag":{"433":"testimonials"},"site-pages-type":"free","site-pages-page-builder":"gutenberg","site-pages-category":[],"site-pages-parent-category":{"64":"ecommerce","61":"free"},"required-plugins":[{"slug":"gutenberg","init":"gutenberg\/gutenberg.php","name":"Gutenberg"}]},"id-48593":{"title":"Contact","featured-image-url":"https:\/\/websitedemos.net\/wp-content\/uploads\/2020\/10\/cosmetics-store-08-contact.jpg","thumbnail-image-url":"https:\/\/websitedemos.net\/wp-content\/uploads\/2020\/10\/cosmetics-store-08-contact-600x800.jpg","astra-page-api-url":"https:\/\/websitedemos.net\/cosmetics-store-08\/wp-json\/wp\/v2\/pages\/546","dynamic-page":"no","astra-page-url":"\/\/websitedemos.net\/cosmetics-store-08\/contact\/","astra-sites-tag":{"415":"contact"},"site-pages-type":"free","site-pages-page-builder":"gutenberg","site-pages-category":[],"site-pages-parent-category":{"64":"ecommerce","61":"free"},"required-plugins":[{"slug":"wpforms-lite","init":"wpforms-lite\/wpforms.php","name":"WPForms Lite"}]}}}}