{"id-52865":{"title":"Contact Form 1","featured-image-url":"https:\/\/websitedemos.net\/wp-content\/uploads\/2021\/05\/contact-form-1e.jpg","thumbnail-image-url":"https:\/\/websitedemos.net\/wp-content\/uploads\/2021\/05\/contact-form-1e-400x210.jpg","url":"https:\/\/websitedemos.net\/astra-blocks\/contact-form-1e\/","tag":{"823":"contact","1955":"contact-form"},"category":1416,"page-builder":"elementor","filter":"light","required-plugins":[{"slug":"wpforms-lite","init":"wpforms-lite\/wpforms.php","name":"WPForms Lite"}]},"id-52866":{"title":"Contact Form 2","featured-image-url":"https:\/\/websitedemos.net\/wp-content\/uploads\/2021\/05\/contact-form-2e.jpg","thumbnail-image-url":"https:\/\/websitedemos.net\/wp-content\/uploads\/2021\/05\/contact-form-2e-400x206.jpg","url":"https:\/\/websitedemos.net\/astra-blocks\/contact-form-2e\/","tag":{"823":"contact","1955":"contact-form"},"category":1416,"page-builder":"elementor","filter":"light","required-plugins":[{"slug":"wpforms-lite","init":"wpforms-lite\/wpforms.php","name":"WPForms Lite"}]},"id-52867":{"title":"Contact Form 3","featured-image-url":"https:\/\/websitedemos.net\/wp-content\/uploads\/2021\/05\/contact-form-3e.jpg","thumbnail-image-url":"https:\/\/websitedemos.net\/wp-content\/uploads\/2021\/05\/contact-form-3e-400x218.jpg","url":"https:\/\/websitedemos.net\/astra-blocks\/contact-form-3e\/","tag":{"823":"contact","1955":"contact-form"},"category":1416,"page-builder":"elementor","filter":"light","required-plugins":[{"slug":"wpforms-lite","init":"wpforms-lite\/wpforms.php","name":"WPForms Lite"}]},"id-52868":{"title":"Contact Form 4","featured-image-url":"https:\/\/websitedemos.net\/wp-content\/uploads\/2021\/05\/contact-form-4e.jpg","thumbnail-image-url":"https:\/\/websitedemos.net\/wp-content\/uploads\/2021\/05\/contact-form-4e-400x174.jpg","url":"https:\/\/websitedemos.net\/astra-blocks\/contact-form-4e\/","tag":{"823":"contact","1955":"contact-form"},"category":1416,"page-builder":"elementor","filter":"light","required-plugins":[{"slug":"wpforms-lite","init":"wpforms-lite\/wpforms.php","name":"WPForms Lite"}]},"id-52857":{"title":"Subscribe Form 6","featured-image-url":"https:\/\/websitedemos.net\/wp-content\/uploads\/2021\/05\/subscribe-form-6e.jpg","thumbnail-image-url":"https:\/\/websitedemos.net\/wp-content\/uploads\/2021\/05\/subscribe-form-6e-400x150.jpg","url":"https:\/\/websitedemos.net\/astra-blocks\/subscribe-form-6e\/","tag":{"1956":"subscribe-form"},"category":1953,"page-builder":"elementor","filter":"light","required-plugins":[{"slug":"wpforms-lite","init":"wpforms-lite\/wpforms.php","name":"WPForms Lite"}]},"id-52808":{"title":"Subscribe Form 2","featured-image-url":"https:\/\/websitedemos.net\/wp-content\/uploads\/2021\/05\/subscribe-form-2e.jpg","thumbnail-image-url":"https:\/\/websitedemos.net\/wp-content\/uploads\/2021\/05\/subscribe-form-2e-400x185.jpg","url":"https:\/\/websitedemos.net\/astra-blocks\/subscribe-form-2e\/","tag":{"1956":"subscribe-form"},"category":1953,"page-builder":"elementor","filter":"light","required-plugins":[{"slug":"wpforms-lite","init":"wpforms-lite\/wpforms.php","name":"WPForms Lite"}]},"id-52809":{"title":"Subscribe Form 3","featured-image-url":"https:\/\/websitedemos.net\/wp-content\/uploads\/2021\/05\/subscribe-form-3e.jpg","thumbnail-image-url":"https:\/\/websitedemos.net\/wp-content\/uploads\/2021\/05\/subscribe-form-3e-400x185.jpg","url":"https:\/\/websitedemos.net\/astra-blocks\/subscribe-form-3e\/","tag":{"1956":"subscribe-form"},"category":1953,"page-builder":"elementor","filter":"light","required-plugins":[{"slug":"wpforms-lite","init":"wpforms-lite\/wpforms.php","name":"WPForms Lite"}]},"id-52810":{"title":"Subscribe Form 4","featured-image-url":"https:\/\/websitedemos.net\/wp-content\/uploads\/2021\/05\/subscribe-form-4e.jpg","thumbnail-image-url":"https:\/\/websitedemos.net\/wp-content\/uploads\/2021\/05\/subscribe-form-4e-400x155.jpg","url":"https:\/\/websitedemos.net\/astra-blocks\/subscribe-form-4e\/","tag":{"1956":"subscribe-form"},"category":1953,"page-builder":"elementor","filter":"light","required-plugins":[{"slug":"wpforms-lite","init":"wpforms-lite\/wpforms.php","name":"WPForms Lite"}]},"id-52811":{"title":"Subscribe Form 5","featured-image-url":"https:\/\/websitedemos.net\/wp-content\/uploads\/2021\/05\/subscribe-form-5e.jpg","thumbnail-image-url":"https:\/\/websitedemos.net\/wp-content\/uploads\/2021\/05\/subscribe-form-5e-400x80.jpg","url":"https:\/\/websitedemos.net\/astra-blocks\/subscribe-form-5e\/","tag":{"1956":"subscribe-form"},"category":1953,"page-builder":"elementor","filter":"light","required-plugins":[{"slug":"wpforms-lite","init":"wpforms-lite\/wpforms.php","name":"WPForms Lite"}]},"id-52797":{"title":"Subscribe Form 1","featured-image-url":"https:\/\/websitedemos.net\/wp-content\/uploads\/2021\/05\/subscribe-form-1e.jpg","thumbnail-image-url":"https:\/\/websitedemos.net\/wp-content\/uploads\/2021\/05\/subscribe-form-1e-400x122.jpg","url":"https:\/\/websitedemos.net\/astra-blocks\/subscribe-form-1e\/","tag":{"1956":"subscribe-form"},"category":1953,"page-builder":"elementor","filter":"light","required-plugins":[{"slug":"wpforms-lite","init":"wpforms-lite\/wpforms.php","name":"WPForms Lite"}]},"id-52796":{"title":"Call to Action 5","featured-image-url":"https:\/\/websitedemos.net\/wp-content\/uploads\/2021\/05\/call-to-action-5e.jpg","thumbnail-image-url":"https:\/\/websitedemos.net\/wp-content\/uploads\/2021\/05\/call-to-action-5e-400x71.jpg","url":"https:\/\/websitedemos.net\/astra-blocks\/call-to-action-5e\/","tag":{"819":"call-to-action"},"category":832,"page-builder":"elementor","filter":"light","required-plugins":[]},"id-52795":{"title":"Call to Action 4","featured-image-url":"https:\/\/websitedemos.net\/wp-content\/uploads\/2021\/05\/call-to-action-4e.jpg","thumbnail-image-url":"https:\/\/websitedemos.net\/wp-content\/uploads\/2021\/05\/call-to-action-4e-400x273.jpg","url":"https:\/\/websitedemos.net\/astra-blocks\/call-to-action-4e\/","tag":{"819":"call-to-action"},"category":832,"page-builder":"elementor","filter":"light","required-plugins":[]},"id-52794":{"title":"Call to Action 3","featured-image-url":"https:\/\/websitedemos.net\/wp-content\/uploads\/2021\/05\/call-to-action-3e.jpg","thumbnail-image-url":"https:\/\/websitedemos.net\/wp-content\/uploads\/2021\/05\/call-to-action-3e-400x186.jpg","url":"https:\/\/websitedemos.net\/astra-blocks\/call-to-action-3e\/","tag":{"819":"call-to-action"},"category":832,"page-builder":"elementor","filter":"light","required-plugins":[]},"id-52793":{"title":"Call to Action 2","featured-image-url":"https:\/\/websitedemos.net\/wp-content\/uploads\/2021\/05\/call-to-action-2e.jpg","thumbnail-image-url":"https:\/\/websitedemos.net\/wp-content\/uploads\/2021\/05\/call-to-action-2e-400x117.jpg","url":"https:\/\/websitedemos.net\/astra-blocks\/call-to-action-2e\/","tag":{"819":"call-to-action"},"category":832,"page-builder":"elementor","filter":"light","required-plugins":[]},"id-52792":{"title":"Call to Action 1","featured-image-url":"https:\/\/websitedemos.net\/wp-content\/uploads\/2021\/05\/call-to-action-1e.jpg","thumbnail-image-url":"https:\/\/websitedemos.net\/wp-content\/uploads\/2021\/05\/call-to-action-1e-400x100.jpg","url":"https:\/\/websitedemos.net\/astra-blocks\/call-to-action-1e\/","tag":{"819":"call-to-action"},"category":832,"page-builder":"elementor","filter":"light","required-plugins":[]},"id-52712":{"title":"FAQ 1","featured-image-url":"https:\/\/websitedemos.net\/wp-content\/uploads\/2021\/05\/faq-1e.jpg","thumbnail-image-url":"https:\/\/websitedemos.net\/wp-content\/uploads\/2021\/05\/faq-1e-400x140.jpg","url":"https:\/\/websitedemos.net\/astra-blocks\/faq-1e\/","tag":{"822":"faq","821":"frequently-asked-questions"},"category":1001,"page-builder":"elementor","filter":"light","required-plugins":[]},"id-52713":{"title":"FAQ 2","featured-image-url":"https:\/\/websitedemos.net\/wp-content\/uploads\/2021\/05\/faq-2e.jpg","thumbnail-image-url":"https:\/\/websitedemos.net\/wp-content\/uploads\/2021\/05\/faq-2e-400x167.jpg","url":"https:\/\/websitedemos.net\/astra-blocks\/faq-2e\/","tag":{"822":"faq","821":"frequently-asked-questions"},"category":1001,"page-builder":"elementor","filter":"light","required-plugins":[]},"id-52714":{"title":"FAQ 3","featured-image-url":"https:\/\/websitedemos.net\/wp-content\/uploads\/2021\/05\/faq-3e.jpg","thumbnail-image-url":"https:\/\/websitedemos.net\/wp-content\/uploads\/2021\/05\/faq-3e-400x174.jpg","url":"https:\/\/websitedemos.net\/astra-blocks\/faq-3e\/","tag":{"822":"faq","821":"frequently-asked-questions"},"category":1001,"page-builder":"elementor","filter":"light","required-plugins":[]},"id-52715":{"title":"FAQ 4","featured-image-url":"https:\/\/websitedemos.net\/wp-content\/uploads\/2021\/05\/faq-4e.jpg","thumbnail-image-url":"https:\/\/websitedemos.net\/wp-content\/uploads\/2021\/05\/faq-4e-400x191.jpg","url":"https:\/\/websitedemos.net\/astra-blocks\/faq-4e\/","tag":{"822":"faq","821":"frequently-asked-questions"},"category":1001,"page-builder":"elementor","filter":"light","required-plugins":[]},"id-52716":{"title":"FAQ 5","featured-image-url":"https:\/\/websitedemos.net\/wp-content\/uploads\/2021\/05\/faq-5e.jpg","thumbnail-image-url":"https:\/\/websitedemos.net\/wp-content\/uploads\/2021\/05\/faq-5e-400x190.jpg","url":"https:\/\/websitedemos.net\/astra-blocks\/faq-5e\/","tag":{"822":"faq","821":"frequently-asked-questions"},"category":1001,"page-builder":"elementor","filter":"light","required-plugins":[]},"id-52678":{"title":"Main Banner 9","featured-image-url":"https:\/\/websitedemos.net\/wp-content\/uploads\/2021\/05\/main-banner-9e.jpg","thumbnail-image-url":"https:\/\/websitedemos.net\/wp-content\/uploads\/2021\/05\/main-banner-9e-400x320.jpg","url":"https:\/\/websitedemos.net\/astra-blocks\/main-banner-9e\/","tag":{"1952":"main-banner"},"category":1951,"page-builder":"elementor","filter":"light","required-plugins":[]},"id-52677":{"title":"Main Banner 8","featured-image-url":"https:\/\/websitedemos.net\/wp-content\/uploads\/2021\/05\/main-banner-8e.jpg","thumbnail-image-url":"https:\/\/websitedemos.net\/wp-content\/uploads\/2021\/05\/main-banner-8e-400x164.jpg","url":"https:\/\/websitedemos.net\/astra-blocks\/main-banner-8e\/","tag":{"1952":"main-banner"},"category":1951,"page-builder":"elementor","filter":"light","required-plugins":[]},"id-52676":{"title":"Main Banner 7","featured-image-url":"https:\/\/websitedemos.net\/wp-content\/uploads\/2021\/05\/main-banner-7e.jpg","thumbnail-image-url":"https:\/\/websitedemos.net\/wp-content\/uploads\/2021\/05\/main-banner-7e-400x163.jpg","url":"https:\/\/websitedemos.net\/astra-blocks\/main-banner-7e\/","tag":{"1952":"main-banner"},"category":1951,"page-builder":"elementor","filter":"light","required-plugins":[]},"id-52675":{"title":"Main Banner 6","featured-image-url":"https:\/\/websitedemos.net\/wp-content\/uploads\/2021\/05\/main-banner-6e.jpg","thumbnail-image-url":"https:\/\/websitedemos.net\/wp-content\/uploads\/2021\/05\/main-banner-6e-400x226.jpg","url":"https:\/\/websitedemos.net\/astra-blocks\/main-banner-6e\/","tag":{"1952":"main-banner"},"category":1951,"page-builder":"elementor","filter":"light","required-plugins":[]},"id-52674":{"title":"Main Banner 5","featured-image-url":"https:\/\/websitedemos.net\/wp-content\/uploads\/2021\/05\/main-banner-5e.jpg","thumbnail-image-url":"https:\/\/websitedemos.net\/wp-content\/uploads\/2021\/05\/main-banner-5e-400x225.jpg","url":"https:\/\/websitedemos.net\/astra-blocks\/main-banner-5e\/","tag":{"1952":"main-banner"},"category":1951,"page-builder":"elementor","filter":"light","required-plugins":[]},"id-52673":{"title":"Main Banner 4","featured-image-url":"https:\/\/websitedemos.net\/wp-content\/uploads\/2021\/05\/main-banner-4e.jpg","thumbnail-image-url":"https:\/\/websitedemos.net\/wp-content\/uploads\/2021\/05\/main-banner-4e-400x159.jpg","url":"https:\/\/websitedemos.net\/astra-blocks\/main-banner-4e\/","tag":{"1952":"main-banner"},"category":1951,"page-builder":"elementor","filter":"light","required-plugins":[]},"id-52672":{"title":"Main Banner 3","featured-image-url":"https:\/\/websitedemos.net\/wp-content\/uploads\/2021\/05\/main-banner-3e.jpg","thumbnail-image-url":"https:\/\/websitedemos.net\/wp-content\/uploads\/2021\/05\/main-banner-3e-400x159.jpg","url":"https:\/\/websitedemos.net\/astra-blocks\/main-banner-3e\/","tag":{"1952":"main-banner"},"category":1951,"page-builder":"elementor","filter":"light","required-plugins":[]},"id-52671":{"title":"Main Banner 2","featured-image-url":"https:\/\/websitedemos.net\/wp-content\/uploads\/2021\/05\/main-banner-2e.jpg","thumbnail-image-url":"https:\/\/websitedemos.net\/wp-content\/uploads\/2021\/05\/main-banner-2e-400x242.jpg","url":"https:\/\/websitedemos.net\/astra-blocks\/main-banner-2e\/","tag":{"1952":"main-banner"},"category":1951,"page-builder":"elementor","filter":"light","required-plugins":[]},"id-52670":{"title":"Main Banner 1","featured-image-url":"https:\/\/websitedemos.net\/wp-content\/uploads\/2021\/05\/main-banner-1e.jpg","thumbnail-image-url":"https:\/\/websitedemos.net\/wp-content\/uploads\/2021\/05\/main-banner-1e-400x243.jpg","url":"https:\/\/websitedemos.net\/astra-blocks\/main-banner-1e\/","tag":{"1952":"main-banner"},"category":1951,"page-builder":"elementor","filter":"light","required-plugins":[]},"id-52656":{"title":"Location And Hours 6","featured-image-url":"https:\/\/websitedemos.net\/wp-content\/uploads\/2021\/05\/location-and-hours-6e.jpg","thumbnail-image-url":"https:\/\/websitedemos.net\/wp-content\/uploads\/2021\/05\/location-and-hours-6e-400x158.jpg","url":"https:\/\/websitedemos.net\/astra-blocks\/location-and-hours-6e\/","tag":{"823":"contact","1957":"location-and-hours"},"category":1416,"page-builder":"elementor","filter":"","required-plugins":[]},"id-52655":{"title":"Location And Hours 5","featured-image-url":"https:\/\/websitedemos.net\/wp-content\/uploads\/2021\/05\/location-and-hours-5e.jpg","thumbnail-image-url":"https:\/\/websitedemos.net\/wp-content\/uploads\/2021\/05\/location-and-hours-5e-400x169.jpg","url":"https:\/\/websitedemos.net\/astra-blocks\/location-and-hours-5e\/","tag":{"823":"contact","1957":"location-and-hours"},"category":1416,"page-builder":"elementor","filter":"","required-plugins":[]},"id-52654":{"title":"Location And Hours 4","featured-image-url":"https:\/\/websitedemos.net\/wp-content\/uploads\/2021\/05\/location-and-hours-4e.jpg","thumbnail-image-url":"https:\/\/websitedemos.net\/wp-content\/uploads\/2021\/05\/location-and-hours-4e-400x164.jpg","url":"https:\/\/websitedemos.net\/astra-blocks\/location-and-hours-4e\/","tag":{"823":"contact","1957":"location-and-hours"},"category":1416,"page-builder":"elementor","filter":"light","required-plugins":[]},"id-52653":{"title":"Location And Hours 3","featured-image-url":"https:\/\/websitedemos.net\/wp-content\/uploads\/2021\/05\/location-and-hours-3e.jpg","thumbnail-image-url":"https:\/\/websitedemos.net\/wp-content\/uploads\/2021\/05\/location-and-hours-3e-400x205.jpg","url":"https:\/\/websitedemos.net\/astra-blocks\/location-and-hours-3e\/","tag":{"823":"contact","1957":"location-and-hours"},"category":1416,"page-builder":"elementor","filter":"light","required-plugins":[]},"id-52652":{"title":"Location And Hours 2","featured-image-url":"https:\/\/websitedemos.net\/wp-content\/uploads\/2021\/05\/location-and-hours-2e.jpg","thumbnail-image-url":"https:\/\/websitedemos.net\/wp-content\/uploads\/2021\/05\/location-and-hours-2e-400x235.jpg","url":"https:\/\/websitedemos.net\/astra-blocks\/location-and-hours-2e\/","tag":{"823":"contact","1957":"location-and-hours"},"category":1416,"page-builder":"elementor","filter":"","required-plugins":[]},"id-52651":{"title":"Location And Hours 1","featured-image-url":"https:\/\/websitedemos.net\/wp-content\/uploads\/2021\/05\/location-and-hours-1e.jpg","thumbnail-image-url":"https:\/\/websitedemos.net\/wp-content\/uploads\/2021\/05\/location-and-hours-1e-400x169.jpg","url":"https:\/\/websitedemos.net\/astra-blocks\/location-and-hours-1e\/","tag":{"823":"contact","1957":"location-and-hours"},"category":1416,"page-builder":"elementor","filter":"light","required-plugins":[]},"id-52586":{"title":"Services 4","featured-image-url":"https:\/\/websitedemos.net\/wp-content\/uploads\/2021\/05\/services-4e.jpg","thumbnail-image-url":"https:\/\/websitedemos.net\/wp-content\/uploads\/2021\/05\/services-4e-400x195.jpg","url":"https:\/\/websitedemos.net\/astra-blocks\/services-4e\/","tag":{"953":"services"},"category":952,"page-builder":"elementor","filter":"light","required-plugins":[]},"id-52589":{"title":"Services 5","featured-image-url":"https:\/\/websitedemos.net\/wp-content\/uploads\/2021\/05\/services-5e.jpg","thumbnail-image-url":"https:\/\/websitedemos.net\/wp-content\/uploads\/2021\/05\/services-5e-400x163.jpg","url":"https:\/\/websitedemos.net\/astra-blocks\/services-5e\/","tag":{"953":"services"},"category":952,"page-builder":"elementor","filter":"light","required-plugins":[]},"id-52595":{"title":"About 8","featured-image-url":"https:\/\/websitedemos.net\/wp-content\/uploads\/2021\/05\/about-8e.jpg","thumbnail-image-url":"https:\/\/websitedemos.net\/wp-content\/uploads\/2021\/05\/about-8e-400x121.jpg","url":"https:\/\/websitedemos.net\/astra-blocks\/about-8e\/","tag":{"818":"about"},"category":825,"page-builder":"elementor","filter":"light","required-plugins":[]},"id-52585":{"title":"Services 3","featured-image-url":"https:\/\/websitedemos.net\/wp-content\/uploads\/2021\/05\/services-3e.jpg","thumbnail-image-url":"https:\/\/websitedemos.net\/wp-content\/uploads\/2021\/05\/services-3e-400x168.jpg","url":"https:\/\/websitedemos.net\/astra-blocks\/services-3e\/","tag":{"953":"services"},"category":952,"page-builder":"elementor","filter":"light","required-plugins":[]},"id-52594":{"title":"About 7","featured-image-url":"https:\/\/websitedemos.net\/wp-content\/uploads\/2021\/05\/about-7e.jpg","thumbnail-image-url":"https:\/\/websitedemos.net\/wp-content\/uploads\/2021\/05\/about-7e-400x117.jpg","url":"https:\/\/websitedemos.net\/astra-blocks\/about-7e\/","tag":{"818":"about"},"category":825,"page-builder":"elementor","filter":"light","required-plugins":[]},"id-52584":{"title":"Services 2","featured-image-url":"https:\/\/websitedemos.net\/wp-content\/uploads\/2021\/05\/services-2e.jpg","thumbnail-image-url":"https:\/\/websitedemos.net\/wp-content\/uploads\/2021\/05\/services-2e-400x135.jpg","url":"https:\/\/websitedemos.net\/astra-blocks\/services-2e\/","tag":{"953":"services"},"category":952,"page-builder":"elementor","filter":"light","required-plugins":[]},"id-52593":{"title":"About 6","featured-image-url":"https:\/\/websitedemos.net\/wp-content\/uploads\/2021\/05\/about-6e.jpg","thumbnail-image-url":"https:\/\/websitedemos.net\/wp-content\/uploads\/2021\/05\/about-6e-400x118.jpg","url":"https:\/\/websitedemos.net\/astra-blocks\/about-6e\/","tag":{"818":"about"},"category":825,"page-builder":"elementor","filter":"light","required-plugins":[]},"id-52592":{"title":"About 5","featured-image-url":"https:\/\/websitedemos.net\/wp-content\/uploads\/2021\/05\/about-5e.jpg","thumbnail-image-url":"https:\/\/websitedemos.net\/wp-content\/uploads\/2021\/05\/about-5e-400x119.jpg","url":"https:\/\/websitedemos.net\/astra-blocks\/about-5e\/","tag":{"818":"about"},"category":825,"page-builder":"elementor","filter":"light","required-plugins":[]},"id-52591":{"title":"About 4","featured-image-url":"https:\/\/websitedemos.net\/wp-content\/uploads\/2021\/05\/about-4e.jpg","thumbnail-image-url":"https:\/\/websitedemos.net\/wp-content\/uploads\/2021\/05\/about-4e-400x110.jpg","url":"https:\/\/websitedemos.net\/astra-blocks\/about-4e\/","tag":{"818":"about"},"category":825,"page-builder":"elementor","filter":"light","required-plugins":[]},"id-52583":{"title":"Services 1","featured-image-url":"https:\/\/websitedemos.net\/wp-content\/uploads\/2021\/05\/services-1e.jpg","thumbnail-image-url":"https:\/\/websitedemos.net\/wp-content\/uploads\/2021\/05\/services-1e-400x136.jpg","url":"https:\/\/websitedemos.net\/astra-blocks\/services-1e\/","tag":{"953":"services"},"category":952,"page-builder":"elementor","filter":"light","required-plugins":[]},"id-52590":{"title":"About 3","featured-image-url":"https:\/\/websitedemos.net\/wp-content\/uploads\/2021\/05\/about-3e.jpg","thumbnail-image-url":"https:\/\/websitedemos.net\/wp-content\/uploads\/2021\/05\/about-3e-400x242.jpg","url":"https:\/\/websitedemos.net\/astra-blocks\/about-3e\/","tag":{"818":"about"},"category":825,"page-builder":"elementor","filter":"light","required-plugins":[]},"id-52588":{"title":"About 2","featured-image-url":"https:\/\/websitedemos.net\/wp-content\/uploads\/2021\/05\/about-2e.jpg","thumbnail-image-url":"https:\/\/websitedemos.net\/wp-content\/uploads\/2021\/05\/about-2e-400x190.jpg","url":"https:\/\/websitedemos.net\/astra-blocks\/about-2e\/","tag":{"818":"about"},"category":825,"page-builder":"elementor","filter":"light","required-plugins":[]},"id-52587":{"title":"About 1","featured-image-url":"https:\/\/websitedemos.net\/wp-content\/uploads\/2021\/05\/about-1e.jpg","thumbnail-image-url":"https:\/\/websitedemos.net\/wp-content\/uploads\/2021\/05\/about-1e-400x189.jpg","url":"https:\/\/websitedemos.net\/astra-blocks\/about-1e\/","tag":{"818":"about"},"category":825,"page-builder":"elementor","filter":"light","required-plugins":[]},"id-52528":{"title":"Image and Text 10","featured-image-url":"https:\/\/websitedemos.net\/wp-content\/uploads\/2021\/05\/image-and-text-10e.jpg","thumbnail-image-url":"https:\/\/websitedemos.net\/wp-content\/uploads\/2021\/05\/image-and-text-10e-400x271.jpg","url":"https:\/\/websitedemos.net\/astra-blocks\/image-and-text-10e\/","tag":{"1949":"image-and-text"},"category":1948,"page-builder":"elementor","filter":"light","required-plugins":[]},"id-52529":{"title":"Image and Text 9","featured-image-url":"https:\/\/websitedemos.net\/wp-content\/uploads\/2021\/05\/image-and-text-9e.jpg","thumbnail-image-url":"https:\/\/websitedemos.net\/wp-content\/uploads\/2021\/05\/image-and-text-9e-400x283.jpg","url":"https:\/\/websitedemos.net\/astra-blocks\/image-and-text-9e\/","tag":{"1949":"image-and-text"},"category":1948,"page-builder":"elementor","filter":"light","required-plugins":[]},"id-52526":{"title":"Image and Text 8","featured-image-url":"https:\/\/websitedemos.net\/wp-content\/uploads\/2021\/05\/image-and-text-8e.jpg","thumbnail-image-url":"https:\/\/websitedemos.net\/wp-content\/uploads\/2021\/05\/image-and-text-8e-400x266.jpg","url":"https:\/\/websitedemos.net\/astra-blocks\/image-and-text-8e\/","tag":{"1949":"image-and-text"},"category":1948,"page-builder":"elementor","filter":"light","required-plugins":[]},"id-52524":{"title":"Image and Text 7","featured-image-url":"https:\/\/websitedemos.net\/wp-content\/uploads\/2021\/05\/image-and-text-7e.jpg","thumbnail-image-url":"https:\/\/websitedemos.net\/wp-content\/uploads\/2021\/05\/image-and-text-7e-400x181.jpg","url":"https:\/\/websitedemos.net\/astra-blocks\/image-and-text-7e\/","tag":{"1949":"image-and-text"},"category":1948,"page-builder":"elementor","filter":"light","required-plugins":[]},"id-52527":{"title":"Image and Text 6","featured-image-url":"https:\/\/websitedemos.net\/wp-content\/uploads\/2021\/05\/image-and-text-6e.jpg","thumbnail-image-url":"https:\/\/websitedemos.net\/wp-content\/uploads\/2021\/05\/image-and-text-6e-400x196.jpg","url":"https:\/\/websitedemos.net\/astra-blocks\/image-and-text-6e\/","tag":{"1949":"image-and-text"},"category":1948,"page-builder":"elementor","filter":"light","required-plugins":[]},"id-52525":{"title":"Image and Text 5","featured-image-url":"https:\/\/websitedemos.net\/wp-content\/uploads\/2021\/05\/image-and-text-5e.jpg","thumbnail-image-url":"https:\/\/websitedemos.net\/wp-content\/uploads\/2021\/05\/image-and-text-5e-400x197.jpg","url":"https:\/\/websitedemos.net\/astra-blocks\/image-and-text-5e\/","tag":{"1949":"image-and-text"},"category":1948,"page-builder":"elementor","filter":"light","required-plugins":[]},"id-52523":{"title":"Image and Text 4","featured-image-url":"https:\/\/websitedemos.net\/wp-content\/uploads\/2021\/05\/image-and-text-4e.jpg","thumbnail-image-url":"https:\/\/websitedemos.net\/wp-content\/uploads\/2021\/05\/image-and-text-4e-400x196.jpg","url":"https:\/\/websitedemos.net\/astra-blocks\/image-and-text-4e\/","tag":{"1949":"image-and-text"},"category":1948,"page-builder":"elementor","filter":"light","required-plugins":[]},"id-52530":{"title":"Image and Text 3","featured-image-url":"https:\/\/websitedemos.net\/wp-content\/uploads\/2021\/05\/image-and-text-3e.jpg","thumbnail-image-url":"https:\/\/websitedemos.net\/wp-content\/uploads\/2021\/05\/image-and-text-3e-400x266.jpg","url":"https:\/\/websitedemos.net\/astra-blocks\/image-and-text-3e\/","tag":{"1949":"image-and-text"},"category":1948,"page-builder":"elementor","filter":"light","required-plugins":[]},"id-52521":{"title":"Image and Text 2","featured-image-url":"https:\/\/websitedemos.net\/wp-content\/uploads\/2021\/05\/image-and-text-2e.jpg","thumbnail-image-url":"https:\/\/websitedemos.net\/wp-content\/uploads\/2021\/05\/image-and-text-2e-400x193.jpg","url":"https:\/\/websitedemos.net\/astra-blocks\/image-and-text-2e\/","tag":{"1949":"image-and-text"},"category":1948,"page-builder":"elementor","filter":"light","required-plugins":[]},"id-52519":{"title":"Image and Text 1","featured-image-url":"https:\/\/websitedemos.net\/wp-content\/uploads\/2021\/05\/image-and-text-1e.jpg","thumbnail-image-url":"https:\/\/websitedemos.net\/wp-content\/uploads\/2021\/05\/image-and-text-1e-400x190.jpg","url":"https:\/\/websitedemos.net\/astra-blocks\/image-and-text-1e\/","tag":{"1949":"image-and-text"},"category":1948,"page-builder":"elementor","filter":"light","required-plugins":[]},"id-52457":{"title":"Text 9","featured-image-url":"https:\/\/websitedemos.net\/wp-content\/uploads\/2021\/05\/text-9.jpg","thumbnail-image-url":"https:\/\/websitedemos.net\/wp-content\/uploads\/2021\/05\/text-9-400x141.jpg","url":"https:\/\/websitedemos.net\/astra-blocks\/text-9e\/","tag":{"1947":"text"},"category":1946,"page-builder":"elementor","filter":"light","required-plugins":[]},"id-52456":{"title":"Text 8","featured-image-url":"https:\/\/websitedemos.net\/wp-content\/uploads\/2021\/05\/text-8.jpg","thumbnail-image-url":"https:\/\/websitedemos.net\/wp-content\/uploads\/2021\/05\/text-8-400x109.jpg","url":"https:\/\/websitedemos.net\/astra-blocks\/text-8e\/","tag":{"1947":"text"},"category":1946,"page-builder":"elementor","filter":"light","required-plugins":[]},"id-52455":{"title":"Text 7","featured-image-url":"https:\/\/websitedemos.net\/wp-content\/uploads\/2021\/05\/text-7.jpg","thumbnail-image-url":"https:\/\/websitedemos.net\/wp-content\/uploads\/2021\/05\/text-7-400x142.jpg","url":"https:\/\/websitedemos.net\/astra-blocks\/text-7e\/","tag":{"1947":"text"},"category":1946,"page-builder":"elementor","filter":"light","required-plugins":[]},"id-52454":{"title":"Text 6","featured-image-url":"https:\/\/websitedemos.net\/wp-content\/uploads\/2021\/05\/text-6.jpg","thumbnail-image-url":"https:\/\/websitedemos.net\/wp-content\/uploads\/2021\/05\/text-6-400x96.jpg","url":"https:\/\/websitedemos.net\/astra-blocks\/text-6e\/","tag":{"1947":"text"},"category":1946,"page-builder":"elementor","filter":"light","required-plugins":[]},"id-52453":{"title":"Text 5","featured-image-url":"https:\/\/websitedemos.net\/wp-content\/uploads\/2021\/05\/text-5.jpg","thumbnail-image-url":"https:\/\/websitedemos.net\/wp-content\/uploads\/2021\/05\/text-5-400x107.jpg","url":"https:\/\/websitedemos.net\/astra-blocks\/text-5e\/","tag":{"1947":"text"},"category":1946,"page-builder":"elementor","filter":"light","required-plugins":[]},"id-52452":{"title":"Text 4","featured-image-url":"https:\/\/websitedemos.net\/wp-content\/uploads\/2021\/05\/text-4.jpg","thumbnail-image-url":"https:\/\/websitedemos.net\/wp-content\/uploads\/2021\/05\/text-4-400x95.jpg","url":"https:\/\/websitedemos.net\/astra-blocks\/text-4e\/","tag":{"1947":"text"},"category":1946,"page-builder":"elementor","filter":"light","required-plugins":[]},"id-52451":{"title":"Text 3","featured-image-url":"https:\/\/websitedemos.net\/wp-content\/uploads\/2021\/05\/text-3.jpg","thumbnail-image-url":"https:\/\/websitedemos.net\/wp-content\/uploads\/2021\/05\/text-3-400x95.jpg","url":"https:\/\/websitedemos.net\/astra-blocks\/text-3e\/","tag":{"1947":"text"},"category":1946,"page-builder":"elementor","filter":"light","required-plugins":[]},"id-52450":{"title":"Text 2","featured-image-url":"https:\/\/websitedemos.net\/wp-content\/uploads\/2021\/05\/text-2.jpg","thumbnail-image-url":"https:\/\/websitedemos.net\/wp-content\/uploads\/2021\/05\/text-2-400x95.jpg","url":"https:\/\/websitedemos.net\/astra-blocks\/text-2e\/","tag":{"1947":"text"},"category":1946,"page-builder":"elementor","filter":"light","required-plugins":[]},"id-52449":{"title":"Text 1","featured-image-url":"https:\/\/websitedemos.net\/wp-content\/uploads\/2021\/05\/text-1.jpg","thumbnail-image-url":"https:\/\/websitedemos.net\/wp-content\/uploads\/2021\/05\/text-1-400x103.jpg","url":"https:\/\/websitedemos.net\/astra-blocks\/text-1e\/","tag":{"1947":"text"},"category":1946,"page-builder":"elementor","filter":"light","required-plugins":[]}}