[{"id":352,"name":"About","slug":"about"},{"id":1007,"name":"about me","slug":"about-me"},{"id":455,"name":"about us","slug":"about-us"},{"id":599,"name":"ac repair","slug":"ac-repair"},{"id":639,"name":"accessories","slug":"accessories"},{"id":1869,"name":"accident lawyers","slug":"accident-lawyers"},{"id":999,"name":"account","slug":"account"},{"id":447,"name":"Accountant","slug":"accountant"},{"id":448,"name":"Accounting","slug":"accounting"},{"id":1922,"name":"activities","slug":"activities"}]