{"id-38739":{"title":"Makeup Artist","featured-image-url":"https:\/\/websitedemos.net\/wp-content\/uploads\/2020\/01\/makeup-artist-homepage.jpg","thumbnail-image-url":"https:\/\/websitedemos.net\/wp-content\/uploads\/2020\/01\/makeup-artist-homepage-600x800.jpg","fullpage-thumbnail-image-url":"https:\/\/websitedemos.net\/wp-content\/uploads\/2020\/01\/makeup-artist-homepage-400x1394.jpg","astra-site-url":"\/\/websitedemos.net\/makeup-artist-02","astra-site-parent-id":1125,"astra-sites-tag":{"579":"bridal-make-up","477":"hair-care","575":"hair-styles","1126":"make-up","1128":"make-up-artist","1127":"skin-care"},"astra-sites-type":"free","astra-site-page-builder":"elementor","astra-site-category":{"27":"business","39":"free"},"required-plugins":[{"slug":"elementor","init":"elementor\/elementor.php","name":"Elementor"},{"slug":"wpforms-lite","init":"wpforms-lite\/wpforms.php","name":"WPForms Lite"}],"pages":{"id-38742":{"title":"Home","featured-image-url":"https:\/\/websitedemos.net\/wp-content\/uploads\/2020\/01\/makeup-artist-homepage.jpg","thumbnail-image-url":"https:\/\/websitedemos.net\/wp-content\/uploads\/2020\/01\/makeup-artist-homepage-600x800.jpg","astra-page-api-url":"https:\/\/websitedemos.net\/makeup-artist-02\/wp-json\/wp\/v2\/pages\/5","dynamic-page":"no","astra-page-url":"\/\/websitedemos.net\/makeup-artist-02\/","astra-sites-tag":{"423":"home"},"site-pages-type":"free","site-pages-page-builder":"elementor","site-pages-category":[],"site-pages-parent-category":{"60":"business","61":"free"},"required-plugins":[{"slug":"elementor","init":"elementor\/elementor.php","name":"Elementor"}]},"id-38740":{"title":"About","featured-image-url":"https:\/\/websitedemos.net\/wp-content\/uploads\/2020\/01\/makeup-artist-02-about.jpg","thumbnail-image-url":"https:\/\/websitedemos.net\/wp-content\/uploads\/2020\/01\/makeup-artist-02-about-600x800.jpg","astra-page-api-url":"https:\/\/websitedemos.net\/makeup-artist-02\/wp-json\/wp\/v2\/pages\/43","dynamic-page":"no","astra-page-url":"\/\/websitedemos.net\/makeup-artist-02\/about\/","astra-sites-tag":{"352":"about"},"site-pages-type":"free","site-pages-page-builder":"elementor","site-pages-category":[],"site-pages-parent-category":{"60":"business","61":"free"},"required-plugins":[{"slug":"elementor","init":"elementor\/elementor.php","name":"Elementor"}]},"id-38744":{"title":"Services","featured-image-url":"https:\/\/websitedemos.net\/wp-content\/uploads\/2020\/01\/makeup-artist-02-services.jpg","thumbnail-image-url":"https:\/\/websitedemos.net\/wp-content\/uploads\/2020\/01\/makeup-artist-02-services-600x800.jpg","astra-page-api-url":"https:\/\/websitedemos.net\/makeup-artist-02\/wp-json\/wp\/v2\/pages\/44","dynamic-page":"no","astra-page-url":"\/\/websitedemos.net\/makeup-artist-02\/services\/","astra-sites-tag":{"425":"services"},"site-pages-type":"free","site-pages-page-builder":"elementor","site-pages-category":[],"site-pages-parent-category":{"60":"business","61":"free"},"required-plugins":[{"slug":"elementor","init":"elementor\/elementor.php","name":"Elementor"}]},"id-38743":{"title":"Portfolio","featured-image-url":"https:\/\/websitedemos.net\/wp-content\/uploads\/2020\/01\/makeup-artist-02-portfolio.jpg","thumbnail-image-url":"https:\/\/websitedemos.net\/wp-content\/uploads\/2020\/01\/makeup-artist-02-portfolio-600x800.jpg","astra-page-api-url":"https:\/\/websitedemos.net\/makeup-artist-02\/wp-json\/wp\/v2\/pages\/45","dynamic-page":"no","astra-page-url":"\/\/websitedemos.net\/makeup-artist-02\/portfolio\/","astra-sites-tag":{"997":"our-work","444":"portfolio"},"site-pages-type":"free","site-pages-page-builder":"elementor","site-pages-category":[],"site-pages-parent-category":{"60":"business","61":"free"},"required-plugins":[{"slug":"elementor","init":"elementor\/elementor.php","name":"Elementor"}]},"id-38741":{"title":"Contact","featured-image-url":"https:\/\/websitedemos.net\/wp-content\/uploads\/2020\/01\/makeup-artist-02-contact.jpg","thumbnail-image-url":"https:\/\/websitedemos.net\/wp-content\/uploads\/2020\/01\/makeup-artist-02-contact-600x800.jpg","astra-page-api-url":"https:\/\/websitedemos.net\/makeup-artist-02\/wp-json\/wp\/v2\/pages\/46","dynamic-page":"no","astra-page-url":"\/\/websitedemos.net\/makeup-artist-02\/contact\/","astra-sites-tag":{"415":"contact"},"site-pages-type":"free","site-pages-page-builder":"elementor","site-pages-category":[],"site-pages-parent-category":{"60":"business","61":"free"},"required-plugins":[{"slug":"elementor","init":"elementor\/elementor.php","name":"Elementor"},{"slug":"wpforms-lite","init":"wpforms-lite\/wpforms.php","name":"WPForms Lite"}]}}},"id-38733":{"title":"Makeup Artist","featured-image-url":"https:\/\/websitedemos.net\/wp-content\/uploads\/2020\/02\/makeup-artist-01-homepage.jpg","thumbnail-image-url":"https:\/\/websitedemos.net\/wp-content\/uploads\/2020\/02\/makeup-artist-01-homepage-600x800.jpg","fullpage-thumbnail-image-url":"https:\/\/websitedemos.net\/wp-content\/uploads\/2020\/02\/makeup-artist-01-homepage-400x1272.jpg","astra-site-url":"\/\/websitedemos.net\/makeup-artist-01","astra-site-parent-id":1124,"astra-sites-tag":{"579":"bridal-make-up","477":"hair-care","575":"hair-styles","982":"hairstylist","577":"makeup-artist"},"astra-sites-type":"free","astra-site-page-builder":"beaver-builder","astra-site-category":{"27":"business","39":"free"},"required-plugins":[{"slug":"astra-widgets","init":"astra-widgets\/astra-widgets.php","name":"Astra Widgets"},{"slug":"beaver-builder-lite-version","init":"beaver-builder-lite-version\/fl-builder.php","name":"Beaver Builder Plugin (Lite Version)"},{"slug":"ultimate-addons-for-beaver-builder-lite","init":"ultimate-addons-for-beaver-builder-lite\/bb-ultimate-addon.php","name":"Ultimate Addons for Beaver Builder - Lite"},{"slug":"wpforms-lite","init":"wpforms-lite\/wpforms.php","name":"WPForms Lite"}],"pages":{"id-44089":{"title":"Home","featured-image-url":"https:\/\/websitedemos.net\/wp-content\/uploads\/2020\/02\/makeup-artist-01-homepage.jpg","thumbnail-image-url":"https:\/\/websitedemos.net\/wp-content\/uploads\/2020\/02\/makeup-artist-01-homepage-600x800.jpg","astra-page-api-url":"https:\/\/websitedemos.net\/makeup-artist-01\/wp-json\/wp\/v2\/pages\/5","dynamic-page":"no","astra-page-url":"\/\/websitedemos.net\/makeup-artist-01\/","astra-sites-tag":{"423":"home"},"site-pages-type":"free","site-pages-page-builder":"beaver-builder","site-pages-category":[],"site-pages-parent-category":{"60":"business","61":"free"},"required-plugins":[{"slug":"beaver-builder-lite-version","init":"beaver-builder-lite-version\/fl-builder.php","name":"Beaver Builder Plugin (Lite Version)"},{"slug":"ultimate-addons-for-beaver-builder-lite","init":"ultimate-addons-for-beaver-builder-lite\/bb-ultimate-addon.php","name":"Ultimate Addons for Beaver Builder - Lite"}]},"id-44087":{"title":"About","featured-image-url":"https:\/\/websitedemos.net\/wp-content\/uploads\/2020\/02\/makeup-artist-01-about.jpg","thumbnail-image-url":"https:\/\/websitedemos.net\/wp-content\/uploads\/2020\/02\/makeup-artist-01-about-600x800.jpg","astra-page-api-url":"https:\/\/websitedemos.net\/makeup-artist-01\/wp-json\/wp\/v2\/pages\/43","dynamic-page":"no","astra-page-url":"\/\/websitedemos.net\/makeup-artist-01\/about\/","astra-sites-tag":{"352":"about"},"site-pages-type":"free","site-pages-page-builder":"beaver-builder","site-pages-category":[],"site-pages-parent-category":{"60":"business","61":"free"},"required-plugins":[{"slug":"beaver-builder-lite-version","init":"beaver-builder-lite-version\/fl-builder.php","name":"Beaver Builder Plugin (Lite Version)"},{"slug":"ultimate-addons-for-beaver-builder-lite","init":"ultimate-addons-for-beaver-builder-lite\/bb-ultimate-addon.php","name":"Ultimate Addons for Beaver Builder - Lite"}]},"id-44091":{"title":"Services","featured-image-url":"https:\/\/websitedemos.net\/wp-content\/uploads\/2020\/02\/makeup-artist-01-services.jpg","thumbnail-image-url":"https:\/\/websitedemos.net\/wp-content\/uploads\/2020\/02\/makeup-artist-01-services-600x800.jpg","astra-page-api-url":"https:\/\/websitedemos.net\/makeup-artist-01\/wp-json\/wp\/v2\/pages\/44","dynamic-page":"no","astra-page-url":"\/\/websitedemos.net\/makeup-artist-01\/services\/","astra-sites-tag":{"425":"services"},"site-pages-type":"free","site-pages-page-builder":"beaver-builder","site-pages-category":[],"site-pages-parent-category":{"60":"business","61":"free"},"required-plugins":[{"slug":"beaver-builder-lite-version","init":"beaver-builder-lite-version\/fl-builder.php","name":"Beaver Builder Plugin (Lite Version)"},{"slug":"ultimate-addons-for-beaver-builder-lite","init":"ultimate-addons-for-beaver-builder-lite\/bb-ultimate-addon.php","name":"Ultimate Addons for Beaver Builder - Lite"}]},"id-44090":{"title":"Portfolio","featured-image-url":"https:\/\/websitedemos.net\/wp-content\/uploads\/2020\/02\/makeup-artist-01-portfolio.jpg","thumbnail-image-url":"https:\/\/websitedemos.net\/wp-content\/uploads\/2020\/02\/makeup-artist-01-portfolio-600x800.jpg","astra-page-api-url":"https:\/\/websitedemos.net\/makeup-artist-01\/wp-json\/wp\/v2\/pages\/45","dynamic-page":"no","astra-page-url":"\/\/websitedemos.net\/makeup-artist-01\/portfolio\/","astra-sites-tag":{"444":"portfolio","424":"project"},"site-pages-type":"free","site-pages-page-builder":"beaver-builder","site-pages-category":[],"site-pages-parent-category":{"60":"business","61":"free"},"required-plugins":[{"slug":"beaver-builder-lite-version","init":"beaver-builder-lite-version\/fl-builder.php","name":"Beaver Builder Plugin (Lite Version)"},{"slug":"ultimate-addons-for-beaver-builder-lite","init":"ultimate-addons-for-beaver-builder-lite\/bb-ultimate-addon.php","name":"Ultimate Addons for Beaver Builder - Lite"}]},"id-44088":{"title":"Contact","featured-image-url":"https:\/\/websitedemos.net\/wp-content\/uploads\/2020\/02\/makeup-artist-01-contact.jpg","thumbnail-image-url":"https:\/\/websitedemos.net\/wp-content\/uploads\/2020\/02\/makeup-artist-01-contact-600x800.jpg","astra-page-api-url":"https:\/\/websitedemos.net\/makeup-artist-01\/wp-json\/wp\/v2\/pages\/46","dynamic-page":"no","astra-page-url":"\/\/websitedemos.net\/makeup-artist-01\/contact\/","astra-sites-tag":{"415":"contact"},"site-pages-type":"free","site-pages-page-builder":"beaver-builder","site-pages-category":[],"site-pages-parent-category":{"60":"business","61":"free"},"required-plugins":[{"slug":"beaver-builder-lite-version","init":"beaver-builder-lite-version\/fl-builder.php","name":"Beaver Builder Plugin (Lite Version)"},{"slug":"ultimate-addons-for-beaver-builder-lite","init":"ultimate-addons-for-beaver-builder-lite\/bb-ultimate-addon.php","name":"Ultimate Addons for Beaver Builder - Lite"},{"slug":"wpforms-lite","init":"wpforms-lite\/wpforms.php","name":"WPForms Lite"}]}}},"id-48263":{"title":"Makeup Artist","featured-image-url":"https:\/\/websitedemos.net\/wp-content\/uploads\/2020\/10\/makeup-artist-08.jpg","thumbnail-image-url":"https:\/\/websitedemos.net\/wp-content\/uploads\/2020\/10\/makeup-artist-08-600x800.jpg","fullpage-thumbnail-image-url":"https:\/\/websitedemos.net\/wp-content\/uploads\/2020\/10\/makeup-artist-08-400x1312.jpg","astra-site-url":"\/\/websitedemos.net\/makeup-artist-08","astra-site-parent-id":1713,"astra-sites-tag":{"579":"bridal-make-up","477":"hair-care","575":"hair-styles","982":"hairstylist","577":"makeup-artist","1728":"makeup-studio"},"astra-sites-type":"free","astra-site-page-builder":"gutenberg","astra-site-category":{"27":"business","39":"free"},"required-plugins":[{"slug":"astra-widgets","init":"astra-widgets\/astra-widgets.php","name":"Astra Widgets"},{"slug":"wpforms-lite","init":"wpforms-lite\/wpforms.php","name":"WPForms Lite"}],"pages":{"id-48266":{"title":"Home","featured-image-url":"https:\/\/websitedemos.net\/wp-content\/uploads\/2020\/10\/makeup-artist-08.jpg","thumbnail-image-url":"https:\/\/websitedemos.net\/wp-content\/uploads\/2020\/10\/makeup-artist-08-600x800.jpg","astra-page-api-url":"https:\/\/websitedemos.net\/makeup-artist-08\/wp-json\/wp\/v2\/pages\/1299","dynamic-page":"no","astra-page-url":"\/\/websitedemos.net\/makeup-artist-08\/","astra-sites-tag":{"423":"home"},"site-pages-type":"free","site-pages-page-builder":"gutenberg","site-pages-category":[],"site-pages-parent-category":{"60":"business","61":"free"},"required-plugins":[{"slug":"gutenberg","init":"gutenberg\/gutenberg.php","name":"Gutenberg"}]},"id-48264":{"title":"About","featured-image-url":"https:\/\/websitedemos.net\/wp-content\/uploads\/2020\/10\/makeup-artist-08-about.jpg","thumbnail-image-url":"https:\/\/websitedemos.net\/wp-content\/uploads\/2020\/10\/makeup-artist-08-about-600x800.jpg","astra-page-api-url":"https:\/\/websitedemos.net\/makeup-artist-08\/wp-json\/wp\/v2\/pages\/1300","dynamic-page":"no","astra-page-url":"\/\/websitedemos.net\/makeup-artist-08\/about\/","astra-sites-tag":{"352":"about"},"site-pages-type":"free","site-pages-page-builder":"gutenberg","site-pages-category":[],"site-pages-parent-category":{"60":"business","61":"free"},"required-plugins":[{"slug":"gutenberg","init":"gutenberg\/gutenberg.php","name":"Gutenberg"}]},"id-48268":{"title":"Services","featured-image-url":"https:\/\/websitedemos.net\/wp-content\/uploads\/2020\/10\/makeup-artist-08-services.jpg","thumbnail-image-url":"https:\/\/websitedemos.net\/wp-content\/uploads\/2020\/10\/makeup-artist-08-services-600x800.jpg","astra-page-api-url":"https:\/\/websitedemos.net\/makeup-artist-08\/wp-json\/wp\/v2\/pages\/1301","dynamic-page":"no","astra-page-url":"\/\/websitedemos.net\/makeup-artist-08\/services\/","astra-sites-tag":{"425":"services"},"site-pages-type":"free","site-pages-page-builder":"gutenberg","site-pages-category":[],"site-pages-parent-category":{"60":"business","61":"free"},"required-plugins":[{"slug":"gutenberg","init":"gutenberg\/gutenberg.php","name":"Gutenberg"}]},"id-48267":{"title":"Portfolio","featured-image-url":"https:\/\/websitedemos.net\/wp-content\/uploads\/2020\/10\/makeup-artist-08-portfolio.jpg","thumbnail-image-url":"https:\/\/websitedemos.net\/wp-content\/uploads\/2020\/10\/makeup-artist-08-portfolio-600x800.jpg","astra-page-api-url":"https:\/\/websitedemos.net\/makeup-artist-08\/wp-json\/wp\/v2\/pages\/1302","dynamic-page":"no","astra-page-url":"\/\/websitedemos.net\/makeup-artist-08\/portfolio\/","astra-sites-tag":{"444":"portfolio"},"site-pages-type":"free","site-pages-page-builder":"gutenberg","site-pages-category":[],"site-pages-parent-category":{"60":"business","61":"free"},"required-plugins":[{"slug":"gutenberg","init":"gutenberg\/gutenberg.php","name":"Gutenberg"}]},"id-48265":{"title":"Contact","featured-image-url":"https:\/\/websitedemos.net\/wp-content\/uploads\/2020\/10\/makeup-artist-08-contact.jpg","thumbnail-image-url":"https:\/\/websitedemos.net\/wp-content\/uploads\/2020\/10\/makeup-artist-08-contact-600x800.jpg","astra-page-api-url":"https:\/\/websitedemos.net\/makeup-artist-08\/wp-json\/wp\/v2\/pages\/1303","dynamic-page":"no","astra-page-url":"\/\/websitedemos.net\/makeup-artist-08\/contact\/","astra-sites-tag":{"415":"contact"},"site-pages-type":"free","site-pages-page-builder":"gutenberg","site-pages-category":[],"site-pages-parent-category":{"60":"business","61":"free"},"required-plugins":[{"slug":"wpforms-lite","init":"wpforms-lite\/wpforms.php","name":"WPForms Lite"}]}}},"id-19799":{"title":"Makeup Artist","featured-image-url":"https:\/\/websitedemos.net\/wp-content\/uploads\/2020\/01\/makeup-artist-home.jpg","thumbnail-image-url":"https:\/\/websitedemos.net\/wp-content\/uploads\/2020\/01\/makeup-artist-home-600x800.jpg","fullpage-thumbnail-image-url":"https:\/\/websitedemos.net\/wp-content\/uploads\/2020\/01\/makeup-artist-home-400x1111.jpg","astra-site-url":"\/\/websitedemos.net\/makeup-artist-05","astra-site-parent-id":278,"astra-sites-tag":{"579":"bridal-make-up","477":"hair-care","575":"hair-styles","982":"hairstylist","577":"makeup-artist"},"astra-sites-type":"free","astra-site-page-builder":"brizy","astra-site-category":{"27":"business","39":"free"},"required-plugins":[{"slug":"brizy","init":"brizy\/brizy.php","name":"Brizy"},{"slug":"wpforms-lite","init":"wpforms-lite\/wpforms.php","name":"WPForms Lite"}],"pages":{"id-24882":{"title":"Home","featured-image-url":"https:\/\/websitedemos.net\/wp-content\/uploads\/2020\/01\/makeup-artist-home.jpg","thumbnail-image-url":"https:\/\/websitedemos.net\/wp-content\/uploads\/2020\/01\/makeup-artist-home-600x800.jpg","astra-page-api-url":"https:\/\/websitedemos.net\/makeup-artist-05\/wp-json\/wp\/v2\/pages\/962","dynamic-page":"no","astra-page-url":"\/\/websitedemos.net\/makeup-artist-05\/","astra-sites-tag":{"423":"home"},"site-pages-type":"free","site-pages-page-builder":"brizy","site-pages-category":[],"site-pages-parent-category":{"60":"business","61":"free"},"required-plugins":[{"slug":"brizy","init":"brizy\/brizy.php","name":"Brizy"}]},"id-24880":{"title":"About","featured-image-url":"https:\/\/websitedemos.net\/wp-content\/uploads\/2020\/01\/makeup-artist-about.jpg","thumbnail-image-url":"https:\/\/websitedemos.net\/wp-content\/uploads\/2020\/01\/makeup-artist-about-600x800.jpg","astra-page-api-url":"https:\/\/websitedemos.net\/makeup-artist-05\/wp-json\/wp\/v2\/pages\/968","dynamic-page":"no","astra-page-url":"\/\/websitedemos.net\/makeup-artist-05\/about\/","astra-sites-tag":{"352":"about"},"site-pages-type":"free","site-pages-page-builder":"brizy","site-pages-category":[],"site-pages-parent-category":{"60":"business","61":"free"},"required-plugins":[{"slug":"brizy","init":"brizy\/brizy.php","name":"Brizy"}]},"id-24884":{"title":"Services","featured-image-url":"https:\/\/websitedemos.net\/wp-content\/uploads\/2020\/01\/makeup-artist-services.jpg","thumbnail-image-url":"https:\/\/websitedemos.net\/wp-content\/uploads\/2020\/01\/makeup-artist-services-600x800.jpg","astra-page-api-url":"https:\/\/websitedemos.net\/makeup-artist-05\/wp-json\/wp\/v2\/pages\/972","dynamic-page":"no","astra-page-url":"\/\/websitedemos.net\/makeup-artist-05\/services\/","astra-sites-tag":{"425":"services"},"site-pages-type":"free","site-pages-page-builder":"brizy","site-pages-category":[],"site-pages-parent-category":{"60":"business","61":"free"},"required-plugins":[{"slug":"brizy","init":"brizy\/brizy.php","name":"Brizy"}]},"id-24883":{"title":"Portfolio","featured-image-url":"https:\/\/websitedemos.net\/wp-content\/uploads\/2020\/01\/makeup-artist-portfolio.jpg","thumbnail-image-url":"https:\/\/websitedemos.net\/wp-content\/uploads\/2020\/01\/makeup-artist-portfolio-600x800.jpg","astra-page-api-url":"https:\/\/websitedemos.net\/makeup-artist-05\/wp-json\/wp\/v2\/pages\/977","dynamic-page":"no","astra-page-url":"\/\/websitedemos.net\/makeup-artist-05\/portfolio\/","astra-sites-tag":{"444":"portfolio"},"site-pages-type":"free","site-pages-page-builder":"brizy","site-pages-category":[],"site-pages-parent-category":{"60":"business","61":"free"},"required-plugins":[{"slug":"brizy","init":"brizy\/brizy.php","name":"Brizy"}]},"id-24881":{"title":"Contact","featured-image-url":"https:\/\/websitedemos.net\/wp-content\/uploads\/2020\/01\/makeup-artist-contact.jpg","thumbnail-image-url":"https:\/\/websitedemos.net\/wp-content\/uploads\/2019\/07\/id-24881-makeup-artist-contact-resize.jpg","astra-page-api-url":"https:\/\/websitedemos.net\/makeup-artist-05\/wp-json\/wp\/v2\/pages\/983","dynamic-page":"no","astra-page-url":"\/\/websitedemos.net\/makeup-artist-05\/contact\/","astra-sites-tag":{"415":"contact"},"site-pages-type":"free","site-pages-page-builder":"brizy","site-pages-category":[],"site-pages-parent-category":{"60":"business","61":"free"},"required-plugins":[{"slug":"brizy","init":"brizy\/brizy.php","name":"Brizy"},{"slug":"wpforms-lite","init":"wpforms-lite\/wpforms.php","name":"WPForms Lite"}]}}},"id-43271":{"title":"Cleaning Services","featured-image-url":"https:\/\/websitedemos.net\/wp-content\/uploads\/2020\/02\/cleaning-services-home-page.jpg","thumbnail-image-url":"https:\/\/websitedemos.net\/wp-content\/uploads\/2020\/02\/cleaning-services-home-page-600x800.jpg","fullpage-thumbnail-image-url":"https:\/\/websitedemos.net\/wp-content\/uploads\/2020\/02\/cleaning-services-home-page-400x1227.jpg","astra-site-url":"\/\/websitedemos.net\/cleaner-02","astra-site-parent-id":1406,"astra-sites-tag":{"680":"cleaning","679":"cleaning-services","673":"commercial-cleaning","674":"domestic-cleaning","1407":"house-keeping","676":"maintenance","677":"washing"},"astra-sites-type":"free","astra-site-page-builder":"elementor","astra-site-category":{"27":"business","39":"free"},"required-plugins":[{"slug":"elementor","init":"elementor\/elementor.php","name":"Elementor"},{"slug":"wpforms-lite","init":"wpforms-lite\/wpforms.php","name":"WPForms Lite"}],"pages":{"id-43275":{"title":"Home","featured-image-url":"https:\/\/websitedemos.net\/wp-content\/uploads\/2020\/02\/cleaning-services-home-page.jpg","thumbnail-image-url":"https:\/\/websitedemos.net\/wp-content\/uploads\/2020\/02\/cleaning-services-home-page-600x800.jpg","astra-page-api-url":"https:\/\/websitedemos.net\/cleaner-02\/wp-json\/wp\/v2\/pages\/7","dynamic-page":"no","astra-page-url":"\/\/websitedemos.net\/cleaner-02\/","astra-sites-tag":{"423":"home"},"site-pages-type":"free","site-pages-page-builder":"elementor","site-pages-category":[],"site-pages-parent-category":{"60":"business","61":"free"},"required-plugins":[{"slug":"elementor","init":"elementor\/elementor.php","name":"Elementor"}]},"id-43272":{"title":"About","featured-image-url":"https:\/\/websitedemos.net\/wp-content\/uploads\/2020\/02\/cleaning-services-about-page.jpg","thumbnail-image-url":"https:\/\/websitedemos.net\/wp-content\/uploads\/2020\/02\/cleaning-services-about-page-600x800.jpg","astra-page-api-url":"https:\/\/websitedemos.net\/cleaner-02\/wp-json\/wp\/v2\/pages\/21","dynamic-page":"no","astra-page-url":"\/\/websitedemos.net\/cleaner-02\/about\/","astra-sites-tag":{"352":"about"},"site-pages-type":"free","site-pages-page-builder":"elementor","site-pages-category":[],"site-pages-parent-category":{"60":"business","61":"free"},"required-plugins":[{"slug":"elementor","init":"elementor\/elementor.php","name":"Elementor"}]},"id-43276":{"title":"Residential","featured-image-url":"https:\/\/websitedemos.net\/wp-content\/uploads\/2020\/02\/cleaning-service-residential-page.jpg","thumbnail-image-url":"https:\/\/websitedemos.net\/wp-content\/uploads\/2020\/02\/cleaning-service-residential-page-600x800.jpg","astra-page-api-url":"https:\/\/websitedemos.net\/cleaner-02\/wp-json\/wp\/v2\/pages\/22","dynamic-page":"no","astra-page-url":"\/\/websitedemos.net\/cleaner-02\/residential\/","astra-sites-tag":{"682":"residential","1408":"service"},"site-pages-type":"free","site-pages-page-builder":"elementor","site-pages-category":[],"site-pages-parent-category":{"60":"business","61":"free"},"required-plugins":[{"slug":"elementor","init":"elementor\/elementor.php","name":"Elementor"}]},"id-43273":{"title":"Commercial","featured-image-url":"https:\/\/websitedemos.net\/wp-content\/uploads\/2020\/02\/cleaning-service-commercial-page.jpg","thumbnail-image-url":"https:\/\/websitedemos.net\/wp-content\/uploads\/2020\/02\/cleaning-service-commercial-page-600x800.jpg","astra-page-api-url":"https:\/\/websitedemos.net\/cleaner-02\/wp-json\/wp\/v2\/pages\/23","dynamic-page":"no","astra-page-url":"\/\/websitedemos.net\/cleaner-02\/commercial\/","astra-sites-tag":{"681":"commercial","1408":"service"},"site-pages-type":"free","site-pages-page-builder":"elementor","site-pages-category":[],"site-pages-parent-category":{"60":"business","61":"free"},"required-plugins":[{"slug":"elementor","init":"elementor\/elementor.php","name":"Elementor"}]},"id-43274":{"title":"Contact","featured-image-url":"https:\/\/websitedemos.net\/wp-content\/uploads\/2020\/02\/cleaner-02-contact-1.jpg","thumbnail-image-url":"https:\/\/websitedemos.net\/wp-content\/uploads\/2020\/02\/cleaner-02-contact-1-600x800.jpg","astra-page-api-url":"https:\/\/websitedemos.net\/cleaner-02\/wp-json\/wp\/v2\/pages\/24","dynamic-page":"no","astra-page-url":"\/\/websitedemos.net\/cleaner-02\/contact\/","astra-sites-tag":{"415":"contact"},"site-pages-type":"free","site-pages-page-builder":"elementor","site-pages-category":[],"site-pages-parent-category":{"60":"business","61":"free"},"required-plugins":[{"slug":"elementor","init":"elementor\/elementor.php","name":"Elementor"},{"slug":"wpforms-lite","init":"wpforms-lite\/wpforms.php","name":"WPForms Lite"}]}}},"id-43284":{"title":"Cleaning Service","featured-image-url":"https:\/\/websitedemos.net\/wp-content\/uploads\/2020\/08\/cleaner-01-homepage.jpg","thumbnail-image-url":"https:\/\/websitedemos.net\/wp-content\/uploads\/2020\/08\/cleaner-01-homepage-600x800.jpg","fullpage-thumbnail-image-url":"https:\/\/websitedemos.net\/wp-content\/uploads\/2020\/08\/cleaner-01-homepage-400x1114.jpg","astra-site-url":"\/\/websitedemos.net\/cleaner-01","astra-site-parent-id":1409,"astra-sites-tag":{"680":"cleaning","679":"cleaning-services","673":"commercial-cleaning","674":"domestic-cleaning","1407":"house-keeping","676":"maintenance","677":"washing"},"astra-sites-type":"free","astra-site-page-builder":"beaver-builder","astra-site-category":{"27":"business","39":"free"},"required-plugins":[{"slug":"beaver-builder-lite-version","init":"beaver-builder-lite-version\/fl-builder.php","name":"Beaver Builder Plugin (Lite Version)"},{"slug":"ultimate-addons-for-beaver-builder-lite","init":"ultimate-addons-for-beaver-builder-lite\/bb-ultimate-addon.php","name":"Ultimate Addons for Beaver Builder - Lite"},{"slug":"wpforms-lite","init":"wpforms-lite\/wpforms.php","name":"WPForms Lite"}],"pages":{"id-47208":{"title":"About","featured-image-url":"https:\/\/websitedemos.net\/wp-content\/uploads\/2020\/08\/cleaner-01-about-1.jpg","thumbnail-image-url":"https:\/\/websitedemos.net\/wp-content\/uploads\/2020\/08\/cleaner-01-about-1-600x800.jpg","astra-page-api-url":"https:\/\/websitedemos.net\/cleaner-01\/wp-json\/wp\/v2\/pages\/21","dynamic-page":"no","astra-page-url":"\/\/websitedemos.net\/cleaner-01\/about\/","astra-sites-tag":{"352":"about"},"site-pages-type":"free","site-pages-page-builder":"beaver-builder","site-pages-category":[],"site-pages-parent-category":{"60":"business","61":"free"},"required-plugins":[{"slug":"beaver-builder-lite-version","init":"beaver-builder-lite-version\/fl-builder.php","name":"Beaver Builder Plugin (Lite Version)"},{"slug":"ultimate-addons-for-beaver-builder-lite","init":"ultimate-addons-for-beaver-builder-lite\/bb-ultimate-addon.php","name":"Ultimate Addons for Beaver Builder - Lite"}]},"id-47209":{"title":"Commercial","featured-image-url":"https:\/\/websitedemos.net\/wp-content\/uploads\/2020\/08\/cleaner-01-commercial-1.jpg","thumbnail-image-url":"https:\/\/websitedemos.net\/wp-content\/uploads\/2020\/08\/cleaner-01-commercial-1-600x800.jpg","astra-page-api-url":"https:\/\/websitedemos.net\/cleaner-01\/wp-json\/wp\/v2\/pages\/23","dynamic-page":"no","astra-page-url":"\/\/websitedemos.net\/cleaner-01\/commercial\/","astra-sites-tag":{"681":"commercial"},"site-pages-type":"free","site-pages-page-builder":"beaver-builder","site-pages-category":[],"site-pages-parent-category":{"60":"business","61":"free"},"required-plugins":[{"slug":"beaver-builder-lite-version","init":"beaver-builder-lite-version\/fl-builder.php","name":"Beaver Builder Plugin (Lite Version)"},{"slug":"ultimate-addons-for-beaver-builder-lite","init":"ultimate-addons-for-beaver-builder-lite\/bb-ultimate-addon.php","name":"Ultimate Addons for Beaver Builder - Lite"}]},"id-47210":{"title":"Contact","featured-image-url":"https:\/\/websitedemos.net\/wp-content\/uploads\/2020\/08\/cleaner-01-contact-1.jpg","thumbnail-image-url":"https:\/\/websitedemos.net\/wp-content\/uploads\/2020\/08\/cleaner-01-contact-1-600x800.jpg","astra-page-api-url":"https:\/\/websitedemos.net\/cleaner-01\/wp-json\/wp\/v2\/pages\/24","dynamic-page":"no","astra-page-url":"\/\/websitedemos.net\/cleaner-01\/contact\/","astra-sites-tag":{"415":"contact"},"site-pages-type":"free","site-pages-page-builder":"beaver-builder","site-pages-category":[],"site-pages-parent-category":{"60":"business","61":"free"},"required-plugins":[{"slug":"beaver-builder-lite-version","init":"beaver-builder-lite-version\/fl-builder.php","name":"Beaver Builder Plugin (Lite Version)"},{"slug":"ultimate-addons-for-beaver-builder-lite","init":"ultimate-addons-for-beaver-builder-lite\/bb-ultimate-addon.php","name":"Ultimate Addons for Beaver Builder - Lite"},{"slug":"wpforms-lite","init":"wpforms-lite\/wpforms.php","name":"WPForms Lite"}]},"id-47211":{"title":"Home","featured-image-url":"https:\/\/websitedemos.net\/wp-content\/uploads\/2020\/08\/cleaner-01-homepage.jpg","thumbnail-image-url":"https:\/\/websitedemos.net\/wp-content\/uploads\/2020\/08\/cleaner-01-homepage-600x800.jpg","astra-page-api-url":"https:\/\/websitedemos.net\/cleaner-01\/wp-json\/wp\/v2\/pages\/7","dynamic-page":"no","astra-page-url":"\/\/websitedemos.net\/cleaner-01\/","astra-sites-tag":{"423":"home"},"site-pages-type":"free","site-pages-page-builder":"beaver-builder","site-pages-category":[],"site-pages-parent-category":{"60":"business","61":"free"},"required-plugins":[{"slug":"beaver-builder-lite-version","init":"beaver-builder-lite-version\/fl-builder.php","name":"Beaver Builder Plugin (Lite Version)"},{"slug":"ultimate-addons-for-beaver-builder-lite","init":"ultimate-addons-for-beaver-builder-lite\/bb-ultimate-addon.php","name":"Ultimate Addons for Beaver Builder - Lite"}]},"id-47212":{"title":"Residential","featured-image-url":"https:\/\/websitedemos.net\/wp-content\/uploads\/2020\/08\/cleaner-01-residential-1.jpg","thumbnail-image-url":"https:\/\/websitedemos.net\/wp-content\/uploads\/2020\/08\/cleaner-01-residential-1-600x800.jpg","astra-page-api-url":"https:\/\/websitedemos.net\/cleaner-01\/wp-json\/wp\/v2\/pages\/22","dynamic-page":"no","astra-page-url":"\/\/websitedemos.net\/cleaner-01\/residential\/","astra-sites-tag":{"682":"residential"},"site-pages-type":"free","site-pages-page-builder":"beaver-builder","site-pages-category":[],"site-pages-parent-category":{"60":"business","61":"free"},"required-plugins":[{"slug":"beaver-builder-lite-version","init":"beaver-builder-lite-version\/fl-builder.php","name":"Beaver Builder Plugin (Lite Version)"},{"slug":"ultimate-addons-for-beaver-builder-lite","init":"ultimate-addons-for-beaver-builder-lite\/bb-ultimate-addon.php","name":"Ultimate Addons for Beaver Builder - Lite"}]}}},"id-48269":{"title":"Cleaning Services","featured-image-url":"https:\/\/websitedemos.net\/wp-content\/uploads\/2020\/10\/cleaner-08-home.jpg","thumbnail-image-url":"https:\/\/websitedemos.net\/wp-content\/uploads\/2020\/10\/cleaner-08-home-600x800.jpg","fullpage-thumbnail-image-url":"https:\/\/websitedemos.net\/wp-content\/uploads\/2020\/10\/cleaner-08-home-400x1345.jpg","astra-site-url":"\/\/websitedemos.net\/cleaner-08","astra-site-parent-id":1714,"astra-sites-tag":{"680":"cleaning","679":"cleaning-services","673":"commercial-cleaning","674":"domestic-cleaning","1407":"house-keeping","676":"maintenance","677":"washing"},"astra-sites-type":"free","astra-site-page-builder":"gutenberg","astra-site-category":{"27":"business","39":"free"},"required-plugins":[{"slug":"wpforms-lite","init":"wpforms-lite\/wpforms.php","name":"WPForms Lite"}],"pages":{"id-48273":{"title":"Home","featured-image-url":"https:\/\/websitedemos.net\/wp-content\/uploads\/2020\/10\/cleaner-08-home.jpg","thumbnail-image-url":"https:\/\/websitedemos.net\/wp-content\/uploads\/2020\/10\/cleaner-08-home-600x800.jpg","astra-page-api-url":"https:\/\/websitedemos.net\/cleaner-08\/wp-json\/wp\/v2\/pages\/1696","dynamic-page":"no","astra-page-url":"\/\/websitedemos.net\/cleaner-08\/","astra-sites-tag":{"423":"home"},"site-pages-type":"free","site-pages-page-builder":"gutenberg","site-pages-category":[],"site-pages-parent-category":{"60":"business","61":"free"},"required-plugins":[{"slug":"gutenberg","init":"gutenberg\/gutenberg.php","name":"Gutenberg"}]},"id-48270":{"title":"About","featured-image-url":"https:\/\/websitedemos.net\/wp-content\/uploads\/2020\/10\/cleaner-08-about.jpg","thumbnail-image-url":"https:\/\/websitedemos.net\/wp-content\/uploads\/2020\/10\/cleaner-08-about-600x800.jpg","astra-page-api-url":"https:\/\/websitedemos.net\/cleaner-08\/wp-json\/wp\/v2\/pages\/1352","dynamic-page":"no","astra-page-url":"\/\/websitedemos.net\/cleaner-08\/about\/","astra-sites-tag":{"352":"about"},"site-pages-type":"free","site-pages-page-builder":"gutenberg","site-pages-category":[],"site-pages-parent-category":{"60":"business","61":"free"},"required-plugins":[{"slug":"gutenberg","init":"gutenberg\/gutenberg.php","name":"Gutenberg"}]},"id-48274":{"title":"Residential","featured-image-url":"https:\/\/websitedemos.net\/wp-content\/uploads\/2020\/10\/cleaner-08-residential.jpg","thumbnail-image-url":"https:\/\/websitedemos.net\/wp-content\/uploads\/2020\/10\/cleaner-08-residential-600x800.jpg","astra-page-api-url":"https:\/\/websitedemos.net\/cleaner-08\/wp-json\/wp\/v2\/pages\/1348","dynamic-page":"no","astra-page-url":"\/\/websitedemos.net\/cleaner-08\/residential\/","astra-sites-tag":{"776":"residential-cleaning"},"site-pages-type":"free","site-pages-page-builder":"gutenberg","site-pages-category":[],"site-pages-parent-category":{"60":"business","61":"free"},"required-plugins":[{"slug":"gutenberg","init":"gutenberg\/gutenberg.php","name":"Gutenberg"}]},"id-48271":{"title":"Commercial","featured-image-url":"https:\/\/websitedemos.net\/wp-content\/uploads\/2020\/10\/cleaner-08-commercial.jpg","thumbnail-image-url":"https:\/\/websitedemos.net\/wp-content\/uploads\/2020\/10\/cleaner-08-commercial-600x800.jpg","astra-page-api-url":"https:\/\/websitedemos.net\/cleaner-08\/wp-json\/wp\/v2\/pages\/1350","dynamic-page":"no","astra-page-url":"\/\/websitedemos.net\/cleaner-08\/commercial\/","astra-sites-tag":{"673":"commercial-cleaning"},"site-pages-type":"free","site-pages-page-builder":"gutenberg","site-pages-category":[],"site-pages-parent-category":{"60":"business","61":"free"},"required-plugins":[{"slug":"gutenberg","init":"gutenberg\/gutenberg.php","name":"Gutenberg"}]},"id-48272":{"title":"Contact","featured-image-url":"https:\/\/websitedemos.net\/wp-content\/uploads\/2020\/10\/cleaner-08-contact.jpg","thumbnail-image-url":"https:\/\/websitedemos.net\/wp-content\/uploads\/2020\/10\/cleaner-08-contact-600x800.jpg","astra-page-api-url":"https:\/\/websitedemos.net\/cleaner-08\/wp-json\/wp\/v2\/pages\/1354","dynamic-page":"no","astra-page-url":"\/\/websitedemos.net\/cleaner-08\/contact\/","astra-sites-tag":{"415":"contact"},"site-pages-type":"free","site-pages-page-builder":"gutenberg","site-pages-category":[],"site-pages-parent-category":{"60":"business","61":"free"},"required-plugins":[{"slug":"wpforms-lite","init":"wpforms-lite\/wpforms.php","name":"WPForms Lite"}]}}},"id-43296":{"title":"Residential and Commercial Cleaning","featured-image-url":"https:\/\/websitedemos.net\/wp-content\/uploads\/2020\/02\/cleaning-05-home.jpg","thumbnail-image-url":"https:\/\/websitedemos.net\/wp-content\/uploads\/2020\/02\/cleaning-05-home-600x800.jpg","fullpage-thumbnail-image-url":"https:\/\/websitedemos.net\/wp-content\/uploads\/2020\/02\/cleaning-05-home-400x1498.jpg","astra-site-url":"\/\/websitedemos.net\/cleaning-05","astra-site-parent-id":1410,"astra-sites-tag":{"680":"cleaning","679":"cleaning-services","673":"commercial-cleaning","674":"domestic-cleaning","1407":"house-keeping","676":"maintenance","677":"washing"},"astra-sites-type":"free","astra-site-page-builder":"brizy","astra-site-category":{"27":"business","39":"free"},"required-plugins":[{"slug":"astra-widgets","init":"astra-widgets\/astra-widgets.php","name":"Astra Widgets"},{"slug":"brizy","init":"brizy\/brizy.php","name":"Brizy"},{"slug":"wpforms-lite","init":"wpforms-lite\/wpforms.php","name":"WPForms Lite"}],"pages":{"id-43300":{"title":"Home","featured-image-url":"https:\/\/websitedemos.net\/wp-content\/uploads\/2020\/02\/cleaning-05-home.jpg","thumbnail-image-url":"https:\/\/websitedemos.net\/wp-content\/uploads\/2020\/02\/cleaning-05-home-600x800.jpg","astra-page-api-url":"https:\/\/websitedemos.net\/cleaning-05\/wp-json\/wp\/v2\/pages\/664","dynamic-page":"no","astra-page-url":"\/\/websitedemos.net\/cleaning-05\/","astra-sites-tag":{"423":"home"},"site-pages-type":"free","site-pages-page-builder":"brizy","site-pages-category":[],"site-pages-parent-category":{"60":"business","61":"free"},"required-plugins":[{"slug":"brizy","init":"brizy\/brizy.php","name":"Brizy"}]},"id-43297":{"title":"About","featured-image-url":"https:\/\/websitedemos.net\/wp-content\/uploads\/2020\/02\/cleaning-05-about.jpg","thumbnail-image-url":"https:\/\/websitedemos.net\/wp-content\/uploads\/2020\/02\/cleaning-05-about-600x800.jpg","astra-page-api-url":"https:\/\/websitedemos.net\/cleaning-05\/wp-json\/wp\/v2\/pages\/674","dynamic-page":"no","astra-page-url":"\/\/websitedemos.net\/cleaning-05\/about\/","astra-sites-tag":{"352":"about"},"site-pages-type":"free","site-pages-page-builder":"brizy","site-pages-category":[],"site-pages-parent-category":{"60":"business","61":"free"},"required-plugins":[{"slug":"brizy","init":"brizy\/brizy.php","name":"Brizy"}]},"id-43301":{"title":"Residential","featured-image-url":"https:\/\/websitedemos.net\/wp-content\/uploads\/2020\/02\/cleaning-05-residential.jpg","thumbnail-image-url":"https:\/\/websitedemos.net\/wp-content\/uploads\/2020\/02\/cleaning-05-residential-600x800.jpg","astra-page-api-url":"https:\/\/websitedemos.net\/cleaning-05\/wp-json\/wp\/v2\/pages\/679","dynamic-page":"no","astra-page-url":"\/\/websitedemos.net\/cleaning-05\/residential\/","astra-sites-tag":{"679":"cleaning-services","776":"residential-cleaning"},"site-pages-type":"free","site-pages-page-builder":"brizy","site-pages-category":[],"site-pages-parent-category":{"60":"business","61":"free"},"required-plugins":[{"slug":"brizy","init":"brizy\/brizy.php","name":"Brizy"}]},"id-43298":{"title":"Commercial","featured-image-url":"https:\/\/websitedemos.net\/wp-content\/uploads\/2020\/02\/cleaning-05-commercial.jpg","thumbnail-image-url":"https:\/\/websitedemos.net\/wp-content\/uploads\/2020\/02\/cleaning-05-commercial-600x800.jpg","astra-page-api-url":"https:\/\/websitedemos.net\/cleaning-05\/wp-json\/wp\/v2\/pages\/682","dynamic-page":"no","astra-page-url":"\/\/websitedemos.net\/cleaning-05\/commercial\/","astra-sites-tag":{"679":"cleaning-services","673":"commercial-cleaning"},"site-pages-type":"free","site-pages-page-builder":"brizy","site-pages-category":[],"site-pages-parent-category":{"60":"business","61":"free"},"required-plugins":[{"slug":"brizy","init":"brizy\/brizy.php","name":"Brizy"}]},"id-43299":{"title":"Contact","featured-image-url":"https:\/\/websitedemos.net\/wp-content\/uploads\/2020\/02\/cleaning-05-contact.jpg","thumbnail-image-url":"https:\/\/websitedemos.net\/wp-content\/uploads\/2020\/02\/cleaning-05-contact-600x800.jpg","astra-page-api-url":"https:\/\/websitedemos.net\/cleaning-05\/wp-json\/wp\/v2\/pages\/687","dynamic-page":"no","astra-page-url":"\/\/websitedemos.net\/cleaning-05\/contact\/","astra-sites-tag":{"415":"contact"},"site-pages-type":"free","site-pages-page-builder":"brizy","site-pages-category":[],"site-pages-parent-category":{"60":"business","61":"free"},"required-plugins":[{"slug":"brizy","init":"brizy\/brizy.php","name":"Brizy"},{"slug":"wpforms-lite","init":"wpforms-lite\/wpforms.php","name":"WPForms Lite"}]}}},"id-17299":{"title":"Hotel and BnB","featured-image-url":"https:\/\/websitedemos.net\/wp-content\/uploads\/2017\/08\/hotel-mountain-homepage.jpg","thumbnail-image-url":"https:\/\/websitedemos.net\/wp-content\/uploads\/2017\/08\/hotel-mountain-homepage-600x800.jpg","fullpage-thumbnail-image-url":"https:\/\/websitedemos.net\/wp-content\/uploads\/2017\/08\/hotel-mountain-homepage-400x1756.jpg","astra-site-url":"\/\/websitedemos.net\/hotel-02","astra-site-parent-id":250,"astra-sites-tag":{"1534":"bnb","336":"food","350":"hotel","399":"one-page","714":"resort","335":"restaurant","463":"single-page"},"astra-sites-type":"free","astra-site-page-builder":"elementor","astra-site-category":{"27":"business","39":"free"},"required-plugins":[{"slug":"elementor","init":"elementor\/elementor.php","name":"Elementor"},{"slug":"wpforms-lite","init":"wpforms-lite\/wpforms.php","name":"WPForms Lite"}],"pages":{"id-24627":{"title":"Home","featured-image-url":"https:\/\/websitedemos.net\/wp-content\/uploads\/2017\/08\/hotel-mountain-homepage.jpg","thumbnail-image-url":"https:\/\/websitedemos.net\/wp-content\/uploads\/2017\/08\/hotel-mountain-homepage-600x800.jpg","astra-page-api-url":"https:\/\/websitedemos.net\/hotel-02\/wp-json\/wp\/v2\/pages\/2","dynamic-page":"no","astra-page-url":"\/\/websitedemos.net\/hotel-02\/","astra-sites-tag":{"423":"home"},"site-pages-type":"free","site-pages-page-builder":"elementor","site-pages-category":[],"site-pages-parent-category":{"60":"business","61":"free"},"required-plugins":[{"slug":"elementor","init":"elementor\/elementor.php","name":"Elementor"},{"slug":"wpforms-lite","init":"wpforms-lite\/wpforms.php","name":"WPForms Lite"}]}}},"id-17506":{"title":"Hotel and BnB","featured-image-url":"https:\/\/websitedemos.net\/wp-content\/uploads\/2019\/07\/hotel-01-homepage.jpg","thumbnail-image-url":"https:\/\/websitedemos.net\/wp-content\/uploads\/2019\/07\/hotel-01-homepage-600x800.jpg","fullpage-thumbnail-image-url":"https:\/\/websitedemos.net\/wp-content\/uploads\/2019\/07\/hotel-01-homepage-400x1567.jpg","astra-site-url":"\/\/websitedemos.net\/hotel-01","astra-site-parent-id":247,"astra-sites-tag":{"560":"cuisine","336":"food","350":"hotel","712":"lodge","711":"motel","399":"one-page","714":"resort","463":"single-page"},"astra-sites-type":"free","astra-site-page-builder":"beaver-builder","astra-site-category":{"27":"business","39":"free"},"required-plugins":[{"slug":"beaver-builder-lite-version","init":"beaver-builder-lite-version\/fl-builder.php","name":"Beaver Builder Plugin (Lite Version)"},{"slug":"ultimate-addons-for-beaver-builder-lite","init":"ultimate-addons-for-beaver-builder-lite\/bb-ultimate-addon.php","name":"Ultimate Addons for Beaver Builder - Lite"},{"slug":"wpforms-lite","init":"wpforms-lite\/wpforms.php","name":"WPForms Lite"}],"pages":{"id-24620":{"title":"Home","featured-image-url":"https:\/\/websitedemos.net\/wp-content\/uploads\/2019\/07\/hotel-01-homepage.jpg","thumbnail-image-url":"https:\/\/websitedemos.net\/wp-content\/uploads\/2019\/07\/hotel-01-homepage-600x800.jpg","astra-page-api-url":"https:\/\/websitedemos.net\/hotel-01\/wp-json\/wp\/v2\/pages\/2","dynamic-page":"no","astra-page-url":"\/\/websitedemos.net\/hotel-01\/","astra-sites-tag":{"423":"home"},"site-pages-type":"free","site-pages-page-builder":"beaver-builder","site-pages-category":[],"site-pages-parent-category":{"60":"business","61":"free"},"required-plugins":[{"slug":"beaver-builder-lite-version","init":"beaver-builder-lite-version\/fl-builder.php","name":"Beaver Builder Plugin (Lite Version)"},{"slug":"ultimate-addons-for-beaver-builder-lite","init":"ultimate-addons-for-beaver-builder-lite\/bb-ultimate-addon.php","name":"Ultimate Addons for Beaver Builder - Lite"},{"slug":"wpforms-lite","init":"wpforms-lite\/wpforms.php","name":"WPForms Lite"}]}}},"id-48093":{"title":"Hotel and BnB","featured-image-url":"https:\/\/websitedemos.net\/wp-content\/uploads\/2020\/10\/hotel-homepage-gb.jpg","thumbnail-image-url":"https:\/\/websitedemos.net\/wp-content\/uploads\/2020\/10\/hotel-homepage-gb-600x800.jpg","fullpage-thumbnail-image-url":"https:\/\/websitedemos.net\/wp-content\/uploads\/2020\/10\/hotel-homepage-gb-400x1573.jpg","astra-site-url":"\/\/websitedemos.net\/hotel-08","astra-site-parent-id":1700,"astra-sites-tag":{"560":"cuisine","336":"food","350":"hotel","712":"lodge","711":"motel","399":"one-page","714":"resort","463":"single-page"},"astra-sites-type":"free","astra-site-page-builder":"gutenberg","astra-site-category":{"27":"business","39":"free"},"required-plugins":[{"slug":"wpforms-lite","init":"wpforms-lite\/wpforms.php","name":"WPForms Lite"}],"pages":{"id-48094":{"title":"Home","featured-image-url":"https:\/\/websitedemos.net\/wp-content\/uploads\/2020\/10\/hotel-homepage-gb.jpg","thumbnail-image-url":"https:\/\/websitedemos.net\/wp-content\/uploads\/2020\/10\/hotel-homepage-gb-600x800.jpg","astra-page-api-url":"https:\/\/websitedemos.net\/hotel-08\/wp-json\/wp\/v2\/pages\/6","dynamic-page":"no","astra-page-url":"\/\/websitedemos.net\/hotel-08\/","astra-sites-tag":{"423":"home","814":"homepage","463":"single-page"},"site-pages-type":"free","site-pages-page-builder":"gutenberg","site-pages-category":[],"site-pages-parent-category":{"60":"business","61":"free"},"required-plugins":[{"slug":"wpforms-lite","init":"wpforms-lite\/wpforms.php","name":"WPForms Lite"}]}}},"id-48304":{"title":"Health &amp; Fitness","featured-image-url":"https:\/\/websitedemos.net\/wp-content\/uploads\/2020\/10\/health-fitness-08.jpg","thumbnail-image-url":"https:\/\/websitedemos.net\/wp-content\/uploads\/2020\/10\/health-fitness-08-600x800.jpg","fullpage-thumbnail-image-url":"https:\/\/websitedemos.net\/wp-content\/uploads\/2020\/10\/health-fitness-08-400x1372.jpg","astra-site-url":"\/\/websitedemos.net\/health-fitness-08","astra-site-parent-id":1720,"astra-sites-tag":{"499":"fitness","521":"fitness-blog","1721":"health-blog","519":"healthy-living"},"astra-sites-type":"free","astra-site-page-builder":"gutenberg","astra-site-category":{"37":"blog","39":"free"},"required-plugins":[{"slug":"wpforms-lite","init":"wpforms-lite\/wpforms.php","name":"WPForms Lite"}],"pages":{"id-48307":{"title":"Home","featured-image-url":"https:\/\/websitedemos.net\/wp-content\/uploads\/2020\/10\/health-fitness-08.jpg","thumbnail-image-url":"https:\/\/websitedemos.net\/wp-content\/uploads\/2020\/10\/health-fitness-08-600x800.jpg","astra-page-api-url":"https:\/\/websitedemos.net\/health-fitness-08\/wp-json\/wp\/v2\/pages\/910","dynamic-page":"no","astra-page-url":"\/\/websitedemos.net\/health-fitness-08\/","astra-sites-tag":{"423":"home"},"site-pages-type":"free","site-pages-page-builder":"gutenberg","site-pages-category":[],"site-pages-parent-category":{"74":"blog","61":"free"},"required-plugins":[{"slug":"wpforms-lite","init":"wpforms-lite\/wpforms.php","name":"WPForms Lite"}]},"id-48306":{"title":"Blog","featured-image-url":"https:\/\/websitedemos.net\/wp-content\/uploads\/2020\/10\/health-fitness-08-blog.jpg","thumbnail-image-url":"https:\/\/websitedemos.net\/wp-content\/uploads\/2020\/10\/health-fitness-08-blog-600x800.jpg","astra-page-api-url":"https:\/\/websitedemos.net\/health-fitness-08\/wp-json\/wp\/v2\/pages\/914","dynamic-page":"no","astra-page-url":"\/\/websitedemos.net\/health-fitness-08\/blog\/","astra-sites-tag":{"480":"blog"},"site-pages-type":"free","site-pages-page-builder":"gutenberg","site-pages-category":[],"site-pages-parent-category":{"74":"blog","61":"free"},"required-plugins":[{"slug":"wpforms-lite","init":"wpforms-lite\/wpforms.php","name":"WPForms Lite"}]},"id-48305":{"title":"About","featured-image-url":"https:\/\/websitedemos.net\/wp-content\/uploads\/2020\/10\/health-fitness-08-about.jpg","thumbnail-image-url":"https:\/\/websitedemos.net\/wp-content\/uploads\/2020\/10\/health-fitness-08-about-600x800.jpg","astra-page-api-url":"https:\/\/websitedemos.net\/health-fitness-08\/wp-json\/wp\/v2\/pages\/912","dynamic-page":"no","astra-page-url":"\/\/websitedemos.net\/health-fitness-08\/about\/","astra-sites-tag":{"352":"about"},"site-pages-type":"free","site-pages-page-builder":"gutenberg","site-pages-category":[],"site-pages-parent-category":{"74":"blog","61":"free"},"required-plugins":[{"slug":"wpforms-lite","init":"wpforms-lite\/wpforms.php","name":"WPForms Lite"}]}}},"id-47918":{"title":"Travel Blog","featured-image-url":"https:\/\/websitedemos.net\/wp-content\/uploads\/2020\/10\/travel-08-home.jpg","thumbnail-image-url":"https:\/\/websitedemos.net\/wp-content\/uploads\/2020\/10\/travel-08-home-600x800.jpg","fullpage-thumbnail-image-url":"https:\/\/websitedemos.net\/wp-content\/uploads\/2020\/10\/travel-08-home-400x1342.jpg","astra-site-url":"\/\/websitedemos.net\/travel-08","astra-site-parent-id":1682,"astra-sites-tag":{"480":"blog","430":"tourism","427":"travel","750":"travel-blog","1683":"travel-blogger"},"astra-sites-type":"free","astra-site-page-builder":"gutenberg","astra-site-category":{"37":"blog","39":"free"},"required-plugins":[{"slug":"wpforms-lite","init":"wpforms-lite\/wpforms.php","name":"WPForms Lite"}],"pages":{"id-47922":{"title":"Home","featured-image-url":"https:\/\/websitedemos.net\/wp-content\/uploads\/2020\/10\/travel-08-home.jpg","thumbnail-image-url":"https:\/\/websitedemos.net\/wp-content\/uploads\/2020\/10\/travel-08-home-600x800.jpg","astra-page-api-url":"https:\/\/websitedemos.net\/travel-08\/wp-json\/wp\/v2\/pages\/1718","dynamic-page":"no","astra-page-url":"\/\/websitedemos.net\/travel-08\/","astra-sites-tag":{"423":"home"},"site-pages-type":"free","site-pages-page-builder":"gutenberg","site-pages-category":[],"site-pages-parent-category":{"74":"blog","61":"free"},"required-plugins":[{"slug":"wpforms-lite","init":"wpforms-lite\/wpforms.php","name":"WPForms Lite"}]},"id-47920":{"title":"Blog","featured-image-url":"https:\/\/websitedemos.net\/wp-content\/uploads\/2020\/10\/travel-08-blog.jpg","thumbnail-image-url":"https:\/\/websitedemos.net\/wp-content\/uploads\/2020\/10\/travel-08-blog-600x800.jpg","astra-page-api-url":"https:\/\/websitedemos.net\/travel-08\/wp-json\/wp\/v2\/pages\/1722","dynamic-page":"no","astra-page-url":"\/\/websitedemos.net\/travel-08\/blog\/","astra-sites-tag":{"480":"blog"},"site-pages-type":"free","site-pages-page-builder":"gutenberg","site-pages-category":[],"site-pages-parent-category":{"74":"blog","61":"free"},"required-plugins":[{"slug":"gutenberg","init":"gutenberg\/gutenberg.php","name":"Gutenberg"}]},"id-47919":{"title":"About","featured-image-url":"https:\/\/websitedemos.net\/wp-content\/uploads\/2020\/10\/travel-08-about.jpg","thumbnail-image-url":"https:\/\/websitedemos.net\/wp-content\/uploads\/2020\/10\/travel-08-about-600x800.jpg","astra-page-api-url":"https:\/\/websitedemos.net\/travel-08\/wp-json\/wp\/v2\/pages\/1720","dynamic-page":"no","astra-page-url":"\/\/websitedemos.net\/travel-08\/about\/","astra-sites-tag":{"352":"about"},"site-pages-type":"free","site-pages-page-builder":"gutenberg","site-pages-category":[],"site-pages-parent-category":{"74":"blog","61":"free"},"required-plugins":[{"slug":"wpforms-lite","init":"wpforms-lite\/wpforms.php","name":"WPForms Lite"}]},"id-47921":{"title":"Destination","featured-image-url":"https:\/\/websitedemos.net\/wp-content\/uploads\/2020\/10\/travel-08-destinations.jpg","thumbnail-image-url":"https:\/\/websitedemos.net\/wp-content\/uploads\/2020\/10\/travel-08-destinations-600x800.jpg","astra-page-api-url":"https:\/\/websitedemos.net\/travel-08\/wp-json\/wp\/v2\/pages\/1724","dynamic-page":"no","astra-page-url":"\/\/websitedemos.net\/travel-08\/destination\/","astra-sites-tag":{"785":"destination","425":"services"},"site-pages-type":"free","site-pages-page-builder":"gutenberg","site-pages-category":[],"site-pages-parent-category":{"74":"blog","61":"free"},"required-plugins":[{"slug":"gutenberg","init":"gutenberg\/gutenberg.php","name":"Gutenberg"}]}}},"id-47942":{"title":"Pet Care","featured-image-url":"https:\/\/websitedemos.net\/wp-content\/uploads\/2020\/10\/pet-care-08-home-1.jpg","thumbnail-image-url":"https:\/\/websitedemos.net\/wp-content\/uploads\/2020\/10\/pet-care-08-home-1-600x800.jpg","fullpage-thumbnail-image-url":"https:\/\/websitedemos.net\/wp-content\/uploads\/2020\/10\/pet-care-08-home-1-400x1084.jpg","astra-site-url":"\/\/websitedemos.net\/pet-care-08","astra-site-parent-id":1685,"astra-sites-tag":{"1688":"pet-blog","374":"pet-care","1686":"pet-care-blog","372":"pet-minding","371":"pet-sitting","373":"pet-training","1687":"pet-walking"},"astra-sites-type":"free","astra-site-page-builder":"gutenberg","astra-site-category":{"37":"blog","39":"free"},"required-plugins":[{"slug":"wpforms-lite","init":"wpforms-lite\/wpforms.php","name":"WPForms Lite"}],"pages":{"id-47945":{"title":"Home","featured-image-url":"https:\/\/websitedemos.net\/wp-content\/uploads\/2020\/10\/pet-care-08-home-1.jpg","thumbnail-image-url":"https:\/\/websitedemos.net\/wp-content\/uploads\/2020\/10\/pet-care-08-home-1-600x800.jpg","astra-page-api-url":"https:\/\/websitedemos.net\/pet-care-08\/wp-json\/wp\/v2\/pages\/1040","dynamic-page":"no","astra-page-url":"\/\/websitedemos.net\/pet-care-08\/","astra-sites-tag":{"423":"home"},"site-pages-type":"free","site-pages-page-builder":"gutenberg","site-pages-category":[],"site-pages-parent-category":{"74":"blog","61":"free"},"required-plugins":[{"slug":"wpforms-lite","init":"wpforms-lite\/wpforms.php","name":"WPForms Lite"}]},"id-47943":{"title":"About Me","featured-image-url":"https:\/\/websitedemos.net\/wp-content\/uploads\/2020\/10\/pet-care-08-about-1.jpg","thumbnail-image-url":"https:\/\/websitedemos.net\/wp-content\/uploads\/2020\/10\/pet-care-08-about-1-600x800.jpg","astra-page-api-url":"https:\/\/websitedemos.net\/pet-care-08\/wp-json\/wp\/v2\/pages\/1042","dynamic-page":"no","astra-page-url":"\/\/websitedemos.net\/pet-care-08\/about-me\/","astra-sites-tag":{"352":"about"},"site-pages-type":"free","site-pages-page-builder":"gutenberg","site-pages-category":[],"site-pages-parent-category":{"74":"blog","61":"free"},"required-plugins":[{"slug":"gutenberg","init":"gutenberg\/gutenberg.php","name":"Gutenberg"}]},"id-47944":{"title":"Blog","featured-image-url":"https:\/\/websitedemos.net\/wp-content\/uploads\/2020\/10\/pet-care-08-blog-1.jpg","thumbnail-image-url":"https:\/\/websitedemos.net\/wp-content\/uploads\/2020\/10\/pet-care-08-blog-1-600x800.jpg","astra-page-api-url":"https:\/\/websitedemos.net\/pet-care-08\/wp-json\/wp\/v2\/pages\/1044","dynamic-page":"no","astra-page-url":"\/\/websitedemos.net\/pet-care-08\/blog\/","astra-sites-tag":{"480":"blog"},"site-pages-type":"free","site-pages-page-builder":"gutenberg","site-pages-category":[],"site-pages-parent-category":{"74":"blog","61":"free"},"required-plugins":[{"slug":"gutenberg","init":"gutenberg\/gutenberg.php","name":"Gutenberg"}]}}}}