{"id-48078":{"title":"Outdoor Adventure","featured-image-url":"https:\/\/websitedemos.net\/wp-content\/uploads\/2020\/10\/outdoor-adventure-08-home.jpg","thumbnail-image-url":"https:\/\/websitedemos.net\/wp-content\/uploads\/2020\/10\/outdoor-adventure-08-home-600x800.jpg","fullpage-thumbnail-image-url":"https:\/\/websitedemos.net\/wp-content\/uploads\/2020\/10\/outdoor-adventure-08-home-400x956.jpg","astra-site-url":"\/\/websitedemos.net\/outdoor-adventure-08","astra-site-parent-id":1698,"astra-sites-tag":{"544":"adventure","545":"camping","543":"extreme-sports","541":"mountains","542":"park","546":"sports"},"astra-sites-type":"free","astra-site-page-builder":"gutenberg","astra-site-category":{"27":"business","39":"free"},"required-plugins":[{"slug":"wpforms-lite","init":"wpforms-lite\/wpforms.php","name":"WPForms Lite"}],"pages":{"id-48081":{"title":"Home","featured-image-url":"https:\/\/websitedemos.net\/wp-content\/uploads\/2020\/10\/outdoor-adventure-08-home.jpg","thumbnail-image-url":"https:\/\/websitedemos.net\/wp-content\/uploads\/2020\/10\/outdoor-adventure-08-home-600x800.jpg","astra-page-api-url":"https:\/\/websitedemos.net\/outdoor-adventure-08\/wp-json\/wp\/v2\/pages\/10","dynamic-page":"no","astra-page-url":"\/\/websitedemos.net\/outdoor-adventure-08\/","astra-sites-tag":{"423":"home"},"site-pages-type":"free","site-pages-page-builder":"gutenberg","site-pages-category":[],"site-pages-parent-category":{"60":"business","61":"free"},"required-plugins":[{"slug":"gutenberg","init":"gutenberg\/gutenberg.php","name":"Gutenberg"}]},"id-48079":{"title":"About","featured-image-url":"https:\/\/websitedemos.net\/wp-content\/uploads\/2020\/10\/outdoor-adventure-08-about.jpg","thumbnail-image-url":"https:\/\/websitedemos.net\/wp-content\/uploads\/2020\/10\/outdoor-adventure-08-about-600x800.jpg","astra-page-api-url":"https:\/\/websitedemos.net\/outdoor-adventure-08\/wp-json\/wp\/v2\/pages\/6","dynamic-page":"no","astra-page-url":"\/\/websitedemos.net\/outdoor-adventure-08\/about\/","astra-sites-tag":{"352":"about"},"site-pages-type":"free","site-pages-page-builder":"gutenberg","site-pages-category":[],"site-pages-parent-category":{"60":"business","61":"free"},"required-plugins":[{"slug":"gutenberg","init":"gutenberg\/gutenberg.php","name":"Gutenberg"}]},"id-48083":{"title":"Services","featured-image-url":"https:\/\/websitedemos.net\/wp-content\/uploads\/2020\/10\/outdoor-adventure-08-services.jpg","thumbnail-image-url":"https:\/\/websitedemos.net\/wp-content\/uploads\/2020\/10\/outdoor-adventure-08-services-600x800.jpg","astra-page-api-url":"https:\/\/websitedemos.net\/outdoor-adventure-08\/wp-json\/wp\/v2\/pages\/8","dynamic-page":"no","astra-page-url":"\/\/websitedemos.net\/outdoor-adventure-08\/services\/","astra-sites-tag":{"425":"services"},"site-pages-type":"free","site-pages-page-builder":"gutenberg","site-pages-category":[],"site-pages-parent-category":{"60":"business","61":"free"},"required-plugins":[{"slug":"gutenberg","init":"gutenberg\/gutenberg.php","name":"Gutenberg"}]},"id-48082":{"title":"Projects","featured-image-url":"https:\/\/websitedemos.net\/wp-content\/uploads\/2020\/10\/outdoor-adventure-08-projects.jpg","thumbnail-image-url":"https:\/\/websitedemos.net\/wp-content\/uploads\/2020\/10\/outdoor-adventure-08-projects-600x800.jpg","astra-page-api-url":"https:\/\/websitedemos.net\/outdoor-adventure-08\/wp-json\/wp\/v2\/pages\/7","dynamic-page":"no","astra-page-url":"\/\/websitedemos.net\/outdoor-adventure-08\/projects\/","astra-sites-tag":{"1613":"projects"},"site-pages-type":"free","site-pages-page-builder":"gutenberg","site-pages-category":[],"site-pages-parent-category":{"60":"business","61":"free"},"required-plugins":[{"slug":"gutenberg","init":"gutenberg\/gutenberg.php","name":"Gutenberg"}]},"id-48080":{"title":"Contact","featured-image-url":"https:\/\/websitedemos.net\/wp-content\/uploads\/2020\/10\/outdoor-adventure-08-contact.jpg","thumbnail-image-url":"https:\/\/websitedemos.net\/wp-content\/uploads\/2020\/10\/outdoor-adventure-08-contact-600x800.jpg","astra-page-api-url":"https:\/\/websitedemos.net\/outdoor-adventure-08\/wp-json\/wp\/v2\/pages\/9","dynamic-page":"no","astra-page-url":"\/\/websitedemos.net\/outdoor-adventure-08\/contact\/","astra-sites-tag":{"415":"contact"},"site-pages-type":"free","site-pages-page-builder":"gutenberg","site-pages-category":[],"site-pages-parent-category":{"60":"business","61":"free"},"required-plugins":[{"slug":"wpforms-lite","init":"wpforms-lite\/wpforms.php","name":"WPForms Lite"}]}}},"id-48121":{"title":"Organic Store","featured-image-url":"https:\/\/websitedemos.net\/wp-content\/uploads\/2020\/10\/organic-shop01-home.jpg","thumbnail-image-url":"https:\/\/websitedemos.net\/wp-content\/uploads\/2020\/10\/organic-shop01-home-600x800.jpg","fullpage-thumbnail-image-url":"https:\/\/websitedemos.net\/wp-content\/uploads\/2020\/10\/organic-shop01-home-400x1367.jpg","astra-site-url":"\/\/websitedemos.net\/organic-shop-08","astra-site-parent-id":1702,"astra-sites-tag":{"496":"ecommerce","369":"natural","368":"organic","967":"product-store","733":"shop","1024":"woocommerce"},"astra-sites-type":"free","astra-site-page-builder":"gutenberg","astra-site-category":{"38":"ecommerce","39":"free"},"required-plugins":[{"slug":"woocommerce","init":"woocommerce\/woocommerce.php","name":"WooCommerce"},{"slug":"woo-cart-abandonment-recovery","init":"woo-cart-abandonment-recovery\/woo-cart-abandonment-recovery.php","name":"WooCommerce Cart Abandonment Recovery"}],"pages":{"id-48124":{"title":"Home","featured-image-url":"https:\/\/websitedemos.net\/wp-content\/uploads\/2020\/10\/organic-shop01-home.jpg","thumbnail-image-url":"https:\/\/websitedemos.net\/wp-content\/uploads\/2020\/10\/organic-shop01-home-600x800.jpg","astra-page-api-url":"https:\/\/websitedemos.net\/organic-shop-08\/wp-json\/wp\/v2\/pages\/3610","dynamic-page":"yes","astra-page-url":"\/\/websitedemos.net\/organic-shop-08\/","astra-sites-tag":{"814":"homepage"},"site-pages-type":"free","site-pages-page-builder":"gutenberg","site-pages-category":[],"site-pages-parent-category":{"64":"ecommerce","61":"free"},"required-plugins":[{"slug":"gutenberg","init":"gutenberg\/gutenberg.php","name":"Gutenberg"}]},"id-48122":{"title":"About","featured-image-url":"https:\/\/websitedemos.net\/wp-content\/uploads\/2020\/10\/organic-shop-about-gb.jpg","thumbnail-image-url":"https:\/\/websitedemos.net\/wp-content\/uploads\/2020\/10\/organic-shop-about-gb-600x800.jpg","astra-page-api-url":"https:\/\/websitedemos.net\/organic-shop-08\/wp-json\/wp\/v2\/pages\/3612","dynamic-page":"no","astra-page-url":"\/\/websitedemos.net\/organic-shop-08\/about\/","astra-sites-tag":{"352":"about"},"site-pages-type":"free","site-pages-page-builder":"gutenberg","site-pages-category":[],"site-pages-parent-category":{"64":"ecommerce","61":"free"},"required-plugins":[{"slug":"gutenberg","init":"gutenberg\/gutenberg.php","name":"Gutenberg"}]},"id-48123":{"title":"Contact","featured-image-url":"https:\/\/websitedemos.net\/wp-content\/uploads\/2020\/10\/organic-shop-contact-gb.jpg","thumbnail-image-url":"https:\/\/websitedemos.net\/wp-content\/uploads\/2020\/10\/organic-shop-contact-gb-600x800.jpg","astra-page-api-url":"https:\/\/websitedemos.net\/organic-shop-08\/wp-json\/wp\/v2\/pages\/3614","dynamic-page":"no","astra-page-url":"\/\/websitedemos.net\/organic-shop-08\/contact\/","astra-sites-tag":{"415":"contact"},"site-pages-type":"free","site-pages-page-builder":"gutenberg","site-pages-category":[],"site-pages-parent-category":{"64":"ecommerce","61":"free"},"required-plugins":[{"slug":"gutenberg","init":"gutenberg\/gutenberg.php","name":"Gutenberg"}]}}},"id-49241":{"title":"Catering &amp; Events","featured-image-url":"https:\/\/websitedemos.net\/wp-content\/uploads\/2020\/12\/catering-services-04-home.jpg","thumbnail-image-url":"https:\/\/websitedemos.net\/wp-content\/uploads\/2020\/12\/catering-services-04-home-600x800.jpg","fullpage-thumbnail-image-url":"https:\/\/websitedemos.net\/wp-content\/uploads\/2020\/12\/catering-services-04-home-400x1763.jpg","astra-site-url":"\/\/websitedemos.net\/catering-services-04","astra-site-parent-id":1788,"astra-sites-tag":{"693":"cafe","1791":"catering-services","1792":"caters","792":"cooking","1798":"dining","1569":"events","1789":"feeding","336":"food","1799":"food-festival","1793":"meal-serve","1790":"serving"},"astra-sites-type":"agency-mini","astra-site-page-builder":"elementor","astra-site-category":{"27":"business"},"required-plugins":[{"slug":"elementor","init":"elementor\/elementor.php","name":"Elementor"},{"slug":"wpforms-lite","init":"wpforms-lite\/wpforms.php","name":"WPForms Lite"}],"pages":{"id-49244":{"title":"Home","featured-image-url":"https:\/\/websitedemos.net\/wp-content\/uploads\/2020\/12\/catering-services-04-home.jpg","thumbnail-image-url":"https:\/\/websitedemos.net\/wp-content\/uploads\/2020\/12\/catering-services-04-home-600x800.jpg","astra-page-api-url":"https:\/\/websitedemos.net\/catering-services-04\/wp-json\/wp\/v2\/pages\/5","dynamic-page":"no","astra-page-url":"\/\/websitedemos.net\/catering-services-04\/","astra-sites-tag":{"423":"home"},"site-pages-type":"agency-mini","site-pages-page-builder":"elementor","site-pages-category":[],"site-pages-parent-category":{"60":"business"},"required-plugins":[{"slug":"elementor","init":"elementor\/elementor.php","name":"Elementor"}]},"id-49242":{"title":"About Us","featured-image-url":"https:\/\/websitedemos.net\/wp-content\/uploads\/2020\/12\/catering-services-04-about.jpg","thumbnail-image-url":"https:\/\/websitedemos.net\/wp-content\/uploads\/2020\/12\/catering-services-04-about-600x800.jpg","astra-page-api-url":"https:\/\/websitedemos.net\/catering-services-04\/wp-json\/wp\/v2\/pages\/229","dynamic-page":"no","astra-page-url":"\/\/websitedemos.net\/catering-services-04\/about-us\/","astra-sites-tag":{"352":"about"},"site-pages-type":"agency-mini","site-pages-page-builder":"elementor","site-pages-category":[],"site-pages-parent-category":{"60":"business"},"required-plugins":[{"slug":"elementor","init":"elementor\/elementor.php","name":"Elementor"}]},"id-49245":{"title":"Services","featured-image-url":"https:\/\/websitedemos.net\/wp-content\/uploads\/2020\/12\/catering-services-04-services.jpg","thumbnail-image-url":"https:\/\/websitedemos.net\/wp-content\/uploads\/2020\/12\/catering-services-04-services-600x800.jpg","astra-page-api-url":"https:\/\/websitedemos.net\/catering-services-04\/wp-json\/wp\/v2\/pages\/275","dynamic-page":"no","astra-page-url":"\/\/websitedemos.net\/catering-services-04\/services\/","astra-sites-tag":{"425":"services"},"site-pages-type":"agency-mini","site-pages-page-builder":"elementor","site-pages-category":[],"site-pages-parent-category":{"60":"business"},"required-plugins":[{"slug":"elementor","init":"elementor\/elementor.php","name":"Elementor"}]},"id-49246":{"title":"Testimonials","featured-image-url":"https:\/\/websitedemos.net\/wp-content\/uploads\/2020\/12\/catering-services-04-testimonials.jpg","thumbnail-image-url":"https:\/\/websitedemos.net\/wp-content\/uploads\/2020\/12\/catering-services-04-testimonials-600x800.jpg","astra-page-api-url":"https:\/\/websitedemos.net\/catering-services-04\/wp-json\/wp\/v2\/pages\/315","dynamic-page":"no","astra-page-url":"\/\/websitedemos.net\/catering-services-04\/testimonials\/","astra-sites-tag":{"432":"review","433":"testimonials"},"site-pages-type":"agency-mini","site-pages-page-builder":"elementor","site-pages-category":[],"site-pages-parent-category":{"60":"business"},"required-plugins":[{"slug":"elementor","init":"elementor\/elementor.php","name":"Elementor"}]},"id-49243":{"title":"Contact Us","featured-image-url":"https:\/\/websitedemos.net\/wp-content\/uploads\/2020\/12\/catering-services-04-contact.jpg","thumbnail-image-url":"https:\/\/websitedemos.net\/wp-content\/uploads\/2020\/12\/catering-services-04-contact-600x800.jpg","astra-page-api-url":"https:\/\/websitedemos.net\/catering-services-04\/wp-json\/wp\/v2\/pages\/343","dynamic-page":"no","astra-page-url":"\/\/websitedemos.net\/catering-services-04\/contact-us\/","astra-sites-tag":{"415":"contact"},"site-pages-type":"agency-mini","site-pages-page-builder":"elementor","site-pages-category":[],"site-pages-parent-category":{"60":"business"},"required-plugins":[{"slug":"elementor","init":"elementor\/elementor.php","name":"Elementor"},{"slug":"wpforms-lite","init":"wpforms-lite\/wpforms.php","name":"WPForms Lite"}]}}},"id-49260":{"title":"Music School","featured-image-url":"https:\/\/websitedemos.net\/wp-content\/uploads\/2020\/12\/music-school-04-home-1.jpg","thumbnail-image-url":"https:\/\/websitedemos.net\/wp-content\/uploads\/2020\/12\/music-school-04-home-1-600x800.jpg","fullpage-thumbnail-image-url":"https:\/\/websitedemos.net\/wp-content\/uploads\/2020\/12\/music-school-04-home-1-400x2826.jpg","astra-site-url":"\/\/websitedemos.net\/music-school-04","astra-site-parent-id":1794,"astra-sites-tag":{"339":"artist","1797":"drama-school","1795":"music-academy","1796":"musical-school","969":"musician","1572":"performer","1571":"singer","1573":"vocalist"},"astra-sites-type":"agency-mini","astra-site-page-builder":"elementor","astra-site-category":{"27":"business"},"required-plugins":[{"slug":"elementor","init":"elementor\/elementor.php","name":"Elementor"},{"slug":"wpforms-lite","init":"wpforms-lite\/wpforms.php","name":"WPForms Lite"}],"pages":{"id-49261":{"title":"Home","featured-image-url":"https:\/\/websitedemos.net\/wp-content\/uploads\/2020\/12\/music-school-04-home-1.jpg","thumbnail-image-url":"https:\/\/websitedemos.net\/wp-content\/uploads\/2020\/12\/music-school-04-home-1-600x800.jpg","astra-page-api-url":"https:\/\/websitedemos.net\/music-school-04\/wp-json\/wp\/v2\/pages\/9","dynamic-page":"no","astra-page-url":"\/\/websitedemos.net\/music-school-04\/","astra-sites-tag":{"423":"home","399":"one-page"},"site-pages-type":"agency-mini","site-pages-page-builder":"elementor","site-pages-category":[],"site-pages-parent-category":{"60":"business"},"required-plugins":[{"slug":"elementor","init":"elementor\/elementor.php","name":"Elementor"},{"slug":"wpforms-lite","init":"wpforms-lite\/wpforms.php","name":"WPForms Lite"}]}}},"id-48348":{"title":"Mountain","featured-image-url":"https:\/\/websitedemos.net\/wp-content\/uploads\/2020\/10\/mountain-08-home.jpg","thumbnail-image-url":"https:\/\/websitedemos.net\/wp-content\/uploads\/2020\/10\/mountain-08-home-600x800.jpg","fullpage-thumbnail-image-url":"https:\/\/websitedemos.net\/wp-content\/uploads\/2020\/10\/mountain-08-home-400x980.jpg","astra-site-url":"\/\/websitedemos.net\/mountain-08","astra-site-parent-id":1724,"astra-sites-tag":{"692":"business","1525":"mountain","1526":"multi-purpose","535":"nature"},"astra-sites-type":"free","astra-site-page-builder":"gutenberg","astra-site-category":{"27":"business","39":"free"},"required-plugins":[{"slug":"wpforms-lite","init":"wpforms-lite\/wpforms.php","name":"WPForms Lite"}],"pages":{"id-48349":{"title":"About","featured-image-url":"https:\/\/websitedemos.net\/wp-content\/uploads\/2020\/10\/mountain-08-about-1.jpg","thumbnail-image-url":"https:\/\/websitedemos.net\/wp-content\/uploads\/2020\/10\/mountain-08-about-1.jpg","astra-page-api-url":"https:\/\/websitedemos.net\/mountain-08\/wp-json\/wp\/v2\/pages\/218","dynamic-page":"no","astra-page-url":"\/\/websitedemos.net\/mountain-08\/about\/","astra-sites-tag":{"352":"about"},"site-pages-type":"free","site-pages-page-builder":"gutenberg","site-pages-category":[],"site-pages-parent-category":{"60":"business","61":"free"},"required-plugins":[{"slug":"gutenberg","init":"gutenberg\/gutenberg.php","name":"Gutenberg"}]},"id-48350":{"title":"Contact","featured-image-url":"https:\/\/websitedemos.net\/wp-content\/uploads\/2020\/10\/mountain-08-contact-1.jpg","thumbnail-image-url":"https:\/\/websitedemos.net\/wp-content\/uploads\/2020\/10\/mountain-08-contact-1-600x800.jpg","astra-page-api-url":"https:\/\/websitedemos.net\/mountain-08\/wp-json\/wp\/v2\/pages\/220","dynamic-page":"no","astra-page-url":"\/\/websitedemos.net\/mountain-08\/contact\/","astra-sites-tag":{"415":"contact"},"site-pages-type":"free","site-pages-page-builder":"gutenberg","site-pages-category":[],"site-pages-parent-category":{"60":"business","61":"free"},"required-plugins":[{"slug":"wpforms-lite","init":"wpforms-lite\/wpforms.php","name":"WPForms Lite"}]},"id-48351":{"title":"Home","featured-image-url":"https:\/\/websitedemos.net\/wp-content\/uploads\/2020\/10\/mountain-08-home.jpg","thumbnail-image-url":"https:\/\/websitedemos.net\/wp-content\/uploads\/2020\/10\/mountain-08-home-600x800.jpg","astra-page-api-url":"https:\/\/websitedemos.net\/mountain-08\/wp-json\/wp\/v2\/pages\/217","dynamic-page":"no","astra-page-url":"\/\/websitedemos.net\/mountain-08\/","astra-sites-tag":{"423":"home"},"site-pages-type":"free","site-pages-page-builder":"gutenberg","site-pages-category":[],"site-pages-parent-category":{"60":"business","61":"free"},"required-plugins":[{"slug":"gutenberg","init":"gutenberg\/gutenberg.php","name":"Gutenberg"}]},"id-48352":{"title":"Services","featured-image-url":"https:\/\/websitedemos.net\/wp-content\/uploads\/2020\/10\/mountain-08-services-1.jpg","thumbnail-image-url":"https:\/\/websitedemos.net\/wp-content\/uploads\/2020\/10\/mountain-08-services-1-600x800.jpg","astra-page-api-url":"https:\/\/websitedemos.net\/mountain-08\/wp-json\/wp\/v2\/pages\/219","dynamic-page":"no","astra-page-url":"\/\/websitedemos.net\/mountain-08\/services\/","astra-sites-tag":{"425":"services"},"site-pages-type":"free","site-pages-page-builder":"gutenberg","site-pages-category":[],"site-pages-parent-category":{"60":"business","61":"free"},"required-plugins":[{"slug":"gutenberg","init":"gutenberg\/gutenberg.php","name":"Gutenberg"}]}}},"id-22110":{"title":"Learndash Academy","featured-image-url":"https:\/\/websitedemos.net\/wp-content\/uploads\/2019\/10\/learndash-academy-01-home-1.jpg","thumbnail-image-url":"https:\/\/websitedemos.net\/wp-content\/uploads\/2019\/10\/learndash-academy-01-home-1-600x800.jpg","fullpage-thumbnail-image-url":"https:\/\/websitedemos.net\/wp-content\/uploads\/2019\/10\/learndash-academy-01-home-1-400x1223.jpg","astra-site-url":"\/\/websitedemos.net\/learndash-academy-01","astra-site-parent-id":885,"astra-sites-tag":{"462":"courses","468":"elearning","467":"learndash","460":"learning","466":"online-courses","975":"online-learning"},"astra-sites-type":"free","astra-site-page-builder":"beaver-builder","astra-site-category":{"27":"business","39":"free"},"required-plugins":[{"slug":"beaver-builder-lite-version","init":"beaver-builder-lite-version\/fl-builder.php","name":"Beaver Builder Plugin (Lite Version)"},{"slug":"ultimate-addons-for-beaver-builder-lite","init":"ultimate-addons-for-beaver-builder-lite\/bb-ultimate-addon.php","name":"Ultimate Addons for Beaver Builder - Lite"},{"slug":"sfwd-lms","init":"sfwd-lms\/sfwd_lms.php","name":"LearnDash LMS"},{"slug":"learndash-course-grid","init":"learndash-course-grid\/learndash_course_grid.php","name":"LearnDash LMS - Course Grid"},{"slug":"woocommerce","init":"woocommerce\/woocommerce.php","name":"WooCommerce"},{"slug":"learndash-woocommerce","init":"learndash-woocommerce\/learndash_woocommerce.php","name":"LearnDash LMS - WooCommerce Integration"},{"slug":"cartflows","init":"cartflows\/cartflows.php","name":"CartFlows"},{"slug":"wpforms-lite","init":"wpforms-lite\/wpforms.php","name":"WPForms Lite"}],"pages":{"id-34127":{"title":"Home","featured-image-url":"https:\/\/websitedemos.net\/wp-content\/uploads\/2019\/10\/learndash-academy-01-home-1.jpg","thumbnail-image-url":"https:\/\/websitedemos.net\/wp-content\/uploads\/2019\/10\/learndash-academy-01-home-1-600x800.jpg","astra-page-api-url":"https:\/\/websitedemos.net\/learndash-academy-01\/wp-json\/wp\/v2\/pages\/17","dynamic-page":"yes","astra-page-url":"\/\/websitedemos.net\/learndash-academy-01\/","astra-sites-tag":{"423":"home"},"site-pages-type":"free","site-pages-page-builder":"beaver-builder","site-pages-category":[],"site-pages-parent-category":{"60":"business","61":"free"},"required-plugins":[{"slug":"beaver-builder-lite-version","init":"beaver-builder-lite-version\/fl-builder.php","name":"Beaver Builder Plugin (Lite Version)"},{"slug":"ultimate-addons-for-beaver-builder-lite","init":"ultimate-addons-for-beaver-builder-lite\/bb-ultimate-addon.php","name":"Ultimate Addons for Beaver Builder - Lite"}]},"id-34126":{"title":"All Courses","featured-image-url":"https:\/\/websitedemos.net\/wp-content\/uploads\/2019\/10\/learndash-academy-01-courses.jpg","thumbnail-image-url":"https:\/\/websitedemos.net\/wp-content\/uploads\/2019\/10\/learndash-academy-01-courses-600x800.jpg","astra-page-api-url":"https:\/\/websitedemos.net\/learndash-academy-01\/wp-json\/wp\/v2\/pages\/201","dynamic-page":"yes","astra-page-url":"\/\/websitedemos.net\/learndash-academy-01\/all-courses\/","astra-sites-tag":{"462":"courses"},"site-pages-type":"free","site-pages-page-builder":"beaver-builder","site-pages-category":[],"site-pages-parent-category":{"60":"business","61":"free"},"required-plugins":[{"slug":"beaver-builder-lite-version","init":"beaver-builder-lite-version\/fl-builder.php","name":"Beaver Builder Plugin (Lite Version)"},{"slug":"ultimate-addons-for-beaver-builder-lite","init":"ultimate-addons-for-beaver-builder-lite\/bb-ultimate-addon.php","name":"Ultimate Addons for Beaver Builder - Lite"}]},"id-31832":{"title":"About","featured-image-url":"https:\/\/websitedemos.net\/wp-content\/uploads\/2019\/10\/learndash-academy-01-about.jpg","thumbnail-image-url":"https:\/\/websitedemos.net\/wp-content\/uploads\/2019\/10\/learndash-academy-01-about-600x800.jpg","astra-page-api-url":"https:\/\/websitedemos.net\/learndash-academy-01\/wp-json\/wp\/v2\/pages\/158","dynamic-page":"no","astra-page-url":"\/\/websitedemos.net\/learndash-academy-01\/about\/","astra-sites-tag":{"352":"about"},"site-pages-type":"free","site-pages-page-builder":"beaver-builder","site-pages-category":[],"site-pages-parent-category":{"60":"business","61":"free"},"required-plugins":[{"slug":"beaver-builder-lite-version","init":"beaver-builder-lite-version\/fl-builder.php","name":"Beaver Builder Plugin (Lite Version)"},{"slug":"ultimate-addons-for-beaver-builder-lite","init":"ultimate-addons-for-beaver-builder-lite\/bb-ultimate-addon.php","name":"Ultimate Addons for Beaver Builder - Lite"}]},"id-31833":{"title":"Contact","featured-image-url":"https:\/\/websitedemos.net\/wp-content\/uploads\/2019\/10\/learndash-academy-01-contact.jpg","thumbnail-image-url":"https:\/\/websitedemos.net\/wp-content\/uploads\/2019\/10\/learndash-academy-01-contact-600x800.jpg","astra-page-api-url":"https:\/\/websitedemos.net\/learndash-academy-01\/wp-json\/wp\/v2\/pages\/401","dynamic-page":"no","astra-page-url":"\/\/websitedemos.net\/learndash-academy-01\/contact\/","astra-sites-tag":{"415":"contact"},"site-pages-type":"free","site-pages-page-builder":"beaver-builder","site-pages-category":[],"site-pages-parent-category":{"60":"business","61":"free"},"required-plugins":[{"slug":"beaver-builder-lite-version","init":"beaver-builder-lite-version\/fl-builder.php","name":"Beaver Builder Plugin (Lite Version)"},{"slug":"ultimate-addons-for-beaver-builder-lite","init":"ultimate-addons-for-beaver-builder-lite\/bb-ultimate-addon.php","name":"Ultimate Addons for Beaver Builder - Lite"},{"slug":"wpforms-lite","init":"wpforms-lite\/wpforms.php","name":"WPForms Lite"}]}}},"id-22401":{"title":"Organic Store","featured-image-url":"https:\/\/websitedemos.net\/wp-content\/uploads\/2019\/10\/organic-shop-01-home-1.jpg","thumbnail-image-url":"https:\/\/websitedemos.net\/wp-content\/uploads\/2019\/10\/organic-shop-01-home-1-600x800.jpg","fullpage-thumbnail-image-url":"https:\/\/websitedemos.net\/wp-content\/uploads\/2019\/10\/organic-shop-01-home-1-400x1498.jpg","astra-site-url":"\/\/websitedemos.net\/organic-shop-01","astra-site-parent-id":79,"astra-sites-tag":{"880":"cartflows","369":"natural","368":"organic","886":"organic-shop","370":"organic-store","733":"shop"},"astra-sites-type":"free","astra-site-page-builder":"beaver-builder","astra-site-category":{"38":"ecommerce","39":"free"},"required-plugins":[{"slug":"beaver-builder-lite-version","init":"beaver-builder-lite-version\/fl-builder.php","name":"Beaver Builder Plugin (Lite Version)"},{"slug":"ultimate-addons-for-beaver-builder-lite","init":"ultimate-addons-for-beaver-builder-lite\/bb-ultimate-addon.php","name":"Ultimate Addons for Beaver Builder - Lite"},{"slug":"woocommerce","init":"woocommerce\/woocommerce.php","name":"WooCommerce"},{"slug":"woo-cart-abandonment-recovery","init":"woo-cart-abandonment-recovery\/woo-cart-abandonment-recovery.php","name":"WooCommerce Cart Abandonment Recovery"}],"pages":{"id-34078":{"title":"Home","featured-image-url":"https:\/\/websitedemos.net\/wp-content\/uploads\/2019\/10\/organic-shop-01-home-1.jpg","thumbnail-image-url":"https:\/\/websitedemos.net\/wp-content\/uploads\/2019\/10\/organic-shop-01-home-1-600x800.jpg","astra-page-api-url":"https:\/\/websitedemos.net\/organic-shop-01\/wp-json\/wp\/v2\/pages\/95","dynamic-page":"yes","astra-page-url":"\/\/websitedemos.net\/organic-shop-01\/","astra-sites-tag":{"423":"home"},"site-pages-type":"free","site-pages-page-builder":"beaver-builder","site-pages-category":[],"site-pages-parent-category":{"64":"ecommerce","61":"free"},"required-plugins":[{"slug":"beaver-builder-lite-version","init":"beaver-builder-lite-version\/fl-builder.php","name":"Beaver Builder Plugin (Lite Version)"},{"slug":"ultimate-addons-for-beaver-builder-lite","init":"ultimate-addons-for-beaver-builder-lite\/bb-ultimate-addon.php","name":"Ultimate Addons for Beaver Builder - Lite"}]},"id-22303":{"title":"About","featured-image-url":"https:\/\/websitedemos.net\/wp-content\/uploads\/2019\/10\/organic-shop-01-about.jpg","thumbnail-image-url":"https:\/\/websitedemos.net\/wp-content\/uploads\/2019\/10\/organic-shop-01-about-600x800.jpg","astra-page-api-url":"https:\/\/websitedemos.net\/organic-shop-01\/wp-json\/wp\/v2\/pages\/96","dynamic-page":"no","astra-page-url":"\/\/websitedemos.net\/organic-shop-01\/about\/","astra-sites-tag":{"352":"about"},"site-pages-type":"free","site-pages-page-builder":"beaver-builder","site-pages-category":[],"site-pages-parent-category":{"64":"ecommerce","61":"free"},"required-plugins":[{"slug":"beaver-builder-lite-version","init":"beaver-builder-lite-version\/fl-builder.php","name":"Beaver Builder Plugin (Lite Version)"},{"slug":"ultimate-addons-for-beaver-builder-lite","init":"ultimate-addons-for-beaver-builder-lite\/bb-ultimate-addon.php","name":"Ultimate Addons for Beaver Builder - Lite"}]},"id-22304":{"title":"Contact","featured-image-url":"https:\/\/websitedemos.net\/wp-content\/uploads\/2019\/10\/organic-shop-01-contact.jpg","thumbnail-image-url":"https:\/\/websitedemos.net\/wp-content\/uploads\/2019\/10\/organic-shop-01-contact-600x800.jpg","astra-page-api-url":"https:\/\/websitedemos.net\/organic-shop-01\/wp-json\/wp\/v2\/pages\/15","dynamic-page":"no","astra-page-url":"\/\/websitedemos.net\/organic-shop-01\/contact\/","astra-sites-tag":{"415":"contact"},"site-pages-type":"free","site-pages-page-builder":"beaver-builder","site-pages-category":[],"site-pages-parent-category":{"64":"ecommerce","61":"free"},"required-plugins":[{"slug":"beaver-builder-lite-version","init":"beaver-builder-lite-version\/fl-builder.php","name":"Beaver Builder Plugin (Lite Version)"},{"slug":"ultimate-addons-for-beaver-builder-lite","init":"ultimate-addons-for-beaver-builder-lite\/bb-ultimate-addon.php","name":"Ultimate Addons for Beaver Builder - Lite"}]}}},"id-49322":{"title":"Marketing Agency","featured-image-url":"https:\/\/websitedemos.net\/wp-content\/uploads\/2020\/12\/marketing-agency-02-home.jpg","thumbnail-image-url":"https:\/\/websitedemos.net\/wp-content\/uploads\/2020\/12\/marketing-agency-02-home-600x800.jpg","fullpage-thumbnail-image-url":"https:\/\/websitedemos.net\/wp-content\/uploads\/2020\/12\/marketing-agency-02-home-400x1657.jpg","astra-site-url":"\/\/websitedemos.net\/marketing-agency-02","astra-site-parent-id":1812,"astra-sites-tag":{"663":"agency","1588":"marketing-agency"},"astra-sites-type":"free","astra-site-page-builder":"elementor","astra-site-category":{"27":"business","39":"free"},"required-plugins":[{"slug":"elementor","init":"elementor\/elementor.php","name":"Elementor"},{"slug":"wpforms-lite","init":"wpforms-lite\/wpforms.php","name":"WPForms Lite"}],"pages":{"id-49323":{"title":"About Us","featured-image-url":"https:\/\/websitedemos.net\/wp-content\/uploads\/2020\/12\/marketing-agency-02-about-us-1.jpg","thumbnail-image-url":"https:\/\/websitedemos.net\/wp-content\/uploads\/2020\/12\/marketing-agency-02-about-us-1-600x800.jpg","astra-page-api-url":"https:\/\/websitedemos.net\/marketing-agency-02\/wp-json\/wp\/v2\/pages\/14","dynamic-page":"no","astra-page-url":"\/\/websitedemos.net\/marketing-agency-02\/about-us\/","astra-sites-tag":{"352":"about","455":"about-us"},"site-pages-type":"free","site-pages-page-builder":"elementor","site-pages-category":[],"site-pages-parent-category":{"60":"business","61":"free"},"required-plugins":[{"slug":"elementor","init":"elementor\/elementor.php","name":"Elementor"}]},"id-49324":{"title":"Case Studies","featured-image-url":"https:\/\/websitedemos.net\/wp-content\/uploads\/2020\/12\/marketing-agency-02-case-studies-1.jpg","thumbnail-image-url":"https:\/\/websitedemos.net\/wp-content\/uploads\/2020\/12\/marketing-agency-02-case-studies-1-600x800.jpg","astra-page-api-url":"https:\/\/websitedemos.net\/marketing-agency-02\/wp-json\/wp\/v2\/pages\/11","dynamic-page":"no","astra-page-url":"\/\/websitedemos.net\/marketing-agency-02\/case-studies\/","astra-sites-tag":{"780":"case-studies"},"site-pages-type":"free","site-pages-page-builder":"elementor","site-pages-category":[],"site-pages-parent-category":{"60":"business","61":"free"},"required-plugins":[{"slug":"elementor","init":"elementor\/elementor.php","name":"Elementor"}]},"id-49325":{"title":"Contact","featured-image-url":"https:\/\/websitedemos.net\/wp-content\/uploads\/2020\/12\/marketing-agency-02-contact-1.jpg","thumbnail-image-url":"https:\/\/websitedemos.net\/wp-content\/uploads\/2020\/12\/marketing-agency-02-contact-1-600x800.jpg","astra-page-api-url":"https:\/\/websitedemos.net\/marketing-agency-02\/wp-json\/wp\/v2\/pages\/16","dynamic-page":"no","astra-page-url":"\/\/websitedemos.net\/marketing-agency-02\/contact\/","astra-sites-tag":{"415":"contact"},"site-pages-type":"free","site-pages-page-builder":"elementor","site-pages-category":[],"site-pages-parent-category":{"60":"business","61":"free"},"required-plugins":[{"slug":"elementor","init":"elementor\/elementor.php","name":"Elementor"},{"slug":"wpforms-lite","init":"wpforms-lite\/wpforms.php","name":"WPForms Lite"}]},"id-49327":{"title":"What We Do","featured-image-url":"https:\/\/websitedemos.net\/wp-content\/uploads\/2020\/12\/marketing-agency-02-what-we-do-1.jpg","thumbnail-image-url":"https:\/\/websitedemos.net\/wp-content\/uploads\/2020\/12\/marketing-agency-02-what-we-do-1-600x800.jpg","astra-page-api-url":"https:\/\/websitedemos.net\/marketing-agency-02\/wp-json\/wp\/v2\/pages\/8","dynamic-page":"no","astra-page-url":"\/\/websitedemos.net\/marketing-agency-02\/what-we-do\/","astra-sites-tag":{"1605":"our-services","628":"what-we-do","1542":"what-we-offer"},"site-pages-type":"free","site-pages-page-builder":"elementor","site-pages-category":[],"site-pages-parent-category":{"60":"business","61":"free"},"required-plugins":[{"slug":"elementor","init":"elementor\/elementor.php","name":"Elementor"}]},"id-49326":{"title":"Home","featured-image-url":"https:\/\/websitedemos.net\/wp-content\/uploads\/2020\/12\/marketing-agency-02-home.jpg","thumbnail-image-url":"https:\/\/websitedemos.net\/wp-content\/uploads\/2020\/12\/marketing-agency-02-home-600x800.jpg","astra-page-api-url":"https:\/\/websitedemos.net\/marketing-agency-02\/wp-json\/wp\/v2\/pages\/6","dynamic-page":"no","astra-page-url":"\/\/websitedemos.net\/marketing-agency-02\/","astra-sites-tag":{"423":"home"},"site-pages-type":"free","site-pages-page-builder":"elementor","site-pages-category":[],"site-pages-parent-category":{"60":"business","61":"free"},"required-plugins":[{"slug":"elementor","init":"elementor\/elementor.php","name":"Elementor"}]}}},"id-51520":{"title":"Aquarium","featured-image-url":"https:\/\/websitedemos.net\/wp-content\/uploads\/2021\/04\/aquarium-04-home.jpg","thumbnail-image-url":"https:\/\/websitedemos.net\/wp-content\/uploads\/2021\/04\/aquarium-04-home-600x800.jpg","fullpage-thumbnail-image-url":"https:\/\/websitedemos.net\/wp-content\/uploads\/2021\/04\/aquarium-04-home-400x1903.jpg","astra-site-url":"\/\/websitedemos.net\/aquarium-04","astra-site-parent-id":1930,"astra-sites-tag":{"1932":"aquarium","1935":"fish","1933":"marine-museum","1934":"tank","1936":"water-species"},"astra-sites-type":"agency-mini","astra-site-page-builder":"elementor","astra-site-category":{"27":"business"},"required-plugins":[{"slug":"elementor","init":"elementor\/elementor.php","name":"Elementor"},{"slug":"wpforms-lite","init":"wpforms-lite\/wpforms.php","name":"WPForms Lite"}],"pages":{"id-51521":{"title":"About","featured-image-url":"https:\/\/websitedemos.net\/wp-content\/uploads\/2021\/04\/aquarium-04-about.jpg","thumbnail-image-url":"https:\/\/websitedemos.net\/wp-content\/uploads\/2021\/04\/aquarium-04-about-600x800.jpg","astra-page-api-url":"https:\/\/websitedemos.net\/aquarium-04\/wp-json\/wp\/v2\/pages\/564","dynamic-page":"no","astra-page-url":"\/\/websitedemos.net\/aquarium-04\/about\/","astra-sites-tag":{"352":"about"},"site-pages-type":"agency-mini","site-pages-page-builder":"elementor","site-pages-category":[],"site-pages-parent-category":{"60":"business"},"required-plugins":[{"slug":"elementor","init":"elementor\/elementor.php","name":"Elementor"}]},"id-51522":{"title":"Animals","featured-image-url":"https:\/\/websitedemos.net\/wp-content\/uploads\/2021\/04\/aquarium-04-animals.jpg","thumbnail-image-url":"https:\/\/websitedemos.net\/wp-content\/uploads\/2021\/04\/aquarium-04-animals-600x800.jpg","astra-page-api-url":"https:\/\/websitedemos.net\/aquarium-04\/wp-json\/wp\/v2\/pages\/14","dynamic-page":"no","astra-page-url":"\/\/websitedemos.net\/aquarium-04\/animals\/","astra-sites-tag":{"1931":"animals"},"site-pages-type":"agency-mini","site-pages-page-builder":"elementor","site-pages-category":[],"site-pages-parent-category":{"60":"business"},"required-plugins":[{"slug":"elementor","init":"elementor\/elementor.php","name":"Elementor"}]},"id-51523":{"title":"Contact","featured-image-url":"https:\/\/websitedemos.net\/wp-content\/uploads\/2021\/04\/aquarium-04-contact.jpg","thumbnail-image-url":"https:\/\/websitedemos.net\/wp-content\/uploads\/2021\/04\/aquarium-04-contact-600x800.jpg","astra-page-api-url":"https:\/\/websitedemos.net\/aquarium-04\/wp-json\/wp\/v2\/pages\/9","dynamic-page":"no","astra-page-url":"\/\/websitedemos.net\/aquarium-04\/contact\/","astra-sites-tag":{"415":"contact"},"site-pages-type":"agency-mini","site-pages-page-builder":"elementor","site-pages-category":[],"site-pages-parent-category":{"60":"business"},"required-plugins":[{"slug":"elementor","init":"elementor\/elementor.php","name":"Elementor"},{"slug":"wpforms-lite","init":"wpforms-lite\/wpforms.php","name":"WPForms Lite"}]},"id-51524":{"title":"Gallery","featured-image-url":"https:\/\/websitedemos.net\/wp-content\/uploads\/2021\/04\/aquarium-04-gallery.jpg","thumbnail-image-url":"https:\/\/websitedemos.net\/wp-content\/uploads\/2021\/04\/aquarium-04-gallery-600x800.jpg","astra-page-api-url":"https:\/\/websitedemos.net\/aquarium-04\/wp-json\/wp\/v2\/pages\/12","dynamic-page":"no","astra-page-url":"\/\/websitedemos.net\/aquarium-04\/gallery\/","astra-sites-tag":{"461":"gallery"},"site-pages-type":"agency-mini","site-pages-page-builder":"elementor","site-pages-category":[],"site-pages-parent-category":{"60":"business"},"required-plugins":[{"slug":"elementor","init":"elementor\/elementor.php","name":"Elementor"}]},"id-51525":{"title":"Home","featured-image-url":"https:\/\/websitedemos.net\/wp-content\/uploads\/2021\/04\/aquarium-04-home.jpg","thumbnail-image-url":"https:\/\/websitedemos.net\/wp-content\/uploads\/2021\/04\/aquarium-04-home-600x800.jpg","astra-page-api-url":"https:\/\/websitedemos.net\/aquarium-04\/wp-json\/wp\/v2\/pages\/7","dynamic-page":"no","astra-page-url":"\/\/websitedemos.net\/aquarium-04\/","astra-sites-tag":{"423":"home"},"site-pages-type":"agency-mini","site-pages-page-builder":"elementor","site-pages-category":[],"site-pages-parent-category":{"60":"business"},"required-plugins":[{"slug":"elementor","init":"elementor\/elementor.php","name":"Elementor"}]}}},"id-53589":{"title":"Beer Launch Landing Page","featured-image-url":"https:\/\/websitedemos.net\/wp-content\/uploads\/2021\/05\/beer-launch-02.jpg","thumbnail-image-url":"https:\/\/websitedemos.net\/wp-content\/uploads\/2021\/05\/beer-launch-02-600x800.jpg","fullpage-thumbnail-image-url":"https:\/\/websitedemos.net\/wp-content\/uploads\/2021\/05\/beer-launch-02-400x1938.jpg","astra-site-url":"\/\/websitedemos.net\/beer-launch-04","astra-site-parent-id":1959,"astra-sites-tag":{"1962":"beer","2016":"beer-launch-page","635":"brewery","1965":"drink","1964":"lager","850":"landing-page","399":"one-page"},"astra-sites-type":"agency-mini","astra-site-page-builder":"elementor","astra-site-category":{"27":"business","36":"other"},"required-plugins":[{"slug":"elementor","init":"elementor\/elementor.php","name":"Elementor"}],"pages":{"id-53590":{"title":"Landing Page","featured-image-url":"https:\/\/websitedemos.net\/wp-content\/uploads\/2021\/05\/beer-launch-02.jpg","thumbnail-image-url":"https:\/\/websitedemos.net\/wp-content\/uploads\/2021\/05\/beer-launch-02-600x800.jpg","astra-page-api-url":"https:\/\/websitedemos.net\/beer-launch-04\/wp-json\/wp\/v2\/pages\/8","dynamic-page":"no","astra-page-url":"\/\/websitedemos.net\/beer-launch-04\/","astra-sites-tag":{"423":"home","850":"landing-page"},"site-pages-type":"agency-mini","site-pages-page-builder":"elementor","site-pages-category":[],"site-pages-parent-category":{"60":"business","139":"other"},"required-plugins":[{"slug":"elementor","init":"elementor\/elementor.php","name":"Elementor"}]}}},"id-51427":{"title":"Tech Startup","featured-image-url":"https:\/\/websitedemos.net\/wp-content\/uploads\/2021\/03\/tech-startup-02-home.jpg","thumbnail-image-url":"https:\/\/websitedemos.net\/wp-content\/uploads\/2021\/03\/tech-startup-02-home-600x800.jpg","fullpage-thumbnail-image-url":"https:\/\/websitedemos.net\/wp-content\/uploads\/2021\/03\/tech-startup-02-home-400x1403.jpg","astra-site-url":"\/\/websitedemos.net\/tech-startup-02","astra-site-parent-id":1885,"astra-sites-tag":{"1761":"application","745":"organization","1762":"software-company","1760":"software-firm","1665":"startup","1759":"tech-business","1763":"tech-startup"},"astra-sites-type":"free","astra-site-page-builder":"elementor","astra-site-category":{"27":"business","39":"free"},"required-plugins":[{"slug":"elementor","init":"elementor\/elementor.php","name":"Elementor"},{"slug":"wpforms-lite","init":"wpforms-lite\/wpforms.php","name":"WPForms Lite"}],"pages":{"id-47711":{"title":"Home","featured-image-url":"https:\/\/websitedemos.net\/wp-content\/uploads\/2021\/03\/tech-startup-02-home.jpg","thumbnail-image-url":"https:\/\/websitedemos.net\/wp-content\/uploads\/2021\/03\/tech-startup-02-home-600x800.jpg","astra-page-api-url":"https:\/\/websitedemos.net\/tech-startup-02\/wp-json\/wp\/v2\/pages\/7","dynamic-page":"no","astra-page-url":"\/\/websitedemos.net\/tech-startup-02\/","astra-sites-tag":{"423":"home"},"site-pages-type":"free","site-pages-page-builder":"elementor","site-pages-category":[],"site-pages-parent-category":{"60":"business","61":"free"},"required-plugins":[{"slug":"elementor","init":"elementor\/elementor.php","name":"Elementor"}]},"id-47709":{"title":"About Us","featured-image-url":"https:\/\/websitedemos.net\/wp-content\/uploads\/2021\/03\/tech-startup-02-about.jpg","thumbnail-image-url":"https:\/\/websitedemos.net\/wp-content\/uploads\/2021\/03\/tech-startup-02-about-600x800.jpg","astra-page-api-url":"https:\/\/websitedemos.net\/tech-startup-02\/wp-json\/wp\/v2\/pages\/92","dynamic-page":"no","astra-page-url":"\/\/websitedemos.net\/tech-startup-02\/about-us\/","astra-sites-tag":{"352":"about"},"site-pages-type":"free","site-pages-page-builder":"elementor","site-pages-category":[],"site-pages-parent-category":{"60":"business","61":"free"},"required-plugins":[{"slug":"elementor","init":"elementor\/elementor.php","name":"Elementor"}]},"id-47710":{"title":"Features","featured-image-url":"https:\/\/websitedemos.net\/wp-content\/uploads\/2021\/03\/tech-startup-02-features.jpg","thumbnail-image-url":"https:\/\/websitedemos.net\/wp-content\/uploads\/2021\/03\/tech-startup-02-features-600x800.jpg","astra-page-api-url":"https:\/\/websitedemos.net\/tech-startup-02\/wp-json\/wp\/v2\/pages\/132","dynamic-page":"no","astra-page-url":"\/\/websitedemos.net\/tech-startup-02\/features\/","astra-sites-tag":{"453":"features"},"site-pages-type":"free","site-pages-page-builder":"elementor","site-pages-category":[],"site-pages-parent-category":{"60":"business","61":"free"},"required-plugins":[{"slug":"elementor","init":"elementor\/elementor.php","name":"Elementor"}]},"id-47712":{"title":"Plans","featured-image-url":"https:\/\/websitedemos.net\/wp-content\/uploads\/2021\/03\/tech-startup-02-plans.jpg","thumbnail-image-url":"https:\/\/websitedemos.net\/wp-content\/uploads\/2021\/03\/tech-startup-02-plans-600x800.jpg","astra-page-api-url":"https:\/\/websitedemos.net\/tech-startup-02\/wp-json\/wp\/v2\/pages\/173","dynamic-page":"no","astra-page-url":"\/\/websitedemos.net\/tech-startup-02\/plans\/","astra-sites-tag":{"1663":"plan","585":"pricing"},"site-pages-type":"free","site-pages-page-builder":"elementor","site-pages-category":[],"site-pages-parent-category":{"60":"business","61":"free"},"required-plugins":[{"slug":"elementor","init":"elementor\/elementor.php","name":"Elementor"}]}}},"id-18035":{"title":"Brandstore","featured-image-url":"https:\/\/websitedemos.net\/wp-content\/uploads\/2019\/07\/brandstore-01-homepage.jpg","thumbnail-image-url":"https:\/\/websitedemos.net\/wp-content\/uploads\/2019\/07\/brandstore-01-homepage-600x800.jpg","fullpage-thumbnail-image-url":"https:\/\/websitedemos.net\/wp-content\/uploads\/2019\/07\/brandstore-01-homepage-400x800.jpg","astra-site-url":"\/\/websitedemos.net\/brandstore-01","astra-site-parent-id":149,"astra-sites-tag":{"639":"accessories","638":"brand-store","640":"cloth-store","637":"clothing","496":"ecommerce","383":"online-store","733":"shop","1024":"woocommerce"},"astra-sites-type":"free","astra-site-page-builder":"beaver-builder","astra-site-category":{"38":"ecommerce","39":"free"},"required-plugins":[{"slug":"beaver-builder-lite-version","init":"beaver-builder-lite-version\/fl-builder.php","name":"Beaver Builder Plugin (Lite Version)"},{"slug":"ultimate-addons-for-beaver-builder-lite","init":"ultimate-addons-for-beaver-builder-lite\/bb-ultimate-addon.php","name":"Ultimate Addons for Beaver Builder - Lite"},{"slug":"woocommerce","init":"woocommerce\/woocommerce.php","name":"WooCommerce"},{"slug":"wpforms-lite","init":"wpforms-lite\/wpforms.php","name":"WPForms Lite"},{"slug":"woo-cart-abandonment-recovery","init":"woo-cart-abandonment-recovery\/woo-cart-abandonment-recovery.php","name":"WooCommerce Cart Abandonment Recovery"}],"pages":{"id-23419":{"title":"Home","featured-image-url":"https:\/\/websitedemos.net\/wp-content\/uploads\/2019\/07\/brandstore-01-homepage.jpg","thumbnail-image-url":"https:\/\/websitedemos.net\/wp-content\/uploads\/2019\/07\/brandstore-01-homepage-600x800.jpg","astra-page-api-url":"https:\/\/websitedemos.net\/brandstore-01\/wp-json\/wp\/v2\/pages\/10","dynamic-page":"yes","astra-page-url":"\/\/websitedemos.net\/brandstore-01\/","astra-sites-tag":{"423":"home"},"site-pages-type":"free","site-pages-page-builder":"beaver-builder","site-pages-category":[],"site-pages-parent-category":{"64":"ecommerce","61":"free"},"required-plugins":[{"slug":"beaver-builder-lite-version","init":"beaver-builder-lite-version\/fl-builder.php","name":"Beaver Builder Plugin (Lite Version)"},{"slug":"ultimate-addons-for-beaver-builder-lite","init":"ultimate-addons-for-beaver-builder-lite\/bb-ultimate-addon.php","name":"Ultimate Addons for Beaver Builder - Lite"}]},"id-23417":{"title":"About","featured-image-url":"https:\/\/websitedemos.net\/wp-content\/uploads\/2019\/07\/brandstore-01-about.jpg","thumbnail-image-url":"https:\/\/websitedemos.net\/wp-content\/uploads\/2019\/07\/brandstore-01-about-600x800.jpg","astra-page-api-url":"https:\/\/websitedemos.net\/brandstore-01\/wp-json\/wp\/v2\/pages\/43","dynamic-page":"no","astra-page-url":"\/\/websitedemos.net\/brandstore-01\/about\/","astra-sites-tag":{"352":"about"},"site-pages-type":"free","site-pages-page-builder":"beaver-builder","site-pages-category":[],"site-pages-parent-category":{"64":"ecommerce","61":"free"},"required-plugins":[{"slug":"beaver-builder-lite-version","init":"beaver-builder-lite-version\/fl-builder.php","name":"Beaver Builder Plugin (Lite Version)"},{"slug":"ultimate-addons-for-beaver-builder-lite","init":"ultimate-addons-for-beaver-builder-lite\/bb-ultimate-addon.php","name":"Ultimate Addons for Beaver Builder - Lite"}]},"id-23418":{"title":"Contact Us","featured-image-url":"https:\/\/websitedemos.net\/wp-content\/uploads\/2019\/07\/brandstore-01-contact.jpg","thumbnail-image-url":"https:\/\/websitedemos.net\/wp-content\/uploads\/2019\/07\/id-23418-brandstore-contact-us-resize.jpg","astra-page-api-url":"https:\/\/websitedemos.net\/brandstore-01\/wp-json\/wp\/v2\/pages\/414","dynamic-page":"no","astra-page-url":"\/\/websitedemos.net\/brandstore-01\/contact-us\/","astra-sites-tag":{"415":"contact"},"site-pages-type":"free","site-pages-page-builder":"beaver-builder","site-pages-category":[],"site-pages-parent-category":{"64":"ecommerce","61":"free"},"required-plugins":[{"slug":"beaver-builder-lite-version","init":"beaver-builder-lite-version\/fl-builder.php","name":"Beaver Builder Plugin (Lite Version)"},{"slug":"ultimate-addons-for-beaver-builder-lite","init":"ultimate-addons-for-beaver-builder-lite\/bb-ultimate-addon.php","name":"Ultimate Addons for Beaver Builder - Lite"},{"slug":"wpforms-lite","init":"wpforms-lite\/wpforms.php","name":"WPForms Lite"}]}}},"id-47984":{"title":"LearnDash Academy","featured-image-url":"https:\/\/websitedemos.net\/wp-content\/uploads\/2020\/10\/learndash-academy-08-home-1.jpg","thumbnail-image-url":"https:\/\/websitedemos.net\/wp-content\/uploads\/2020\/10\/learndash-academy-08-home-1-600x800.jpg","fullpage-thumbnail-image-url":"https:\/\/websitedemos.net\/wp-content\/uploads\/2020\/10\/learndash-academy-08-home-1-400x1242.jpg","astra-site-url":"\/\/websitedemos.net\/learndash-academy-08","astra-site-parent-id":1691,"astra-sites-tag":{"462":"courses","468":"elearning","467":"learndash","460":"learning","466":"online-courses"},"astra-sites-type":"free","astra-site-page-builder":"gutenberg","astra-site-category":{"27":"business","39":"free"},"required-plugins":[{"slug":"sfwd-lms","init":"sfwd-lms\/sfwd_lms.php","name":"LearnDash LMS"},{"slug":"learndash-course-grid","init":"learndash-course-grid\/learndash_course_grid.php","name":"LearnDash LMS - Course Grid"},{"slug":"wpforms-lite","init":"wpforms-lite\/wpforms.php","name":"WPForms Lite"}],"pages":{"id-47988":{"title":"Home","featured-image-url":"https:\/\/websitedemos.net\/wp-content\/uploads\/2020\/10\/learndash-academy-08-home-1.jpg","thumbnail-image-url":"https:\/\/websitedemos.net\/wp-content\/uploads\/2020\/10\/learndash-academy-08-home-1-600x800.jpg","astra-page-api-url":"https:\/\/websitedemos.net\/learndash-academy-08\/wp-json\/wp\/v2\/pages\/25407","dynamic-page":"no","astra-page-url":"\/\/websitedemos.net\/learndash-academy-08\/","astra-sites-tag":{"423":"home","814":"homepage"},"site-pages-type":"free","site-pages-page-builder":"gutenberg","site-pages-category":[],"site-pages-parent-category":{"60":"business","61":"free"},"required-plugins":[{"slug":"gutenberg","init":"gutenberg\/gutenberg.php","name":"Gutenberg"}]},"id-47986":{"title":"All Courses","featured-image-url":"https:\/\/websitedemos.net\/wp-content\/uploads\/2020\/10\/learndash-academy-08-courses-1.jpg","thumbnail-image-url":"https:\/\/websitedemos.net\/wp-content\/uploads\/2020\/10\/learndash-academy-08-courses-1-600x800.jpg","astra-page-api-url":"https:\/\/websitedemos.net\/learndash-academy-08\/wp-json\/wp\/v2\/pages\/25403","dynamic-page":"yes","astra-page-url":"\/\/websitedemos.net\/learndash-academy-08\/all-courses\/","astra-sites-tag":{"1692":"all-courses","462":"courses"},"site-pages-type":"free","site-pages-page-builder":"gutenberg","site-pages-category":[],"site-pages-parent-category":{"60":"business","61":"free"},"required-plugins":[{"slug":"gutenberg","init":"gutenberg\/gutenberg.php","name":"Gutenberg"}]},"id-47985":{"title":"About","featured-image-url":"https:\/\/websitedemos.net\/wp-content\/uploads\/2020\/10\/learndash-academy-08-about-1.jpg","thumbnail-image-url":"https:\/\/websitedemos.net\/wp-content\/uploads\/2020\/10\/learndash-academy-08-about-1-600x800.jpg","astra-page-api-url":"https:\/\/websitedemos.net\/learndash-academy-08\/wp-json\/wp\/v2\/pages\/25401","dynamic-page":"no","astra-page-url":"\/\/websitedemos.net\/learndash-academy-08\/about\/","astra-sites-tag":{"352":"about","455":"about-us"},"site-pages-type":"free","site-pages-page-builder":"gutenberg","site-pages-category":[],"site-pages-parent-category":{"60":"business","61":"free"},"required-plugins":[{"slug":"gutenberg","init":"gutenberg\/gutenberg.php","name":"Gutenberg"}]},"id-47987":{"title":"Contact","featured-image-url":"https:\/\/websitedemos.net\/wp-content\/uploads\/2020\/10\/learndash-academy-08-contact-1.jpg","thumbnail-image-url":"https:\/\/websitedemos.net\/wp-content\/uploads\/2020\/10\/learndash-academy-08-contact-1-600x800.jpg","astra-page-api-url":"https:\/\/websitedemos.net\/learndash-academy-08\/wp-json\/wp\/v2\/pages\/25405","dynamic-page":"no","astra-page-url":"\/\/websitedemos.net\/learndash-academy-08\/contact\/","astra-sites-tag":{"415":"contact","454":"contact-us"},"site-pages-type":"free","site-pages-page-builder":"gutenberg","site-pages-category":[],"site-pages-parent-category":{"60":"business","61":"free"},"required-plugins":[{"slug":"wpforms-lite","init":"wpforms-lite\/wpforms.php","name":"WPForms Lite"}]}}},"id-20478":{"title":"Brandstore","featured-image-url":"https:\/\/websitedemos.net\/wp-content\/uploads\/2019\/07\/brandstore-05-home.jpg","thumbnail-image-url":"https:\/\/websitedemos.net\/wp-content\/uploads\/2019\/07\/brandstore-05-home-600x800.jpg","fullpage-thumbnail-image-url":"https:\/\/websitedemos.net\/wp-content\/uploads\/2019\/07\/brandstore-05-home-400x966.jpg","astra-site-url":"\/\/websitedemos.net\/brandstore-05","astra-site-parent-id":165,"astra-sites-tag":{"639":"accessories","638":"brand-store","640":"cloth-store","637":"clothing","496":"ecommerce","383":"online-store","733":"shop","1024":"woocommerce"},"astra-sites-type":"free","astra-site-page-builder":"brizy","astra-site-category":{"38":"ecommerce","39":"free"},"required-plugins":[{"slug":"brizy","init":"brizy\/brizy.php","name":"Brizy"},{"slug":"woocommerce","init":"woocommerce\/woocommerce.php","name":"WooCommerce"},{"slug":"woo-cart-abandonment-recovery","init":"woo-cart-abandonment-recovery\/woo-cart-abandonment-recovery.php","name":"WooCommerce Cart Abandonment Recovery"},{"slug":"wpforms-lite","init":"wpforms-lite\/wpforms.php","name":"WPForms Lite"}],"pages":{"id-23567":{"title":"Homepage","featured-image-url":"https:\/\/websitedemos.net\/wp-content\/uploads\/2019\/07\/brandstore-05-home.jpg","thumbnail-image-url":"https:\/\/websitedemos.net\/wp-content\/uploads\/2019\/07\/brandstore-05-home-600x800.jpg","astra-page-api-url":"https:\/\/websitedemos.net\/brandstore-05\/wp-json\/wp\/v2\/pages\/448","dynamic-page":"yes","astra-page-url":"\/\/websitedemos.net\/brandstore-05\/","astra-sites-tag":{"423":"home"},"site-pages-type":"free","site-pages-page-builder":"brizy","site-pages-category":[],"site-pages-parent-category":{"64":"ecommerce","61":"free"},"required-plugins":[{"slug":"brizy","init":"brizy\/brizy.php","name":"Brizy"}]},"id-23565":{"title":"About","featured-image-url":"https:\/\/websitedemos.net\/wp-content\/uploads\/2019\/07\/brandstore-05-about.jpg","thumbnail-image-url":"https:\/\/websitedemos.net\/wp-content\/uploads\/2019\/07\/brandstore-05-about-600x800.jpg","astra-page-api-url":"https:\/\/websitedemos.net\/brandstore-05\/wp-json\/wp\/v2\/pages\/465","dynamic-page":"no","astra-page-url":"\/\/websitedemos.net\/brandstore-05\/about\/","astra-sites-tag":{"352":"about"},"site-pages-type":"free","site-pages-page-builder":"brizy","site-pages-category":[],"site-pages-parent-category":{"64":"ecommerce","61":"free"},"required-plugins":[{"slug":"brizy","init":"brizy\/brizy.php","name":"Brizy"}]},"id-23566":{"title":"Contact Us","featured-image-url":"https:\/\/websitedemos.net\/wp-content\/uploads\/2019\/07\/brandstore-05-contact-us.jpg","thumbnail-image-url":"https:\/\/websitedemos.net\/wp-content\/uploads\/2019\/07\/brandstore-05-contact-us-600x800.jpg","astra-page-api-url":"https:\/\/websitedemos.net\/brandstore-05\/wp-json\/wp\/v2\/pages\/468","dynamic-page":"no","astra-page-url":"\/\/websitedemos.net\/brandstore-05\/contact-us\/","astra-sites-tag":{"415":"contact"},"site-pages-type":"free","site-pages-page-builder":"brizy","site-pages-category":[],"site-pages-parent-category":{"64":"ecommerce","61":"free"},"required-plugins":[{"slug":"brizy","init":"brizy\/brizy.php","name":"Brizy"},{"slug":"wpforms-lite","init":"wpforms-lite\/wpforms.php","name":"WPForms Lite"}]}}},"id-48050":{"title":"Brandstore","featured-image-url":"https:\/\/websitedemos.net\/wp-content\/uploads\/2020\/10\/brandstore-08-home-1.jpg","thumbnail-image-url":"https:\/\/websitedemos.net\/wp-content\/uploads\/2020\/10\/brandstore-08-home-1-600x800.jpg","fullpage-thumbnail-image-url":"https:\/\/websitedemos.net\/wp-content\/uploads\/2020\/10\/brandstore-08-home-1-400x1090.jpg","astra-site-url":"\/\/websitedemos.net\/brandstore-08","astra-site-parent-id":1695,"astra-sites-tag":{"639":"accessories","638":"brand-store","640":"cloth-store","637":"clothing","496":"ecommerce","383":"online-store","733":"shop","1024":"woocommerce"},"astra-sites-type":"free","astra-site-page-builder":"gutenberg","astra-site-category":{"27":"business","38":"ecommerce","39":"free"},"required-plugins":[{"slug":"woocommerce","init":"woocommerce\/woocommerce.php","name":"WooCommerce"},{"slug":"wpforms-lite","init":"wpforms-lite\/wpforms.php","name":"WPForms Lite"}],"pages":{"id-48053":{"title":"Home","featured-image-url":"https:\/\/websitedemos.net\/wp-content\/uploads\/2020\/10\/brandstore-08-home-1.jpg","thumbnail-image-url":"https:\/\/websitedemos.net\/wp-content\/uploads\/2020\/10\/brandstore-08-home-1-600x800.jpg","astra-page-api-url":"https:\/\/websitedemos.net\/brandstore-08\/wp-json\/wp\/v2\/pages\/61","dynamic-page":"yes","astra-page-url":"\/\/websitedemos.net\/brandstore-08\/","astra-sites-tag":{"423":"home"},"site-pages-type":"free","site-pages-page-builder":"gutenberg","site-pages-category":[],"site-pages-parent-category":{"60":"business","64":"ecommerce","61":"free"},"required-plugins":[{"slug":"gutenberg","init":"gutenberg\/gutenberg.php","name":"Gutenberg"}]},"id-48051":{"title":"About","featured-image-url":"https:\/\/websitedemos.net\/wp-content\/uploads\/2020\/10\/brandstore-08-about-1.jpg","thumbnail-image-url":"https:\/\/websitedemos.net\/wp-content\/uploads\/2020\/10\/brandstore-08-about-1-600x800.jpg","astra-page-api-url":"https:\/\/websitedemos.net\/brandstore-08\/wp-json\/wp\/v2\/pages\/59","dynamic-page":"no","astra-page-url":"\/\/websitedemos.net\/brandstore-08\/about\/","astra-sites-tag":{"352":"about"},"site-pages-type":"free","site-pages-page-builder":"gutenberg","site-pages-category":[],"site-pages-parent-category":{"60":"business","64":"ecommerce","61":"free"},"required-plugins":[{"slug":"gutenberg","init":"gutenberg\/gutenberg.php","name":"Gutenberg"}]},"id-48052":{"title":"Contact Us","featured-image-url":"https:\/\/websitedemos.net\/wp-content\/uploads\/2020\/10\/brandstore-08-contact-1.jpg","thumbnail-image-url":"https:\/\/websitedemos.net\/wp-content\/uploads\/2020\/10\/brandstore-08-contact-1-600x800.jpg","astra-page-api-url":"https:\/\/websitedemos.net\/brandstore-08\/wp-json\/wp\/v2\/pages\/60","dynamic-page":"no","astra-page-url":"\/\/websitedemos.net\/brandstore-08\/contact-us\/","astra-sites-tag":{"415":"contact"},"site-pages-type":"free","site-pages-page-builder":"gutenberg","site-pages-category":[],"site-pages-parent-category":{"60":"business","64":"ecommerce","61":"free"},"required-plugins":[{"slug":"wpforms-lite","init":"wpforms-lite\/wpforms.php","name":"WPForms Lite"}]}}}}