{"id-21171":{"title":"Fly Movers","featured-image-url":"https:\/\/websitedemos.net\/wp-content\/uploads\/2019\/08\/movers-packers-04-home.jpg","thumbnail-image-url":"https:\/\/websitedemos.net\/wp-content\/uploads\/2019\/08\/movers-packers-04-home-600x800.jpg","fullpage-thumbnail-image-url":"https:\/\/websitedemos.net\/wp-content\/uploads\/2019\/08\/movers-packers-04-home-400x1705.jpg","astra-site-url":"\/\/websitedemos.net\/movers-packers-04","astra-site-parent-id":362,"astra-sites-tag":{"1021":"local-business","364":"movers","365":"packers","366":"transport"},"astra-sites-type":"agency-mini","astra-site-page-builder":"elementor","astra-site-category":{"27":"business"},"required-plugins":[{"slug":"elementor","init":"elementor\/elementor.php","name":"Elementor"},{"slug":"header-footer-elementor","init":"header-footer-elementor\/header-footer-elementor.php","name":"Elementor - Header, Footer & Blocks"},{"slug":"ultimate-elementor","init":"ultimate-elementor\/ultimate-elementor.php","name":"Ultimate Addons for Elementor"},{"slug":"wpforms-lite","init":"wpforms-lite\/wpforms.php","name":"WPForms Lite"}],"pages":{"id-28778":{"title":"Home","featured-image-url":"https:\/\/websitedemos.net\/wp-content\/uploads\/2019\/08\/movers-packers-04-home.jpg","thumbnail-image-url":"https:\/\/websitedemos.net\/wp-content\/uploads\/2019\/08\/movers-packers-04-home-600x800.jpg","astra-page-api-url":"https:\/\/websitedemos.net\/movers-packers-04\/wp-json\/wp\/v2\/pages\/6","dynamic-page":"no","astra-page-url":"\/\/websitedemos.net\/movers-packers-04\/","astra-sites-tag":{"423":"home"},"site-pages-type":"agency-mini","site-pages-page-builder":"elementor","site-pages-category":[],"site-pages-parent-category":{"60":"business"},"required-plugins":[{"slug":"elementor","init":"elementor\/elementor.php","name":"Elementor"},{"slug":"ultimate-elementor","init":"ultimate-elementor\/ultimate-elementor.php","name":"Ultimate Addons for Elementor"}]},"id-28775":{"title":"About","featured-image-url":"https:\/\/websitedemos.net\/wp-content\/uploads\/2019\/08\/movers-packers-04-about.jpg","thumbnail-image-url":"https:\/\/websitedemos.net\/wp-content\/uploads\/2019\/08\/movers-packers-04-about-600x800.jpg","astra-page-api-url":"https:\/\/websitedemos.net\/movers-packers-04\/wp-json\/wp\/v2\/pages\/69","dynamic-page":"no","astra-page-url":"\/\/websitedemos.net\/movers-packers-04\/about\/","astra-sites-tag":{"352":"about"},"site-pages-type":"agency-mini","site-pages-page-builder":"elementor","site-pages-category":[],"site-pages-parent-category":{"60":"business"},"required-plugins":[{"slug":"elementor","init":"elementor\/elementor.php","name":"Elementor"},{"slug":"ultimate-elementor","init":"ultimate-elementor\/ultimate-elementor.php","name":"Ultimate Addons for Elementor"}]},"id-28779":{"title":"Services","featured-image-url":"https:\/\/websitedemos.net\/wp-content\/uploads\/2019\/08\/movers-packers-04-services.jpg","thumbnail-image-url":"https:\/\/websitedemos.net\/wp-content\/uploads\/2019\/08\/movers-packers-04-services-600x800.jpg","astra-page-api-url":"https:\/\/websitedemos.net\/movers-packers-04\/wp-json\/wp\/v2\/pages\/10","dynamic-page":"no","astra-page-url":"\/\/websitedemos.net\/movers-packers-04\/services\/","astra-sites-tag":{"425":"services"},"site-pages-type":"agency-mini","site-pages-page-builder":"elementor","site-pages-category":[],"site-pages-parent-category":{"60":"business"},"required-plugins":[{"slug":"elementor","init":"elementor\/elementor.php","name":"Elementor"},{"slug":"ultimate-elementor","init":"ultimate-elementor\/ultimate-elementor.php","name":"Ultimate Addons for Elementor"}]},"id-28780":{"title":"Testimonials","featured-image-url":"https:\/\/websitedemos.net\/wp-content\/uploads\/2019\/08\/movers-packers-04-testimonials.jpg","thumbnail-image-url":"https:\/\/websitedemos.net\/wp-content\/uploads\/2019\/08\/movers-packers-04-testimonials-600x800.jpg","astra-page-api-url":"https:\/\/websitedemos.net\/movers-packers-04\/wp-json\/wp\/v2\/pages\/75","dynamic-page":"no","astra-page-url":"\/\/websitedemos.net\/movers-packers-04\/testimonials\/","astra-sites-tag":{"433":"testimonials"},"site-pages-type":"agency-mini","site-pages-page-builder":"elementor","site-pages-category":[],"site-pages-parent-category":{"60":"business"},"required-plugins":[{"slug":"elementor","init":"elementor\/elementor.php","name":"Elementor"},{"slug":"ultimate-elementor","init":"ultimate-elementor\/ultimate-elementor.php","name":"Ultimate Addons for Elementor"}]},"id-28777":{"title":"FAQ","featured-image-url":"https:\/\/websitedemos.net\/wp-content\/uploads\/2019\/08\/movers-packers-04-faq.jpg","thumbnail-image-url":"https:\/\/websitedemos.net\/wp-content\/uploads\/2019\/08\/movers-packers-04-faq-600x800.jpg","astra-page-api-url":"https:\/\/websitedemos.net\/movers-packers-04\/wp-json\/wp\/v2\/pages\/73","dynamic-page":"no","astra-page-url":"\/\/websitedemos.net\/movers-packers-04\/faq\/","astra-sites-tag":{"426":"faq","709":"questions"},"site-pages-type":"agency-mini","site-pages-page-builder":"elementor","site-pages-category":[],"site-pages-parent-category":{"60":"business"},"required-plugins":[{"slug":"elementor","init":"elementor\/elementor.php","name":"Elementor"},{"slug":"ultimate-elementor","init":"ultimate-elementor\/ultimate-elementor.php","name":"Ultimate Addons for Elementor"}]},"id-28776":{"title":"Contact","featured-image-url":"https:\/\/websitedemos.net\/wp-content\/uploads\/2019\/08\/movers-packers-04-contact.jpg","thumbnail-image-url":"https:\/\/websitedemos.net\/wp-content\/uploads\/2019\/08\/movers-packers-04-contact-600x800.jpg","astra-page-api-url":"https:\/\/websitedemos.net\/movers-packers-04\/wp-json\/wp\/v2\/pages\/71","dynamic-page":"no","astra-page-url":"\/\/websitedemos.net\/movers-packers-04\/contact\/","astra-sites-tag":{"415":"contact"},"site-pages-type":"agency-mini","site-pages-page-builder":"elementor","site-pages-category":[],"site-pages-parent-category":{"60":"business"},"required-plugins":[{"slug":"elementor","init":"elementor\/elementor.php","name":"Elementor"},{"slug":"ultimate-elementor","init":"ultimate-elementor\/ultimate-elementor.php","name":"Ultimate Addons for Elementor"},{"slug":"wpforms-lite","init":"wpforms-lite\/wpforms.php","name":"WPForms Lite"}]}}},"id-20908":{"title":"Wedding Planner","featured-image-url":"https:\/\/websitedemos.net\/wp-content\/uploads\/2019\/07\/wedding-planner-home.jpg","thumbnail-image-url":"https:\/\/websitedemos.net\/wp-content\/uploads\/2019\/07\/wedding-planner-home-600x800.jpg","fullpage-thumbnail-image-url":"https:\/\/websitedemos.net\/wp-content\/uploads\/2019\/07\/wedding-planner-home-400x1975.jpg","astra-site-url":"\/\/websitedemos.net\/wedding-planner-06","astra-site-parent-id":155,"astra-sites-tag":{"717":"event-planner","697":"wedding","716":"wedding-planner"},"astra-sites-type":"agency-mini","astra-site-page-builder":"brizy","astra-site-category":{"27":"business"},"required-plugins":[{"slug":"astra-addon","init":"astra-addon\/astra-addon.php","name":"Astra Pro"},{"slug":"brizy","init":"brizy\/brizy.php","name":"Brizy"},{"slug":"wpforms-lite","init":"wpforms-lite\/wpforms.php","name":"WPForms Lite"}],"pages":{"id-23469":{"title":"Home","featured-image-url":"https:\/\/websitedemos.net\/wp-content\/uploads\/2019\/07\/wedding-planner-home.jpg","thumbnail-image-url":"https:\/\/websitedemos.net\/wp-content\/uploads\/2019\/07\/wedding-planner-home-600x800.jpg","astra-page-api-url":"https:\/\/websitedemos.net\/wedding-planner-06\/wp-json\/wp\/v2\/pages\/316","dynamic-page":"no","astra-page-url":"\/\/websitedemos.net\/wedding-planner-06\/","astra-sites-tag":{"423":"home"},"site-pages-type":"agency-mini","site-pages-page-builder":"brizy","site-pages-category":[],"site-pages-parent-category":{"60":"business"},"required-plugins":[{"slug":"brizy","init":"brizy\/brizy.php","name":"Brizy"}]},"id-23465":{"title":"About Us","featured-image-url":"https:\/\/websitedemos.net\/wp-content\/uploads\/2019\/07\/wedding-planner-about.jpg","thumbnail-image-url":"https:\/\/websitedemos.net\/wp-content\/uploads\/2019\/07\/wedding-planner-about-600x800.jpg","astra-page-api-url":"https:\/\/websitedemos.net\/wedding-planner-06\/wp-json\/wp\/v2\/pages\/356","dynamic-page":"no","astra-page-url":"\/\/websitedemos.net\/wedding-planner-06\/about-us\/","astra-sites-tag":{"352":"about"},"site-pages-type":"agency-mini","site-pages-page-builder":"brizy","site-pages-category":[],"site-pages-parent-category":{"60":"business"},"required-plugins":[{"slug":"brizy","init":"brizy\/brizy.php","name":"Brizy"}]},"id-23470":{"title":"Services","featured-image-url":"https:\/\/websitedemos.net\/wp-content\/uploads\/2019\/07\/wedding-planner-06-services-01.jpg","thumbnail-image-url":"https:\/\/websitedemos.net\/wp-content\/uploads\/2019\/07\/wedding-planner-06-services-01-600x800.jpg","astra-page-api-url":"https:\/\/websitedemos.net\/wedding-planner-06\/wp-json\/wp\/v2\/pages\/365","dynamic-page":"no","astra-page-url":"\/\/websitedemos.net\/wedding-planner-06\/services\/","astra-sites-tag":{"425":"services"},"site-pages-type":"agency-mini","site-pages-page-builder":"brizy","site-pages-category":[],"site-pages-parent-category":{"60":"business"},"required-plugins":[{"slug":"brizy","init":"brizy\/brizy.php","name":"Brizy"}]},"id-23468":{"title":"Gallery","featured-image-url":"https:\/\/websitedemos.net\/wp-content\/uploads\/2019\/07\/wedding-planner-gallery.jpg","thumbnail-image-url":"https:\/\/websitedemos.net\/wp-content\/uploads\/2019\/07\/wedding-planner-gallery-600x800.jpg","astra-page-api-url":"https:\/\/websitedemos.net\/wedding-planner-06\/wp-json\/wp\/v2\/pages\/378","dynamic-page":"no","astra-page-url":"\/\/websitedemos.net\/wedding-planner-06\/gallery\/","astra-sites-tag":{"461":"gallery"},"site-pages-type":"agency-mini","site-pages-page-builder":"brizy","site-pages-category":[],"site-pages-parent-category":{"60":"business"},"required-plugins":[{"slug":"brizy","init":"brizy\/brizy.php","name":"Brizy"}]},"id-23471":{"title":"Venues","featured-image-url":"https:\/\/websitedemos.net\/wp-content\/uploads\/2019\/07\/wedding-planner-venues.jpg","thumbnail-image-url":"https:\/\/websitedemos.net\/wp-content\/uploads\/2019\/07\/wedding-planner-venues-600x800.jpg","astra-page-api-url":"https:\/\/websitedemos.net\/wedding-planner-06\/wp-json\/wp\/v2\/pages\/387","dynamic-page":"no","astra-page-url":"\/\/websitedemos.net\/wedding-planner-06\/venues\/","astra-sites-tag":{"696":"venue","691":"work-place"},"site-pages-type":"agency-mini","site-pages-page-builder":"brizy","site-pages-category":[],"site-pages-parent-category":{"60":"business"},"required-plugins":[{"slug":"brizy","init":"brizy\/brizy.php","name":"Brizy"}]},"id-23467":{"title":"Contact Us","featured-image-url":"https:\/\/websitedemos.net\/wp-content\/uploads\/2019\/07\/wedding-planner-contact.jpg","thumbnail-image-url":"https:\/\/websitedemos.net\/wp-content\/uploads\/2019\/07\/wedding-planner-contact-600x800.jpg","astra-page-api-url":"https:\/\/websitedemos.net\/wedding-planner-06\/wp-json\/wp\/v2\/pages\/392","dynamic-page":"no","astra-page-url":"\/\/websitedemos.net\/wedding-planner-06\/contact-us\/","astra-sites-tag":{"415":"contact"},"site-pages-type":"agency-mini","site-pages-page-builder":"brizy","site-pages-category":[],"site-pages-parent-category":{"60":"business"},"required-plugins":[{"slug":"brizy","init":"brizy\/brizy.php","name":"Brizy"},{"slug":"wpforms-lite","init":"wpforms-lite\/wpforms.php","name":"WPForms Lite"}]}}},"id-20919":{"title":"eCourse &#8211; Learn Photoshop","featured-image-url":"https:\/\/websitedemos.net\/wp-content\/uploads\/2019\/07\/ecourse-learn-photoshop-04-home-1.jpg","thumbnail-image-url":"https:\/\/websitedemos.net\/wp-content\/uploads\/2019\/07\/ecourse-learn-photoshop-04-home-1-600x800.jpg","fullpage-thumbnail-image-url":"https:\/\/websitedemos.net\/wp-content\/uploads\/2019\/07\/ecourse-learn-photoshop-04-home-1-400x1910.jpg","astra-site-url":"\/\/websitedemos.net\/ecourse-learn-photoshop-06","astra-site-parent-id":124,"astra-sites-tag":{"468":"elearning","719":"online-coaching","975":"online-learning","721":"training","720":"tutorials"},"astra-sites-type":"agency-mini","astra-site-page-builder":"brizy","astra-site-category":{"27":"business"},"required-plugins":[{"slug":"astra-addon","init":"astra-addon\/astra-addon.php","name":"Astra Pro"},{"slug":"brizy","init":"brizy\/brizy.php","name":"Brizy"}],"pages":{"id-23181":{"title":"Home","featured-image-url":"https:\/\/websitedemos.net\/wp-content\/uploads\/2019\/07\/ecourse-learn-photoshop-04-home-1.jpg","thumbnail-image-url":"https:\/\/websitedemos.net\/wp-content\/uploads\/2019\/07\/ecourse-learn-photoshop-04-home-1-600x800.jpg","astra-page-api-url":"https:\/\/websitedemos.net\/ecourse-learn-photoshop-06\/wp-json\/wp\/v2\/pages\/113","dynamic-page":"no","astra-page-url":"\/\/websitedemos.net\/ecourse-learn-photoshop-06\/","astra-sites-tag":{"423":"home"},"site-pages-type":"agency-mini","site-pages-page-builder":"brizy","site-pages-category":[],"site-pages-parent-category":{"60":"business"},"required-plugins":[{"slug":"brizy","init":"brizy\/brizy.php","name":"Brizy"}]},"id-23179":{"title":"About","featured-image-url":"https:\/\/websitedemos.net\/wp-content\/uploads\/2019\/07\/ecourse-learn-photoshop-04-about.jpg","thumbnail-image-url":"https:\/\/websitedemos.net\/wp-content\/uploads\/2019\/07\/ecourse-learn-photoshop-04-about-600x800.jpg","astra-page-api-url":"https:\/\/websitedemos.net\/ecourse-learn-photoshop-06\/wp-json\/wp\/v2\/pages\/159","dynamic-page":"no","astra-page-url":"\/\/websitedemos.net\/ecourse-learn-photoshop-06\/about\/","astra-sites-tag":{"352":"about"},"site-pages-type":"agency-mini","site-pages-page-builder":"brizy","site-pages-category":[],"site-pages-parent-category":{"60":"business"},"required-plugins":[{"slug":"brizy","init":"brizy\/brizy.php","name":"Brizy"}]},"id-23180":{"title":"Courses","featured-image-url":"https:\/\/websitedemos.net\/wp-content\/uploads\/2019\/07\/ecourse-learn-photoshop-04-courses.jpg","thumbnail-image-url":"https:\/\/websitedemos.net\/wp-content\/uploads\/2019\/07\/ecourse-learn-photoshop-04-courses-600x800.jpg","astra-page-api-url":"https:\/\/websitedemos.net\/ecourse-learn-photoshop-06\/wp-json\/wp\/v2\/pages\/165","dynamic-page":"no","astra-page-url":"\/\/websitedemos.net\/ecourse-learn-photoshop-06\/courses\/","astra-sites-tag":{"462":"courses"},"site-pages-type":"agency-mini","site-pages-page-builder":"brizy","site-pages-category":[],"site-pages-parent-category":{"60":"business"},"required-plugins":[{"slug":"brizy","init":"brizy\/brizy.php","name":"Brizy"}]},"id-23183":{"title":"Testimonials","featured-image-url":"https:\/\/websitedemos.net\/wp-content\/uploads\/2019\/07\/ecourse-learn-photoshop-04-testimonials.jpg","thumbnail-image-url":"https:\/\/websitedemos.net\/wp-content\/uploads\/2019\/07\/ecourse-learn-photoshop-04-testimonials-600x800.jpg","astra-page-api-url":"https:\/\/websitedemos.net\/ecourse-learn-photoshop-06\/wp-json\/wp\/v2\/pages\/174","dynamic-page":"no","astra-page-url":"\/\/websitedemos.net\/ecourse-learn-photoshop-06\/testimonials\/","astra-sites-tag":{"433":"testimonials"},"site-pages-type":"agency-mini","site-pages-page-builder":"brizy","site-pages-category":[],"site-pages-parent-category":{"60":"business"},"required-plugins":[{"slug":"brizy","init":"brizy\/brizy.php","name":"Brizy"}]},"id-23182":{"title":"Pricing","featured-image-url":"https:\/\/websitedemos.net\/wp-content\/uploads\/2019\/07\/ecourse-learn-photoshop-04-pricing.jpg","thumbnail-image-url":"https:\/\/websitedemos.net\/wp-content\/uploads\/2019\/07\/ecourse-learn-photoshop-04-pricing-600x800.jpg","astra-page-api-url":"https:\/\/websitedemos.net\/ecourse-learn-photoshop-06\/wp-json\/wp\/v2\/pages\/181","dynamic-page":"no","astra-page-url":"\/\/websitedemos.net\/ecourse-learn-photoshop-06\/pricing\/","astra-sites-tag":{"585":"pricing"},"site-pages-type":"agency-mini","site-pages-page-builder":"brizy","site-pages-category":[],"site-pages-parent-category":{"60":"business"},"required-plugins":[{"slug":"brizy","init":"brizy\/brizy.php","name":"Brizy"}]}}},"id-20924":{"title":"Life Coach","featured-image-url":"https:\/\/websitedemos.net\/wp-content\/uploads\/2019\/07\/life-coach-06-01.jpg","thumbnail-image-url":"https:\/\/websitedemos.net\/wp-content\/uploads\/2019\/07\/life-coach-06-01-600x800.jpg","fullpage-thumbnail-image-url":"https:\/\/websitedemos.net\/wp-content\/uploads\/2019\/07\/life-coach-06-01-400x1401.jpg","astra-site-url":"\/\/websitedemos.net\/life-coach-06","astra-site-parent-id":80,"astra-sites-tag":{"610":"coaching","608":"guidance","612":"life-coach","609":"motivator","611":"self-improvement"},"astra-sites-type":"agency-mini","astra-site-page-builder":"brizy","astra-site-category":{"27":"business"},"required-plugins":[{"slug":"astra-addon","init":"astra-addon\/astra-addon.php","name":"Astra Pro"},{"slug":"brizy","init":"brizy\/brizy.php","name":"Brizy"}],"pages":{"id-22414":{"title":"Home","featured-image-url":"https:\/\/websitedemos.net\/wp-content\/uploads\/2019\/07\/life-coach-06-01.jpg","thumbnail-image-url":"https:\/\/websitedemos.net\/wp-content\/uploads\/2019\/07\/life-coach-06-01-600x800.jpg","astra-page-api-url":"https:\/\/websitedemos.net\/life-coach-06\/wp-json\/wp\/v2\/pages\/304","dynamic-page":"no","astra-page-url":"\/\/websitedemos.net\/life-coach-06\/","astra-sites-tag":{"423":"home"},"site-pages-type":"agency-mini","site-pages-page-builder":"brizy","site-pages-category":[],"site-pages-parent-category":{"60":"business"},"required-plugins":[{"slug":"brizy","init":"brizy\/brizy.php","name":"Brizy"}]},"id-22410":{"title":"About","featured-image-url":"https:\/\/websitedemos.net\/wp-content\/uploads\/2019\/07\/life-coach-06-about-01.jpg","thumbnail-image-url":"https:\/\/websitedemos.net\/wp-content\/uploads\/2019\/07\/life-coach-06-about-01-600x800.jpg","astra-page-api-url":"https:\/\/websitedemos.net\/life-coach-06\/wp-json\/wp\/v2\/pages\/364","dynamic-page":"no","astra-page-url":"\/\/websitedemos.net\/life-coach-06\/about\/","astra-sites-tag":{"352":"about"},"site-pages-type":"agency-mini","site-pages-page-builder":"brizy","site-pages-category":[],"site-pages-parent-category":{"60":"business"},"required-plugins":[{"slug":"brizy","init":"brizy\/brizy.php","name":"Brizy"}]},"id-22412":{"title":"Coaching","featured-image-url":"https:\/\/websitedemos.net\/wp-content\/uploads\/2019\/07\/life-coach-06-coaching-01.jpg","thumbnail-image-url":"https:\/\/websitedemos.net\/wp-content\/uploads\/2019\/07\/life-coach-06-coaching-01-600x800.jpg","astra-page-api-url":"https:\/\/websitedemos.net\/life-coach-06\/wp-json\/wp\/v2\/pages\/373","dynamic-page":"no","astra-page-url":"\/\/websitedemos.net\/life-coach-06\/coaching\/","astra-sites-tag":{"610":"coaching"},"site-pages-type":"agency-mini","site-pages-page-builder":"brizy","site-pages-category":[],"site-pages-parent-category":{"60":"business"},"required-plugins":[{"slug":"brizy","init":"brizy\/brizy.php","name":"Brizy"}]},"id-22413":{"title":"Contact Me","featured-image-url":"https:\/\/websitedemos.net\/wp-content\/uploads\/2019\/07\/life-coach-06-contact-me-01.jpg","thumbnail-image-url":"https:\/\/websitedemos.net\/wp-content\/uploads\/2019\/07\/life-coach-06-contact-me-01-600x800.jpg","astra-page-api-url":"https:\/\/websitedemos.net\/life-coach-06\/wp-json\/wp\/v2\/pages\/380","dynamic-page":"no","astra-page-url":"\/\/websitedemos.net\/life-coach-06\/contact-me\/","astra-sites-tag":{"415":"contact"},"site-pages-type":"agency-mini","site-pages-page-builder":"brizy","site-pages-category":[],"site-pages-parent-category":{"60":"business"},"required-plugins":[{"slug":"brizy","init":"brizy\/brizy.php","name":"Brizy"}]}}},"id-20957":{"title":"Hotel","featured-image-url":"https:\/\/websitedemos.net\/wp-content\/uploads\/2019\/03\/id-20957-hotel-resize.jpg","thumbnail-image-url":"https:\/\/websitedemos.net\/wp-content\/uploads\/2019\/03\/id-20957-hotel-resize-600x800.jpg","fullpage-thumbnail-image-url":"https:\/\/websitedemos.net\/wp-content\/uploads\/2019\/03\/id-20957-hotel-resize.jpg","astra-site-url":"\/\/websitedemos.net\/hotel-06","astra-site-parent-id":156,"astra-sites-tag":{"560":"cuisine","336":"food","350":"hotel","712":"lodge","711":"motel","714":"resort"},"astra-sites-type":"agency-mini","astra-site-page-builder":"brizy","astra-site-category":{"27":"business"},"required-plugins":[{"slug":"astra-addon","init":"astra-addon\/astra-addon.php","name":"Astra Pro"},{"slug":"brizy","init":"brizy\/brizy.php","name":"Brizy"}],"pages":{"id-23488":{"title":"Home","featured-image-url":"https:\/\/websitedemos.net\/wp-content\/uploads\/2019\/07\/id-23488-hotel-home-resize.jpg","thumbnail-image-url":"https:\/\/websitedemos.net\/wp-content\/uploads\/2019\/07\/id-23488-hotel-home-resize-600x800.jpg","astra-page-api-url":"https:\/\/websitedemos.net\/hotel-06\/wp-json\/wp\/v2\/pages\/215","dynamic-page":"no","astra-page-url":"\/\/websitedemos.net\/hotel-06\/","astra-sites-tag":{"423":"home"},"site-pages-type":"agency-mini","site-pages-page-builder":"brizy","site-pages-category":[],"site-pages-parent-category":{"60":"business"},"required-plugins":[{"slug":"brizy","init":"brizy\/brizy.php","name":"Brizy"}]},"id-23489":{"title":"Rooms","featured-image-url":"https:\/\/websitedemos.net\/wp-content\/uploads\/2019\/07\/id-23489-hotel-rooms-resize.jpg","thumbnail-image-url":"https:\/\/websitedemos.net\/wp-content\/uploads\/2019\/07\/id-23489-hotel-rooms-resize-600x800.jpg","astra-page-api-url":"https:\/\/websitedemos.net\/hotel-06\/wp-json\/wp\/v2\/pages\/268","dynamic-page":"no","astra-page-url":"\/\/websitedemos.net\/hotel-06\/rooms\/","astra-sites-tag":{"715":"rooms"},"site-pages-type":"agency-mini","site-pages-page-builder":"brizy","site-pages-category":[],"site-pages-parent-category":{"60":"business"},"required-plugins":[{"slug":"brizy","init":"brizy\/brizy.php","name":"Brizy"}]},"id-23490":{"title":"Services","featured-image-url":"https:\/\/websitedemos.net\/wp-content\/uploads\/2019\/07\/id-23490-hotel-services-resize.jpg","thumbnail-image-url":"https:\/\/websitedemos.net\/wp-content\/uploads\/2019\/07\/id-23490-hotel-services-resize-600x800.jpg","astra-page-api-url":"https:\/\/websitedemos.net\/hotel-06\/wp-json\/wp\/v2\/pages\/276","dynamic-page":"no","astra-page-url":"\/\/websitedemos.net\/hotel-06\/services\/","astra-sites-tag":{"425":"services"},"site-pages-type":"agency-mini","site-pages-page-builder":"brizy","site-pages-category":[],"site-pages-parent-category":{"60":"business"},"required-plugins":[{"slug":"brizy","init":"brizy\/brizy.php","name":"Brizy"}]},"id-23487":{"title":"Gallery","featured-image-url":"https:\/\/websitedemos.net\/wp-content\/uploads\/2019\/07\/id-23487-hotel-gallery-resize.jpg","thumbnail-image-url":"https:\/\/websitedemos.net\/wp-content\/uploads\/2019\/07\/id-23487-hotel-gallery-resize-600x800.jpg","astra-page-api-url":"https:\/\/websitedemos.net\/hotel-06\/wp-json\/wp\/v2\/pages\/287","dynamic-page":"no","astra-page-url":"\/\/websitedemos.net\/hotel-06\/gallery\/","astra-sites-tag":{"461":"gallery"},"site-pages-type":"agency-mini","site-pages-page-builder":"brizy","site-pages-category":[],"site-pages-parent-category":{"60":"business"},"required-plugins":[{"slug":"brizy","init":"brizy\/brizy.php","name":"Brizy"}]},"id-23491":{"title":"Testimonials","featured-image-url":"https:\/\/websitedemos.net\/wp-content\/uploads\/2019\/07\/id-23491-hotel-testimonials-resize.jpg","thumbnail-image-url":"https:\/\/websitedemos.net\/wp-content\/uploads\/2019\/07\/id-23491-hotel-testimonials-resize-600x800.jpg","astra-page-api-url":"https:\/\/websitedemos.net\/hotel-06\/wp-json\/wp\/v2\/pages\/295","dynamic-page":"no","astra-page-url":"\/\/websitedemos.net\/hotel-06\/testimonials\/","astra-sites-tag":{"433":"testimonials"},"site-pages-type":"agency-mini","site-pages-page-builder":"brizy","site-pages-category":[],"site-pages-parent-category":{"60":"business"},"required-plugins":[{"slug":"brizy","init":"brizy\/brizy.php","name":"Brizy"}]},"id-23486":{"title":"Contact","featured-image-url":"https:\/\/websitedemos.net\/wp-content\/uploads\/2019\/07\/id-23486-hotel-contact-resize.jpg","thumbnail-image-url":"https:\/\/websitedemos.net\/wp-content\/uploads\/2019\/07\/id-23486-hotel-contact-resize-600x800.jpg","astra-page-api-url":"https:\/\/websitedemos.net\/hotel-06\/wp-json\/wp\/v2\/pages\/299","dynamic-page":"no","astra-page-url":"\/\/websitedemos.net\/hotel-06\/contact\/","astra-sites-tag":{"415":"contact"},"site-pages-type":"agency-mini","site-pages-page-builder":"brizy","site-pages-category":[],"site-pages-parent-category":{"60":"business"},"required-plugins":[{"slug":"brizy","init":"brizy\/brizy.php","name":"Brizy"}]}}},"id-20968":{"title":"theAgency","featured-image-url":"https:\/\/websitedemos.net\/wp-content\/uploads\/2019\/07\/wordpress-agency-feb-20-home.jpg","thumbnail-image-url":"https:\/\/websitedemos.net\/wp-content\/uploads\/2019\/07\/wordpress-agency-feb-20-home-600x800.jpg","fullpage-thumbnail-image-url":"https:\/\/websitedemos.net\/wp-content\/uploads\/2019\/07\/wordpress-agency-feb-20-home-400x2255.jpg","astra-site-url":"\/\/websitedemos.net\/wordpress-agency-06","astra-site-parent-id":126,"astra-sites-tag":{"663":"agency","979":"company","664":"digital-services","812":"office","665":"service-agency","661":"website","879":"wordpress-agency"},"astra-sites-type":"agency-mini","astra-site-page-builder":"brizy","astra-site-category":{"27":"business"},"required-plugins":[{"slug":"astra-widgets","init":"astra-widgets\/astra-widgets.php","name":"Astra Widgets"},{"slug":"astra-addon","init":"astra-addon\/astra-addon.php","name":"Astra Pro"},{"slug":"brizy","init":"brizy\/brizy.php","name":"Brizy"}],"pages":{"id-23201":{"title":"Home","featured-image-url":"https:\/\/websitedemos.net\/wp-content\/uploads\/2019\/07\/wordpress-agency-feb-20-home.jpg","thumbnail-image-url":"https:\/\/websitedemos.net\/wp-content\/uploads\/2019\/07\/wordpress-agency-feb-20-home-600x800.jpg","astra-page-api-url":"https:\/\/websitedemos.net\/wordpress-agency-06\/wp-json\/wp\/v2\/pages\/343","dynamic-page":"no","astra-page-url":"\/\/websitedemos.net\/wordpress-agency-06\/","astra-sites-tag":{"423":"home"},"site-pages-type":"agency-mini","site-pages-page-builder":"brizy","site-pages-category":[],"site-pages-parent-category":{"60":"business"},"required-plugins":[{"slug":"brizy","init":"brizy\/brizy.php","name":"Brizy"}]},"id-23199":{"title":"About","featured-image-url":"https:\/\/websitedemos.net\/wp-content\/uploads\/2019\/07\/wordpress-agency-feb-20-about.jpg","thumbnail-image-url":"https:\/\/websitedemos.net\/wp-content\/uploads\/2019\/07\/wordpress-agency-feb-20-about-600x800.jpg","astra-page-api-url":"https:\/\/websitedemos.net\/wordpress-agency-06\/wp-json\/wp\/v2\/pages\/392","dynamic-page":"no","astra-page-url":"\/\/websitedemos.net\/wordpress-agency-06\/about\/","astra-sites-tag":{"352":"about"},"site-pages-type":"agency-mini","site-pages-page-builder":"brizy","site-pages-category":[],"site-pages-parent-category":{"60":"business"},"required-plugins":[{"slug":"brizy","init":"brizy\/brizy.php","name":"Brizy"}]},"id-23203":{"title":"Services","featured-image-url":"https:\/\/websitedemos.net\/wp-content\/uploads\/2019\/07\/wordpress-agency-feb-20-services.jpg","thumbnail-image-url":"https:\/\/websitedemos.net\/wp-content\/uploads\/2019\/07\/wordpress-agency-feb-20-services-600x800.jpg","astra-page-api-url":"https:\/\/websitedemos.net\/wordpress-agency-06\/wp-json\/wp\/v2\/pages\/404","dynamic-page":"no","astra-page-url":"\/\/websitedemos.net\/wordpress-agency-06\/services\/","astra-sites-tag":{"425":"services"},"site-pages-type":"agency-mini","site-pages-page-builder":"brizy","site-pages-category":[],"site-pages-parent-category":{"60":"business"},"required-plugins":[{"slug":"brizy","init":"brizy\/brizy.php","name":"Brizy"}]},"id-23202":{"title":"Projects","featured-image-url":"https:\/\/websitedemos.net\/wp-content\/uploads\/2019\/07\/wordpress-agency-feb-20-projects.jpg","thumbnail-image-url":"https:\/\/websitedemos.net\/wp-content\/uploads\/2019\/07\/wordpress-agency-feb-20-projects-600x800.jpg","astra-page-api-url":"https:\/\/websitedemos.net\/wordpress-agency-06\/wp-json\/wp\/v2\/pages\/415","dynamic-page":"no","astra-page-url":"\/\/websitedemos.net\/wordpress-agency-06\/projects\/","astra-sites-tag":{"424":"project"},"site-pages-type":"agency-mini","site-pages-page-builder":"brizy","site-pages-category":[],"site-pages-parent-category":{"60":"business"},"required-plugins":[{"slug":"brizy","init":"brizy\/brizy.php","name":"Brizy"}]},"id-23204":{"title":"Testimonials","featured-image-url":"https:\/\/websitedemos.net\/wp-content\/uploads\/2019\/07\/wordpress-agency-feb-20-testimonials.jpg","thumbnail-image-url":"https:\/\/websitedemos.net\/wp-content\/uploads\/2019\/07\/wordpress-agency-feb-20-testimonials-600x800.jpg","astra-page-api-url":"https:\/\/websitedemos.net\/wordpress-agency-06\/wp-json\/wp\/v2\/pages\/426","dynamic-page":"no","astra-page-url":"\/\/websitedemos.net\/wordpress-agency-06\/testimonials\/","astra-sites-tag":{"433":"testimonials"},"site-pages-type":"agency-mini","site-pages-page-builder":"brizy","site-pages-category":[],"site-pages-parent-category":{"60":"business"},"required-plugins":[{"slug":"brizy","init":"brizy\/brizy.php","name":"Brizy"}]},"id-23200":{"title":"Contact","featured-image-url":"https:\/\/websitedemos.net\/wp-content\/uploads\/2019\/07\/wordpress-agency-feb-20-contact.jpg","thumbnail-image-url":"https:\/\/websitedemos.net\/wp-content\/uploads\/2019\/07\/wordpress-agency-feb-20-contact-600x800.jpg","astra-page-api-url":"https:\/\/websitedemos.net\/wordpress-agency-06\/wp-json\/wp\/v2\/pages\/435","dynamic-page":"no","astra-page-url":"\/\/websitedemos.net\/wordpress-agency-06\/contact\/","astra-sites-tag":{"415":"contact"},"site-pages-type":"agency-mini","site-pages-page-builder":"brizy","site-pages-category":[],"site-pages-parent-category":{"60":"business"},"required-plugins":[{"slug":"brizy","init":"brizy\/brizy.php","name":"Brizy"}]}}},"id-20969":{"title":"eCourse","featured-image-url":"https:\/\/websitedemos.net\/wp-content\/uploads\/2019\/07\/teach-06-home-1.jpg","thumbnail-image-url":"https:\/\/websitedemos.net\/wp-content\/uploads\/2019\/07\/teach-06-home-1-600x800.jpg","fullpage-thumbnail-image-url":"https:\/\/websitedemos.net\/wp-content\/uploads\/2019\/07\/teach-06-home-1-400x2276.jpg","astra-site-url":"\/\/websitedemos.net\/teach-06","astra-site-parent-id":129,"astra-sites-tag":{"468":"elearning","719":"online-coaching","975":"online-learning","721":"training","720":"tutorials"},"astra-sites-type":"agency-mini","astra-site-page-builder":"brizy","astra-site-category":{"27":"business"},"required-plugins":[{"slug":"astra-addon","init":"astra-addon\/astra-addon.php","name":"Astra Pro"},{"slug":"brizy","init":"brizy\/brizy.php","name":"Brizy"}],"pages":{"id-23228":{"title":"Home","featured-image-url":"https:\/\/websitedemos.net\/wp-content\/uploads\/2019\/07\/teach-06-home-1.jpg","thumbnail-image-url":"https:\/\/websitedemos.net\/wp-content\/uploads\/2019\/07\/teach-06-home-1-600x800.jpg","astra-page-api-url":"https:\/\/websitedemos.net\/teach-06\/wp-json\/wp\/v2\/pages\/143","dynamic-page":"no","astra-page-url":"\/\/websitedemos.net\/teach-06\/","astra-sites-tag":{"423":"home"},"site-pages-type":"agency-mini","site-pages-page-builder":"brizy","site-pages-category":[],"site-pages-parent-category":{"60":"business"},"required-plugins":[{"slug":"brizy","init":"brizy\/brizy.php","name":"Brizy"}]},"id-23226":{"title":"About","featured-image-url":"https:\/\/websitedemos.net\/wp-content\/uploads\/2019\/07\/teach-06-about.jpg","thumbnail-image-url":"https:\/\/websitedemos.net\/wp-content\/uploads\/2019\/07\/teach-06-about-600x800.jpg","astra-page-api-url":"https:\/\/websitedemos.net\/teach-06\/wp-json\/wp\/v2\/pages\/188","dynamic-page":"no","astra-page-url":"\/\/websitedemos.net\/teach-06\/about\/","astra-sites-tag":{"352":"about"},"site-pages-type":"agency-mini","site-pages-page-builder":"brizy","site-pages-category":[],"site-pages-parent-category":{"60":"business"},"required-plugins":[{"slug":"brizy","init":"brizy\/brizy.php","name":"Brizy"}]},"id-23229":{"title":"Lessons","featured-image-url":"https:\/\/websitedemos.net\/wp-content\/uploads\/2019\/07\/teach-06-lessons.jpg","thumbnail-image-url":"https:\/\/websitedemos.net\/wp-content\/uploads\/2019\/07\/teach-06-lessons-600x800.jpg","astra-page-api-url":"https:\/\/websitedemos.net\/teach-06\/wp-json\/wp\/v2\/pages\/201","dynamic-page":"no","astra-page-url":"\/\/websitedemos.net\/teach-06\/lessons\/","astra-sites-tag":{"747":"lessons"},"site-pages-type":"agency-mini","site-pages-page-builder":"brizy","site-pages-category":[],"site-pages-parent-category":{"60":"business"},"required-plugins":[{"slug":"brizy","init":"brizy\/brizy.php","name":"Brizy"}]},"id-23230":{"title":"Testimonials","featured-image-url":"https:\/\/websitedemos.net\/wp-content\/uploads\/2019\/07\/teach-06-testimonials.jpg","thumbnail-image-url":"https:\/\/websitedemos.net\/wp-content\/uploads\/2019\/07\/teach-06-testimonials-600x800.jpg","astra-page-api-url":"https:\/\/websitedemos.net\/teach-06\/wp-json\/wp\/v2\/pages\/212","dynamic-page":"no","astra-page-url":"\/\/websitedemos.net\/teach-06\/testimonials\/","astra-sites-tag":{"433":"testimonials"},"site-pages-type":"agency-mini","site-pages-page-builder":"brizy","site-pages-category":[],"site-pages-parent-category":{"60":"business"},"required-plugins":[{"slug":"brizy","init":"brizy\/brizy.php","name":"Brizy"}]},"id-23227":{"title":"Contact","featured-image-url":"https:\/\/websitedemos.net\/wp-content\/uploads\/2019\/07\/teach-06-contact.jpg","thumbnail-image-url":"https:\/\/websitedemos.net\/wp-content\/uploads\/2019\/07\/teach-06-contact-600x800.jpg","astra-page-api-url":"https:\/\/websitedemos.net\/teach-06\/wp-json\/wp\/v2\/pages\/217","dynamic-page":"no","astra-page-url":"\/\/websitedemos.net\/teach-06\/contact\/","astra-sites-tag":{"415":"contact"},"site-pages-type":"agency-mini","site-pages-page-builder":"brizy","site-pages-category":[],"site-pages-parent-category":{"60":"business"},"required-plugins":[{"slug":"brizy","init":"brizy\/brizy.php","name":"Brizy"}]}}},"id-20972":{"title":"Personal Dietitian","featured-image-url":"https:\/\/websitedemos.net\/wp-content\/uploads\/2019\/07\/dietitian-06-home.jpg","thumbnail-image-url":"https:\/\/websitedemos.net\/wp-content\/uploads\/2019\/07\/dietitian-06-home-600x800.jpg","fullpage-thumbnail-image-url":"https:\/\/websitedemos.net\/wp-content\/uploads\/2019\/07\/dietitian-06-home-400x1275.jpg","astra-site-url":"\/\/websitedemos.net\/dietitian-06","astra-site-parent-id":131,"astra-sites-tag":{"753":"dietitian","336":"food","754":"nutritionist"},"astra-sites-type":"agency-mini","astra-site-page-builder":"brizy","astra-site-category":{"27":"business"},"required-plugins":[{"slug":"astra-addon","init":"astra-addon\/astra-addon.php","name":"Astra Pro"},{"slug":"brizy","init":"brizy\/brizy.php","name":"Brizy"},{"slug":"ultimate-addons-for-gutenberg","init":"ultimate-addons-for-gutenberg\/ultimate-addons-for-gutenberg.php","name":"Ultimate Addons for Gutenberg"}],"pages":{"id-23254":{"title":"Home","featured-image-url":"https:\/\/websitedemos.net\/wp-content\/uploads\/2019\/07\/dietitian-06-home.jpg","thumbnail-image-url":"https:\/\/websitedemos.net\/wp-content\/uploads\/2019\/07\/dietitian-06-home-600x800.jpg","astra-page-api-url":"https:\/\/websitedemos.net\/dietitian-06\/wp-json\/wp\/v2\/pages\/803","dynamic-page":"no","astra-page-url":"\/\/websitedemos.net\/dietitian-06\/","astra-sites-tag":{"423":"home"},"site-pages-type":"agency-mini","site-pages-page-builder":"brizy","site-pages-category":[],"site-pages-parent-category":{"60":"business"},"required-plugins":[{"slug":"brizy","init":"brizy\/brizy.php","name":"Brizy"}]},"id-23251":{"title":"About","featured-image-url":"https:\/\/websitedemos.net\/wp-content\/uploads\/2019\/07\/dietitian-06-about-01.jpg","thumbnail-image-url":"https:\/\/websitedemos.net\/wp-content\/uploads\/2019\/07\/dietitian-06-about-01-600x800.jpg","astra-page-api-url":"https:\/\/websitedemos.net\/dietitian-06\/wp-json\/wp\/v2\/pages\/851","dynamic-page":"no","astra-page-url":"\/\/websitedemos.net\/dietitian-06\/about\/","astra-sites-tag":{"352":"about"},"site-pages-type":"agency-mini","site-pages-page-builder":"brizy","site-pages-category":[],"site-pages-parent-category":{"60":"business"},"required-plugins":[{"slug":"brizy","init":"brizy\/brizy.php","name":"Brizy"}]},"id-23255":{"title":"Services","featured-image-url":"https:\/\/websitedemos.net\/wp-content\/uploads\/2019\/07\/dietitian-06-services-01.jpg","thumbnail-image-url":"https:\/\/websitedemos.net\/wp-content\/uploads\/2019\/07\/dietitian-06-services-01-600x800.jpg","astra-page-api-url":"https:\/\/websitedemos.net\/dietitian-06\/wp-json\/wp\/v2\/pages\/860","dynamic-page":"no","astra-page-url":"\/\/websitedemos.net\/dietitian-06\/services\/","astra-sites-tag":{"425":"services"},"site-pages-type":"agency-mini","site-pages-page-builder":"brizy","site-pages-category":[],"site-pages-parent-category":{"60":"business"},"required-plugins":[{"slug":"brizy","init":"brizy\/brizy.php","name":"Brizy"}]},"id-23252":{"title":"Blogs","featured-image-url":"https:\/\/websitedemos.net\/wp-content\/uploads\/2019\/07\/dietitian-06-blogs-01.jpg","thumbnail-image-url":"https:\/\/websitedemos.net\/wp-content\/uploads\/2019\/07\/dietitian-06-blogs-01-600x800.jpg","astra-page-api-url":"https:\/\/websitedemos.net\/dietitian-06\/wp-json\/wp\/v2\/pages\/915","dynamic-page":"no","astra-page-url":"\/\/websitedemos.net\/dietitian-06\/blogs\/","astra-sites-tag":{"480":"blog"},"site-pages-type":"agency-mini","site-pages-page-builder":"gutenberg","site-pages-category":[],"site-pages-parent-category":{"60":"business"},"required-plugins":[{"slug":"ultimate-addons-for-gutenberg","init":"ultimate-addons-for-gutenberg\/ultimate-addons-for-gutenberg.php","name":"Ultimate Addons for Gutenberg"}]},"id-23253":{"title":"Contact Me","featured-image-url":"https:\/\/websitedemos.net\/wp-content\/uploads\/2019\/07\/dietitian-06-contact-me-01.jpg","thumbnail-image-url":"https:\/\/websitedemos.net\/wp-content\/uploads\/2019\/07\/dietitian-06-contact-me-01-600x800.jpg","astra-page-api-url":"https:\/\/websitedemos.net\/dietitian-06\/wp-json\/wp\/v2\/pages\/874","dynamic-page":"no","astra-page-url":"\/\/websitedemos.net\/dietitian-06\/contact-me\/","astra-sites-tag":{"415":"contact"},"site-pages-type":"agency-mini","site-pages-page-builder":"brizy","site-pages-category":[],"site-pages-parent-category":{"60":"business"},"required-plugins":[{"slug":"brizy","init":"brizy\/brizy.php","name":"Brizy"}]}}},"id-20981":{"title":"Charity","featured-image-url":"https:\/\/websitedemos.net\/wp-content\/uploads\/2019\/07\/charity-pro-feb-20-home.jpg","thumbnail-image-url":"https:\/\/websitedemos.net\/wp-content\/uploads\/2019\/07\/charity-pro-feb-20-home-600x800.jpg","fullpage-thumbnail-image-url":"https:\/\/websitedemos.net\/wp-content\/uploads\/2019\/07\/charity-pro-feb-20-home-400x1473.jpg","astra-site-url":"\/\/websitedemos.net\/charity-06","astra-site-parent-id":138,"astra-sites-tag":{"625":"charity","624":"foundation","626":"giving","977":"non-profit","745":"organization"},"astra-sites-type":"agency-mini","astra-site-page-builder":"brizy","astra-site-category":{"36":"other"},"required-plugins":[{"slug":"astra-addon","init":"astra-addon\/astra-addon.php","name":"Astra Pro"},{"slug":"brizy","init":"brizy\/brizy.php","name":"Brizy"}],"pages":{"id-23323":{"title":"Home","featured-image-url":"https:\/\/websitedemos.net\/wp-content\/uploads\/2019\/07\/charity-pro-feb-20-home.jpg","thumbnail-image-url":"https:\/\/websitedemos.net\/wp-content\/uploads\/2019\/07\/charity-pro-feb-20-home-600x800.jpg","astra-page-api-url":"https:\/\/websitedemos.net\/charity-06\/wp-json\/wp\/v2\/pages\/541","dynamic-page":"no","astra-page-url":"\/\/websitedemos.net\/charity-06\/","astra-sites-tag":{"423":"home"},"site-pages-type":"agency-mini","site-pages-page-builder":"brizy","site-pages-category":[],"site-pages-parent-category":{"139":"other"},"required-plugins":[{"slug":"brizy","init":"brizy\/brizy.php","name":"Brizy"}]},"id-23324":{"title":"What We Do","featured-image-url":"https:\/\/websitedemos.net\/wp-content\/uploads\/2019\/07\/charity-pro-feb-20-what-we-do.jpg","thumbnail-image-url":"https:\/\/websitedemos.net\/wp-content\/uploads\/2019\/07\/charity-pro-feb-20-what-we-do-600x800.jpg","astra-page-api-url":"https:\/\/websitedemos.net\/charity-06\/wp-json\/wp\/v2\/pages\/596","dynamic-page":"no","astra-page-url":"\/\/websitedemos.net\/charity-06\/what-we-do\/","astra-sites-tag":{"628":"what-we-do","451":"work"},"site-pages-type":"agency-mini","site-pages-page-builder":"brizy","site-pages-category":[],"site-pages-parent-category":{"139":"other"},"required-plugins":[{"slug":"brizy","init":"brizy\/brizy.php","name":"Brizy"}]},"id-23322":{"title":"Creating Impact","featured-image-url":"https:\/\/websitedemos.net\/wp-content\/uploads\/2019\/07\/charity-pro-feb-20-making-impact.jpg","thumbnail-image-url":"https:\/\/websitedemos.net\/wp-content\/uploads\/2019\/07\/charity-pro-feb-20-making-impact-600x800.jpg","astra-page-api-url":"https:\/\/websitedemos.net\/charity-06\/wp-json\/wp\/v2\/pages\/605","dynamic-page":"no","astra-page-url":"\/\/websitedemos.net\/charity-06\/creating-impact\/","astra-sites-tag":{"425":"services"},"site-pages-type":"agency-mini","site-pages-page-builder":"brizy","site-pages-category":[],"site-pages-parent-category":{"139":"other"},"required-plugins":[{"slug":"brizy","init":"brizy\/brizy.php","name":"Brizy"}]},"id-23321":{"title":"Contact Us","featured-image-url":"https:\/\/websitedemos.net\/wp-content\/uploads\/2019\/07\/charity-pro-feb-20-contact.jpg","thumbnail-image-url":"https:\/\/websitedemos.net\/wp-content\/uploads\/2019\/07\/charity-pro-feb-20-contact-600x800.jpg","astra-page-api-url":"https:\/\/websitedemos.net\/charity-06\/wp-json\/wp\/v2\/pages\/618","dynamic-page":"no","astra-page-url":"\/\/websitedemos.net\/charity-06\/contact-us\/","astra-sites-tag":{"415":"contact"},"site-pages-type":"agency-mini","site-pages-page-builder":"brizy","site-pages-category":[],"site-pages-parent-category":{"139":"other"},"required-plugins":[{"slug":"brizy","init":"brizy\/brizy.php","name":"Brizy"}]}}},"id-20983":{"title":"Sweet Shop","featured-image-url":"https:\/\/websitedemos.net\/wp-content\/uploads\/2019\/07\/sweet-shop-home.jpg","thumbnail-image-url":"https:\/\/websitedemos.net\/wp-content\/uploads\/2019\/07\/sweet-shop-home-600x800.jpg","fullpage-thumbnail-image-url":"https:\/\/websitedemos.net\/wp-content\/uploads\/2019\/07\/sweet-shop-home-400x1217.jpg","astra-site-url":"\/\/websitedemos.net\/sweet-shop-06","astra-site-parent-id":134,"astra-sites-tag":{"758":"bakery","496":"ecommerce","383":"online-store","749":"store","756":"sweet-shop","757":"sweets","1024":"woocommerce"},"astra-sites-type":"agency-mini","astra-site-page-builder":"brizy","astra-site-category":{"27":"business"},"required-plugins":[{"slug":"astra-addon","init":"astra-addon\/astra-addon.php","name":"Astra Pro"},{"slug":"brizy","init":"brizy\/brizy.php","name":"Brizy"}],"pages":{"id-23288":{"title":"Home","featured-image-url":"https:\/\/websitedemos.net\/wp-content\/uploads\/2019\/07\/sweet-shop-home.jpg","thumbnail-image-url":"https:\/\/websitedemos.net\/wp-content\/uploads\/2019\/07\/sweet-shop-home-600x800.jpg","astra-page-api-url":"https:\/\/websitedemos.net\/sweet-shop-06\/wp-json\/wp\/v2\/pages\/500","dynamic-page":"no","astra-page-url":"\/\/websitedemos.net\/sweet-shop-06\/","astra-sites-tag":{"423":"home"},"site-pages-type":"agency-mini","site-pages-page-builder":"brizy","site-pages-category":[],"site-pages-parent-category":{"60":"business"},"required-plugins":[{"slug":"brizy","init":"brizy\/brizy.php","name":"Brizy"}]},"id-23285":{"title":"About","featured-image-url":"https:\/\/websitedemos.net\/wp-content\/uploads\/2019\/07\/sweet-shop-about.jpg","thumbnail-image-url":"https:\/\/websitedemos.net\/wp-content\/uploads\/2019\/07\/sweet-shop-about-600x800.jpg","astra-page-api-url":"https:\/\/websitedemos.net\/sweet-shop-06\/wp-json\/wp\/v2\/pages\/543","dynamic-page":"no","astra-page-url":"\/\/websitedemos.net\/sweet-shop-06\/about\/","astra-sites-tag":{"352":"about"},"site-pages-type":"agency-mini","site-pages-page-builder":"brizy","site-pages-category":[],"site-pages-parent-category":{"60":"business"},"required-plugins":[{"slug":"brizy","init":"brizy\/brizy.php","name":"Brizy"}]},"id-23287":{"title":"Gallery","featured-image-url":"https:\/\/websitedemos.net\/wp-content\/uploads\/2019\/07\/sweet-shop-gallery.jpg","thumbnail-image-url":"https:\/\/websitedemos.net\/wp-content\/uploads\/2019\/07\/sweet-shop-gallery-600x800.jpg","astra-page-api-url":"https:\/\/websitedemos.net\/sweet-shop-06\/wp-json\/wp\/v2\/pages\/548","dynamic-page":"no","astra-page-url":"\/\/websitedemos.net\/sweet-shop-06\/gallery\/","astra-sites-tag":{"461":"gallery"},"site-pages-type":"agency-mini","site-pages-page-builder":"brizy","site-pages-category":[],"site-pages-parent-category":{"60":"business"},"required-plugins":[{"slug":"brizy","init":"brizy\/brizy.php","name":"Brizy"}]},"id-23289":{"title":"Our Cakes","featured-image-url":"https:\/\/websitedemos.net\/wp-content\/uploads\/2019\/07\/sweet-shop-cakes.jpg","thumbnail-image-url":"https:\/\/websitedemos.net\/wp-content\/uploads\/2019\/07\/sweet-shop-cakes-600x800.jpg","astra-page-api-url":"https:\/\/websitedemos.net\/sweet-shop-06\/wp-json\/wp\/v2\/pages\/555","dynamic-page":"no","astra-page-url":"\/\/websitedemos.net\/sweet-shop-06\/our-cakes\/","astra-sites-tag":{"783":"cake"},"site-pages-type":"agency-mini","site-pages-page-builder":"brizy","site-pages-category":[],"site-pages-parent-category":{"60":"business"},"required-plugins":[{"slug":"brizy","init":"brizy\/brizy.php","name":"Brizy"}]},"id-23286":{"title":"Contact Us","featured-image-url":"https:\/\/websitedemos.net\/wp-content\/uploads\/2019\/07\/sweet-shop-contact.jpg","thumbnail-image-url":"https:\/\/websitedemos.net\/wp-content\/uploads\/2019\/07\/sweet-shop-contact-600x800.jpg","astra-page-api-url":"https:\/\/websitedemos.net\/sweet-shop-06\/wp-json\/wp\/v2\/pages\/566","dynamic-page":"no","astra-page-url":"\/\/websitedemos.net\/sweet-shop-06\/contact-us\/","astra-sites-tag":{"415":"contact"},"site-pages-type":"agency-mini","site-pages-page-builder":"brizy","site-pages-category":[],"site-pages-parent-category":{"60":"business"},"required-plugins":[{"slug":"brizy","init":"brizy\/brizy.php","name":"Brizy"}]}}},"id-21029":{"title":"Spa","featured-image-url":"https:\/\/websitedemos.net\/wp-content\/uploads\/2019\/03\/lotus-spa-therapy-home.jpg","thumbnail-image-url":"https:\/\/websitedemos.net\/wp-content\/uploads\/2019\/03\/lotus-spa-therapy-home-600x800.jpg","fullpage-thumbnail-image-url":"https:\/\/websitedemos.net\/wp-content\/uploads\/2019\/03\/lotus-spa-therapy-home-400x1568.jpg","astra-site-url":"\/\/websitedemos.net\/lotus-spa-06","astra-site-parent-id":140,"astra-sites-tag":{"532":"acupressure","474":"grooming","528":"massage","527":"massage-therapist","529":"physiotherapy","531":"reflexology","533":"relaxation","650":"salon","651":"skincare","530":"spa"},"astra-sites-type":"agency-mini","astra-site-page-builder":"brizy","astra-site-category":{"27":"business"},"required-plugins":[{"slug":"astra-addon","init":"astra-addon\/astra-addon.php","name":"Astra Pro"},{"slug":"brizy","init":"brizy\/brizy.php","name":"Brizy"}],"pages":{"id-23332":{"title":"Home","featured-image-url":"https:\/\/websitedemos.net\/wp-content\/uploads\/2019\/03\/lotus-spa-therapy-home.jpg","thumbnail-image-url":"https:\/\/websitedemos.net\/wp-content\/uploads\/2019\/03\/lotus-spa-therapy-home-600x800.jpg","astra-page-api-url":"https:\/\/websitedemos.net\/lotus-spa-06\/wp-json\/wp\/v2\/pages\/3092","dynamic-page":"no","astra-page-url":"\/\/websitedemos.net\/lotus-spa-06\/","astra-sites-tag":{"423":"home"},"site-pages-type":"agency-mini","site-pages-page-builder":"brizy","site-pages-category":[],"site-pages-parent-category":{"60":"business"},"required-plugins":[{"slug":"brizy","init":"brizy\/brizy.php","name":"Brizy"}]},"id-23330":{"title":"About","featured-image-url":"https:\/\/websitedemos.net\/wp-content\/uploads\/2019\/07\/lotus-spa-06-about-01.jpg","thumbnail-image-url":"https:\/\/websitedemos.net\/wp-content\/uploads\/2019\/07\/lotus-spa-06-about-01-600x800.jpg","astra-page-api-url":"https:\/\/websitedemos.net\/lotus-spa-06\/wp-json\/wp\/v2\/pages\/3137","dynamic-page":"no","astra-page-url":"\/\/websitedemos.net\/lotus-spa-06\/about\/","astra-sites-tag":{"352":"about"},"site-pages-type":"agency-mini","site-pages-page-builder":"brizy","site-pages-category":[],"site-pages-parent-category":{"60":"business"},"required-plugins":[{"slug":"brizy","init":"brizy\/brizy.php","name":"Brizy"}]},"id-23333":{"title":"Services","featured-image-url":"https:\/\/websitedemos.net\/wp-content\/uploads\/2019\/07\/lotus-spa-06-services-01.jpg","thumbnail-image-url":"https:\/\/websitedemos.net\/wp-content\/uploads\/2019\/07\/lotus-spa-06-services-01-600x800.jpg","astra-page-api-url":"https:\/\/websitedemos.net\/lotus-spa-06\/wp-json\/wp\/v2\/pages\/3150","dynamic-page":"no","astra-page-url":"\/\/websitedemos.net\/lotus-spa-06\/services\/","astra-sites-tag":{"425":"services"},"site-pages-type":"agency-mini","site-pages-page-builder":"brizy","site-pages-category":[],"site-pages-parent-category":{"60":"business"},"required-plugins":[{"slug":"brizy","init":"brizy\/brizy.php","name":"Brizy"}]},"id-23331":{"title":"Contact","featured-image-url":"https:\/\/websitedemos.net\/wp-content\/uploads\/2019\/07\/lotus-spa-06-contact-1.jpg","thumbnail-image-url":"https:\/\/websitedemos.net\/wp-content\/uploads\/2019\/07\/lotus-spa-06-contact-1-600x800.jpg","astra-page-api-url":"https:\/\/websitedemos.net\/lotus-spa-06\/wp-json\/wp\/v2\/pages\/3165","dynamic-page":"no","astra-page-url":"\/\/websitedemos.net\/lotus-spa-06\/contact\/","astra-sites-tag":{"415":"contact"},"site-pages-type":"agency-mini","site-pages-page-builder":"brizy","site-pages-category":[],"site-pages-parent-category":{"60":"business"},"required-plugins":[{"slug":"brizy","init":"brizy\/brizy.php","name":"Brizy"}]}}},"id-21039":{"title":"Agency","featured-image-url":"https:\/\/websitedemos.net\/wp-content\/uploads\/2019\/07\/agency-06-home.jpg","thumbnail-image-url":"https:\/\/websitedemos.net\/wp-content\/uploads\/2019\/07\/agency-06-home-600x800.jpg","fullpage-thumbnail-image-url":"https:\/\/websitedemos.net\/wp-content\/uploads\/2019\/07\/agency-06-home-400x2410.jpg","astra-site-url":"\/\/websitedemos.net\/agency-06","astra-site-parent-id":150,"astra-sites-tag":{"663":"agency","979":"company","664":"digital-services","812":"office","665":"service-agency","661":"website"},"astra-sites-type":"agency-mini","astra-site-page-builder":"brizy","astra-site-category":{"27":"business"},"required-plugins":[{"slug":"astra-addon","init":"astra-addon\/astra-addon.php","name":"Astra Pro"},{"slug":"brizy","init":"brizy\/brizy.php","name":"Brizy"}],"pages":{"id-23425":{"title":"Home","featured-image-url":"https:\/\/websitedemos.net\/wp-content\/uploads\/2019\/07\/agency-06-home.jpg","thumbnail-image-url":"https:\/\/websitedemos.net\/wp-content\/uploads\/2019\/07\/agency-06-home-600x800.jpg","astra-page-api-url":"https:\/\/websitedemos.net\/agency-06\/wp-json\/wp\/v2\/pages\/620","dynamic-page":"no","astra-page-url":"\/\/websitedemos.net\/agency-06\/","astra-sites-tag":{"423":"home"},"site-pages-type":"agency-mini","site-pages-page-builder":"brizy","site-pages-category":[],"site-pages-parent-category":{"60":"business"},"required-plugins":[{"slug":"brizy","init":"brizy\/brizy.php","name":"Brizy"}]},"id-23423":{"title":"About","featured-image-url":"https:\/\/websitedemos.net\/wp-content\/uploads\/2019\/07\/agency-06-about.jpg","thumbnail-image-url":"https:\/\/websitedemos.net\/wp-content\/uploads\/2019\/07\/agency-06-about-600x800.jpg","astra-page-api-url":"https:\/\/websitedemos.net\/agency-06\/wp-json\/wp\/v2\/pages\/670","dynamic-page":"no","astra-page-url":"\/\/websitedemos.net\/agency-06\/about\/","astra-sites-tag":{"352":"about"},"site-pages-type":"agency-mini","site-pages-page-builder":"brizy","site-pages-category":[],"site-pages-parent-category":{"60":"business"},"required-plugins":[{"slug":"brizy","init":"brizy\/brizy.php","name":"Brizy"}]},"id-23428":{"title":"Websites","featured-image-url":"https:\/\/websitedemos.net\/wp-content\/uploads\/2019\/07\/agency-06-websites.jpg","thumbnail-image-url":"https:\/\/websitedemos.net\/wp-content\/uploads\/2019\/07\/agency-06-websites-600x800.jpg","astra-page-api-url":"https:\/\/websitedemos.net\/agency-06\/wp-json\/wp\/v2\/pages\/680","dynamic-page":"no","astra-page-url":"\/\/websitedemos.net\/agency-06\/websites\/","astra-sites-tag":{"661":"website"},"site-pages-type":"agency-mini","site-pages-page-builder":"brizy","site-pages-category":[],"site-pages-parent-category":{"60":"business"},"required-plugins":[{"slug":"brizy","init":"brizy\/brizy.php","name":"Brizy"}]},"id-23427":{"title":"Support","featured-image-url":"https:\/\/websitedemos.net\/wp-content\/uploads\/2019\/07\/agency-06-support.jpg","thumbnail-image-url":"https:\/\/websitedemos.net\/wp-content\/uploads\/2019\/07\/agency-06-support-600x800.jpg","astra-page-api-url":"https:\/\/websitedemos.net\/agency-06\/wp-json\/wp\/v2\/pages\/687","dynamic-page":"no","astra-page-url":"\/\/websitedemos.net\/agency-06\/support\/","astra-sites-tag":{"765":"support"},"site-pages-type":"agency-mini","site-pages-page-builder":"brizy","site-pages-category":[],"site-pages-parent-category":{"60":"business"},"required-plugins":[{"slug":"brizy","init":"brizy\/brizy.php","name":"Brizy"}]},"id-23426":{"title":"Pricing","featured-image-url":"https:\/\/websitedemos.net\/wp-content\/uploads\/2019\/07\/agency-06-pricing.jpg","thumbnail-image-url":"https:\/\/websitedemos.net\/wp-content\/uploads\/2019\/07\/agency-06-pricing-600x800.jpg","astra-page-api-url":"https:\/\/websitedemos.net\/agency-06\/wp-json\/wp\/v2\/pages\/702","dynamic-page":"no","astra-page-url":"\/\/websitedemos.net\/agency-06\/pricing\/","astra-sites-tag":{"585":"pricing"},"site-pages-type":"agency-mini","site-pages-page-builder":"brizy","site-pages-category":[],"site-pages-parent-category":{"60":"business"},"required-plugins":[{"slug":"brizy","init":"brizy\/brizy.php","name":"Brizy"}]},"id-23424":{"title":"Contact","featured-image-url":"https:\/\/websitedemos.net\/wp-content\/uploads\/2019\/07\/agency-06-contact.jpg","thumbnail-image-url":"https:\/\/websitedemos.net\/wp-content\/uploads\/2019\/07\/agency-06-contact-600x800.jpg","astra-page-api-url":"https:\/\/websitedemos.net\/agency-06\/wp-json\/wp\/v2\/pages\/707","dynamic-page":"no","astra-page-url":"\/\/websitedemos.net\/agency-06\/contact\/","astra-sites-tag":{"415":"contact"},"site-pages-type":"agency-mini","site-pages-page-builder":"brizy","site-pages-category":[],"site-pages-parent-category":{"60":"business"},"required-plugins":[{"slug":"brizy","init":"brizy\/brizy.php","name":"Brizy"}]}}},"id-45817":{"title":"Financial Advisors","featured-image-url":"https:\/\/websitedemos.net\/wp-content\/uploads\/2020\/03\/financial-accounting-04-home-1.jpg","thumbnail-image-url":"https:\/\/websitedemos.net\/wp-content\/uploads\/2020\/03\/financial-accounting-04-home-1-600x800.jpg","fullpage-thumbnail-image-url":"https:\/\/websitedemos.net\/wp-content\/uploads\/2020\/03\/financial-accounting-04-home-1-400x1525.jpg","astra-site-url":"\/\/websitedemos.net\/financial-accounting-04","astra-site-parent-id":1485,"astra-sites-tag":{"447":"accountant","448":"accounting","581":"advice","449":"chartered-accountant","446":"finance","582":"financial-investment","775":"investment-banking"},"astra-sites-type":"agency-mini","astra-site-page-builder":"elementor","astra-site-category":{"27":"business"},"required-plugins":[{"slug":"elementor","init":"elementor\/elementor.php","name":"Elementor"},{"slug":"ultimate-elementor","init":"ultimate-elementor\/ultimate-elementor.php","name":"Ultimate Addons for Elementor"}],"pages":{"id-45820":{"title":"Home","featured-image-url":"https:\/\/websitedemos.net\/wp-content\/uploads\/2020\/03\/financial-accounting-04-home-1.jpg","thumbnail-image-url":"https:\/\/websitedemos.net\/wp-content\/uploads\/2020\/03\/financial-accounting-04-home-1-600x800.jpg","astra-page-api-url":"https:\/\/websitedemos.net\/financial-accounting-04\/wp-json\/wp\/v2\/pages\/13","dynamic-page":"no","astra-page-url":"\/\/websitedemos.net\/financial-accounting-04\/","astra-sites-tag":{"423":"home"},"site-pages-type":"agency-mini","site-pages-page-builder":"elementor","site-pages-category":[],"site-pages-parent-category":{"60":"business"},"required-plugins":[{"slug":"elementor","init":"elementor\/elementor.php","name":"Elementor"},{"slug":"ultimate-elementor","init":"ultimate-elementor\/ultimate-elementor.php","name":"Ultimate Addons for Elementor"}]},"id-45822":{"title":"Services","featured-image-url":"https:\/\/websitedemos.net\/wp-content\/uploads\/2020\/03\/financial-accounting-04-services-1.jpg","thumbnail-image-url":"https:\/\/websitedemos.net\/wp-content\/uploads\/2020\/03\/financial-accounting-04-services-1-600x800.jpg","astra-page-api-url":"https:\/\/websitedemos.net\/financial-accounting-04\/wp-json\/wp\/v2\/pages\/15","dynamic-page":"no","astra-page-url":"\/\/websitedemos.net\/financial-accounting-04\/services\/","astra-sites-tag":{"425":"services"},"site-pages-type":"agency-mini","site-pages-page-builder":"elementor","site-pages-category":[],"site-pages-parent-category":{"60":"business"},"required-plugins":[{"slug":"elementor","init":"elementor\/elementor.php","name":"Elementor"},{"slug":"ultimate-elementor","init":"ultimate-elementor\/ultimate-elementor.php","name":"Ultimate Addons for Elementor"}]},"id-45821":{"title":"Industries","featured-image-url":"https:\/\/websitedemos.net\/wp-content\/uploads\/2020\/03\/financial-accounting-04-industries-1.jpg","thumbnail-image-url":"https:\/\/websitedemos.net\/wp-content\/uploads\/2020\/03\/financial-accounting-04-industries-1-600x800.jpg","astra-page-api-url":"https:\/\/websitedemos.net\/financial-accounting-04\/wp-json\/wp\/v2\/pages\/16","dynamic-page":"no","astra-page-url":"\/\/websitedemos.net\/financial-accounting-04\/industries\/","astra-sites-tag":{"493":"industries"},"site-pages-type":"agency-mini","site-pages-page-builder":"elementor","site-pages-category":[],"site-pages-parent-category":{"60":"business"},"required-plugins":[{"slug":"elementor","init":"elementor\/elementor.php","name":"Elementor"},{"slug":"ultimate-elementor","init":"ultimate-elementor\/ultimate-elementor.php","name":"Ultimate Addons for Elementor"}]},"id-45818":{"title":"About Us","featured-image-url":"https:\/\/websitedemos.net\/wp-content\/uploads\/2020\/03\/financial-accounting-04-about.jpg","thumbnail-image-url":"https:\/\/websitedemos.net\/wp-content\/uploads\/2020\/03\/financial-accounting-04-about-600x800.jpg","astra-page-api-url":"https:\/\/websitedemos.net\/financial-accounting-04\/wp-json\/wp\/v2\/pages\/14","dynamic-page":"no","astra-page-url":"\/\/websitedemos.net\/financial-accounting-04\/about-us\/","astra-sites-tag":{"352":"about"},"site-pages-type":"agency-mini","site-pages-page-builder":"elementor","site-pages-category":[],"site-pages-parent-category":{"60":"business"},"required-plugins":[{"slug":"elementor","init":"elementor\/elementor.php","name":"Elementor"},{"slug":"ultimate-elementor","init":"ultimate-elementor\/ultimate-elementor.php","name":"Ultimate Addons for Elementor"}]},"id-45819":{"title":"Contact Us","featured-image-url":"https:\/\/websitedemos.net\/wp-content\/uploads\/2020\/03\/financial-accounting-04-contact.jpg","thumbnail-image-url":"https:\/\/websitedemos.net\/wp-content\/uploads\/2020\/03\/financial-accounting-04-contact-600x800.jpg","astra-page-api-url":"https:\/\/websitedemos.net\/financial-accounting-04\/wp-json\/wp\/v2\/pages\/17","dynamic-page":"no","astra-page-url":"\/\/websitedemos.net\/financial-accounting-04\/contact-us\/","astra-sites-tag":{"415":"contact"},"site-pages-type":"agency-mini","site-pages-page-builder":"elementor","site-pages-category":[],"site-pages-parent-category":{"60":"business"},"required-plugins":[{"slug":"elementor","init":"elementor\/elementor.php","name":"Elementor"},{"slug":"ultimate-elementor","init":"ultimate-elementor\/ultimate-elementor.php","name":"Ultimate Addons for Elementor"}]}}},"id-45836":{"title":"Financial Advisors","featured-image-url":"https:\/\/websitedemos.net\/wp-content\/uploads\/2020\/03\/financial-accounting-03-homepage.jpg","thumbnail-image-url":"https:\/\/websitedemos.net\/wp-content\/uploads\/2020\/03\/financial-accounting-03-homepage-600x800.jpg","fullpage-thumbnail-image-url":"https:\/\/websitedemos.net\/wp-content\/uploads\/2020\/03\/financial-accounting-03-homepage-400x1294.jpg","astra-site-url":"\/\/websitedemos.net\/financial-accounting-03","astra-site-parent-id":1486,"astra-sites-tag":{"447":"accountant","448":"accounting","581":"advice","449":"chartered-accountant","446":"finance","582":"financial-investment","775":"investment-banking"},"astra-sites-type":"agency-mini","astra-site-page-builder":"beaver-builder","astra-site-category":{"27":"business"},"required-plugins":[{"slug":"astra-addon","init":"astra-addon\/astra-addon.php","name":"Astra Pro"},{"slug":"astra-widgets","init":"astra-widgets\/astra-widgets.php","name":"Astra Widgets"},{"slug":"beaver-builder-lite-version","init":"beaver-builder-lite-version\/fl-builder.php","name":"Beaver Builder Plugin (Lite Version)"},{"slug":"bb-ultimate-addon","init":"bb-ultimate-addon\/bb-ultimate-addon.php","name":"Ultimate Addons for Beaver Builder"}],"pages":{"id-45839":{"title":"Home","featured-image-url":"https:\/\/websitedemos.net\/wp-content\/uploads\/2020\/03\/financial-accounting-03-homepage.jpg","thumbnail-image-url":"https:\/\/websitedemos.net\/wp-content\/uploads\/2020\/03\/financial-accounting-03-homepage-600x800.jpg","astra-page-api-url":"https:\/\/websitedemos.net\/financial-accounting-03\/wp-json\/wp\/v2\/pages\/13","dynamic-page":"no","astra-page-url":"\/\/websitedemos.net\/financial-accounting-03\/","astra-sites-tag":{"423":"home"},"site-pages-type":"agency-mini","site-pages-page-builder":"beaver-builder","site-pages-category":[],"site-pages-parent-category":{"60":"business"},"required-plugins":[{"slug":"beaver-builder-lite-version","init":"beaver-builder-lite-version\/fl-builder.php","name":"Beaver Builder Plugin (Lite Version)"},{"slug":"bb-ultimate-addon","init":"bb-ultimate-addon\/bb-ultimate-addon.php","name":"Ultimate Addons for Beaver Builder"}]},"id-45841":{"title":"Services","featured-image-url":"https:\/\/websitedemos.net\/wp-content\/uploads\/2020\/03\/financial-accounting-03-services.jpg","thumbnail-image-url":"https:\/\/websitedemos.net\/wp-content\/uploads\/2020\/03\/financial-accounting-03-services-600x800.jpg","astra-page-api-url":"https:\/\/websitedemos.net\/financial-accounting-03\/wp-json\/wp\/v2\/pages\/15","dynamic-page":"no","astra-page-url":"\/\/websitedemos.net\/financial-accounting-03\/services\/","astra-sites-tag":{"425":"services"},"site-pages-type":"agency-mini","site-pages-page-builder":"beaver-builder","site-pages-category":[],"site-pages-parent-category":{"60":"business"},"required-plugins":[{"slug":"beaver-builder-lite-version","init":"beaver-builder-lite-version\/fl-builder.php","name":"Beaver Builder Plugin (Lite Version)"},{"slug":"bb-ultimate-addon","init":"bb-ultimate-addon\/bb-ultimate-addon.php","name":"Ultimate Addons for Beaver Builder"}]},"id-45840":{"title":"Industries","featured-image-url":"https:\/\/websitedemos.net\/wp-content\/uploads\/2020\/03\/financial-accounting-03-industries.jpg","thumbnail-image-url":"https:\/\/websitedemos.net\/wp-content\/uploads\/2020\/03\/financial-accounting-03-industries-600x800.jpg","astra-page-api-url":"https:\/\/websitedemos.net\/financial-accounting-03\/wp-json\/wp\/v2\/pages\/16","dynamic-page":"no","astra-page-url":"\/\/websitedemos.net\/financial-accounting-03\/industries\/","astra-sites-tag":{"493":"industries"},"site-pages-type":"agency-mini","site-pages-page-builder":"beaver-builder","site-pages-category":[],"site-pages-parent-category":{"60":"business"},"required-plugins":[{"slug":"beaver-builder-lite-version","init":"beaver-builder-lite-version\/fl-builder.php","name":"Beaver Builder Plugin (Lite Version)"},{"slug":"bb-ultimate-addon","init":"bb-ultimate-addon\/bb-ultimate-addon.php","name":"Ultimate Addons for Beaver Builder"}]},"id-45837":{"title":"About Us","featured-image-url":"https:\/\/websitedemos.net\/wp-content\/uploads\/2020\/03\/financial-accounting-03-about.jpg","thumbnail-image-url":"https:\/\/websitedemos.net\/wp-content\/uploads\/2020\/03\/financial-accounting-03-about-600x800.jpg","astra-page-api-url":"https:\/\/websitedemos.net\/financial-accounting-03\/wp-json\/wp\/v2\/pages\/14","dynamic-page":"no","astra-page-url":"\/\/websitedemos.net\/financial-accounting-03\/about-us\/","astra-sites-tag":{"352":"about"},"site-pages-type":"agency-mini","site-pages-page-builder":"beaver-builder","site-pages-category":[],"site-pages-parent-category":{"60":"business"},"required-plugins":[{"slug":"beaver-builder-lite-version","init":"beaver-builder-lite-version\/fl-builder.php","name":"Beaver Builder Plugin (Lite Version)"},{"slug":"bb-ultimate-addon","init":"bb-ultimate-addon\/bb-ultimate-addon.php","name":"Ultimate Addons for Beaver Builder"}]},"id-45838":{"title":"Contact Us","featured-image-url":"https:\/\/websitedemos.net\/wp-content\/uploads\/2020\/03\/financial-accounting-03-contact.jpg","thumbnail-image-url":"https:\/\/websitedemos.net\/wp-content\/uploads\/2020\/03\/financial-accounting-03-contact-600x800.jpg","astra-page-api-url":"https:\/\/websitedemos.net\/financial-accounting-03\/wp-json\/wp\/v2\/pages\/17","dynamic-page":"no","astra-page-url":"\/\/websitedemos.net\/financial-accounting-03\/contact-us\/","astra-sites-tag":{"415":"contact"},"site-pages-type":"agency-mini","site-pages-page-builder":"beaver-builder","site-pages-category":[],"site-pages-parent-category":{"60":"business"},"required-plugins":[{"slug":"beaver-builder-lite-version","init":"beaver-builder-lite-version\/fl-builder.php","name":"Beaver Builder Plugin (Lite Version)"},{"slug":"bb-ultimate-addon","init":"bb-ultimate-addon\/bb-ultimate-addon.php","name":"Ultimate Addons for Beaver Builder"}]}}},"id-45806":{"title":"Financial Advisor","featured-image-url":"https:\/\/websitedemos.net\/wp-content\/uploads\/2020\/03\/financial-accounting-06-home-01.jpg","thumbnail-image-url":"https:\/\/websitedemos.net\/wp-content\/uploads\/2020\/03\/financial-accounting-06-home-01-600x800.jpg","fullpage-thumbnail-image-url":"https:\/\/websitedemos.net\/wp-content\/uploads\/2020\/03\/financial-accounting-06-home-01-400x1626.jpg","astra-site-url":"\/\/websitedemos.net\/financial-accounting-06","astra-site-parent-id":1484,"astra-sites-tag":{"447":"accountant","448":"accounting","581":"advice","449":"chartered-accountant","446":"finance","582":"financial-investment","775":"investment-banking"},"astra-sites-type":"agency-mini","astra-site-page-builder":"brizy","astra-site-category":{"27":"business"},"required-plugins":[{"slug":"astra-addon","init":"astra-addon\/astra-addon.php","name":"Astra Pro"},{"slug":"astra-widgets","init":"astra-widgets\/astra-widgets.php","name":"Astra Widgets"},{"slug":"brizy","init":"brizy\/brizy.php","name":"Brizy"}],"pages":{"id-45809":{"title":"Home","featured-image-url":"https:\/\/websitedemos.net\/wp-content\/uploads\/2020\/03\/financial-accounting-06-home-01.jpg","thumbnail-image-url":"https:\/\/websitedemos.net\/wp-content\/uploads\/2020\/03\/financial-accounting-06-home-01-600x800.jpg","astra-page-api-url":"https:\/\/websitedemos.net\/financial-accounting-06\/wp-json\/wp\/v2\/pages\/232","dynamic-page":"no","astra-page-url":"\/\/websitedemos.net\/financial-accounting-06\/","astra-sites-tag":{"423":"home"},"site-pages-type":"agency-mini","site-pages-page-builder":"brizy","site-pages-category":[],"site-pages-parent-category":{"60":"business"},"required-plugins":[{"slug":"brizy","init":"brizy\/brizy.php","name":"Brizy"}]},"id-45811":{"title":"Services","featured-image-url":"https:\/\/websitedemos.net\/wp-content\/uploads\/2020\/03\/financial-accounting-06-services-01.jpg","thumbnail-image-url":"https:\/\/websitedemos.net\/wp-content\/uploads\/2020\/03\/financial-accounting-06-services-01-600x800.jpg","astra-page-api-url":"https:\/\/websitedemos.net\/financial-accounting-06\/wp-json\/wp\/v2\/pages\/291","dynamic-page":"no","astra-page-url":"\/\/websitedemos.net\/financial-accounting-06\/services\/","astra-sites-tag":{"425":"services"},"site-pages-type":"agency-mini","site-pages-page-builder":"brizy","site-pages-category":[],"site-pages-parent-category":{"60":"business"},"required-plugins":[{"slug":"brizy","init":"brizy\/brizy.php","name":"Brizy"}]},"id-45810":{"title":"Industries","featured-image-url":"https:\/\/websitedemos.net\/wp-content\/uploads\/2020\/03\/financial-accounting-06-industries-01.jpg","thumbnail-image-url":"https:\/\/websitedemos.net\/wp-content\/uploads\/2020\/03\/financial-accounting-06-industries-01-600x800.jpg","astra-page-api-url":"https:\/\/websitedemos.net\/financial-accounting-06\/wp-json\/wp\/v2\/pages\/300","dynamic-page":"no","astra-page-url":"\/\/websitedemos.net\/financial-accounting-06\/industries\/","astra-sites-tag":{"493":"industries"},"site-pages-type":"agency-mini","site-pages-page-builder":"brizy","site-pages-category":[],"site-pages-parent-category":{"60":"business"},"required-plugins":[{"slug":"brizy","init":"brizy\/brizy.php","name":"Brizy"}]},"id-45807":{"title":"About Us","featured-image-url":"https:\/\/websitedemos.net\/wp-content\/uploads\/2020\/03\/financial-accounting-06-about-us-01.jpg","thumbnail-image-url":"https:\/\/websitedemos.net\/wp-content\/uploads\/2020\/03\/financial-accounting-06-about-us-01-600x800.jpg","astra-page-api-url":"https:\/\/websitedemos.net\/financial-accounting-06\/wp-json\/wp\/v2\/pages\/310","dynamic-page":"no","astra-page-url":"\/\/websitedemos.net\/financial-accounting-06\/about-us\/","astra-sites-tag":{"352":"about"},"site-pages-type":"agency-mini","site-pages-page-builder":"brizy","site-pages-category":[],"site-pages-parent-category":{"60":"business"},"required-plugins":[{"slug":"brizy","init":"brizy\/brizy.php","name":"Brizy"}]},"id-45808":{"title":"Contact Us","featured-image-url":"https:\/\/websitedemos.net\/wp-content\/uploads\/2020\/03\/financial-accounting-06-contact-us-01.jpg","thumbnail-image-url":"https:\/\/websitedemos.net\/wp-content\/uploads\/2020\/03\/financial-accounting-06-contact-us-01-600x800.jpg","astra-page-api-url":"https:\/\/websitedemos.net\/financial-accounting-06\/wp-json\/wp\/v2\/pages\/317","dynamic-page":"no","astra-page-url":"\/\/websitedemos.net\/financial-accounting-06\/contact-us\/","astra-sites-tag":{"415":"contact"},"site-pages-type":"agency-mini","site-pages-page-builder":"brizy","site-pages-category":[],"site-pages-parent-category":{"60":"business"},"required-plugins":[{"slug":"brizy","init":"brizy\/brizy.php","name":"Brizy"}]}}}}