{"825":{"id":825,"name":"About","slug":"about"},"832":{"id":832,"name":"Call To Action","slug":"call-to-action"},"1091":{"id":1091,"name":"Clients","slug":"clients"},"1416":{"id":1416,"name":"Contact","slug":"contact"},"1954":{"id":1954,"name":"Contact Form","slug":"contact-form"},"1001":{"id":1001,"name":"FAQ","slug":"faq"},"919":{"id":919,"name":"Features","slug":"features"},"1948":{"id":1948,"name":"Image and Text","slug":"image-and-text"},"1950":{"id":1950,"name":"Location And Hours","slug":"location-and-hours"},"1951":{"id":1951,"name":"Main Banner","slug":"main-banner"},"952":{"id":952,"name":"Services","slug":"services"},"1096":{"id":1096,"name":"Statistics","slug":"statistics"},"1953":{"id":1953,"name":"Subscribe Form","slug":"subscribe-form"},"829":{"id":829,"name":"Team","slug":"team"},"830":{"id":830,"name":"Testimonial","slug":"testimonial"},"1946":{"id":1946,"name":"Text","slug":"text"}}