{ "last_tab": "1", "theme_color": "#41a6df", "sec_theme_color": "#363F48", "lp_register_password": "0", "lp_register_username": "", "lp_showhide_pagetitle": "1", "listing_pricerange_symbol": "$", "css_editor": "#header{\r\nmargin: 0 auto;\r\n}\r\n", "script_editor": "jQuery(document).ready(function(){\r\n\r\n});", "lp_auto_current_locations_switch": "1", "lp_current_ip_type": "ip_api", "dashboard_usr": "1", "resurva_bookings_enable": "1", "timekit_bookings_enable": "1", "my_listings": "1", "saved_listing": "1", "invoices_dashboard": "1", "dashboard_packages": "1", "ad_compaigns": "1", "review_dashoard": "1", "booking_dashoard": "1", "menu_dashoard": "1", "menu_gallery_dashoard": "", "img_menu_dashoard": "", "announcements_dashoard": "1", "events_dashoard": "1", "discounts_dashoard": "1", "my_profile": "1", "log_outt": "1", "pub_pend_notice": "1", "campgn_notice": "1", "inbox_msg_del": "", "typography-body": { "font-family": "Quicksand", "font-options": "", "google": "1", "font-weight": "400", "font-style": "", "subsets": "latin", "font-size": "", "line-height": "", "color": "#7f7f7f" }, "nav_typo": { "font-family": "Quicksand", "font-options": "", "google": "1", "font-weight": "", "font-style": "", "subsets": "latin", "font-size": "" }, "h1_typo": { "font-family": "Quicksand", "font-options": "", "google": "1", "font-weight": "", "font-style": "", "subsets": "latin", "font-size": "", "line-height": "", "color": "#333" }, "h2_typo": { "font-family": "Quicksand", "font-options": "", "google": "1", "font-weight": "", "font-style": "", "subsets": "latin", "font-size": "", "line-height": "", "color": "#333" }, "h3_typo": { "font-family": "Quicksand", "font-options": "", "google": "1", "font-weight": "", "font-style": "", "subsets": "latin", "font-size": "", "line-height": "", "color": "#333" }, "h4_typo": { "font-family": "Quicksand", "font-options": "", "google": "1", "font-weight": "", "font-style": "", "subsets": "latin", "font-size": "", "line-height": "", "color": "#333" }, "h5_typo": { "font-family": "Quicksand", "font-options": "", "google": "1", "font-weight": "", "font-style": "", "subsets": "latin", "font-size": "", "line-height": "", "color": "#333" }, "h6_typo": { "font-family": "Quicksand", "font-options": "", "google": "1", "font-weight": "", "font-style": "", "subsets": "latin", "font-size": "16px", "line-height": "27px", "color": "#333" }, "paragraph_typo": { "font-family": "Open Sans", "font-options": "", "google": "1", "font-weight": "", "font-style": "", "subsets": "", "font-size": "", "line-height": "", "color": "#7f7f7f" }, "header_views": "header_without_topbar", "top_bar_enable": "1", "top_bar_bgcolor": "#363F48", "top_bar_enable_new": "1", "top_bar_bg_inner": "#ffffff", "top_bar_color_inner": "#797979", "top_bar_opacity": "0.5", "fb_h": "#", "tw_h": "#", "gog_h": "#", "insta_h": "#", "tumb_h": "#", "f-yout_h": "#", "f-linked_h": "#", "f-pintereset_h": "#", "f-vk_h": "#", "header_bgcolor": "transparent", "header_bgcolor_inner_pages": "#42a7df", "header_textcolor": "#FFFFFF", "header_cats_partypro": "1", "header_fullwidth": "1", "search_switcher": "1", "primary_logo": { "url": "https:\/\/classic.listingprowp.com\/wp-content\/uploads\/2017\/01\/listingpro-logo.png", "id": "12455", "height": "41", "width": "200", "thumbnail": "https:\/\/classic.listingprowp.com\/wp-content\/uploads\/2017\/01\/listingpro-logo-150x41.png" }, "seconday_logo": { "url": "https:\/\/classic.listingprowp.com\/wp-content\/uploads\/2017\/01\/listingpro-logo.png", "id": "12455", "height": "41", "width": "200", "thumbnail": "https:\/\/classic.listingprowp.com\/wp-content\/uploads\/2017\/01\/listingpro-logo-150x41.png" }, "theme_favicon": { "url": "http:\/\/studio.listingprowp.com\/wp-content\/themes\/listingpro\/assets\/images\/favicon.png", "id": "", "height": "", "width": "", "thumbnail": "" }, "page_header": { "url": "https:\/\/classic.listingprowp.com\/wp-content\/uploads\/2017\/01\/header-banner.jpg", "id": "7512", "height": "355", "width": "2104", "thumbnail": "https:\/\/classic.listingprowp.com\/wp-content\/uploads\/2017\/01\/header-banner-150x150.jpg" }, "top_banner_styles": "banner_view", "search_different_styles": "search_view", "search_different_styles_banner_search_overlap": "search_view", "search_different_styles_banner_search_inside": "search_view", "search_different_styles_banner_category_inside": "search_view", "categories_different_styles": "category_view", "categories_different_styles_search_overlap": "category_view", "categories_different_styles_category_inside": "category_view", "categories_different_styles_search_inside": "category_view", "categories_color": "#41a6df", "categories_hover_color": "#363f48", "categories_text_color": "#ffffff", "banner_height_search_bottom": "370", "banner_height": "610", "banner_opacity": "0.6", "lp_video_banner_on": "static_image", "home_banner": { "url": "https:\/\/classic.listingprowp.com\/wp-content\/uploads\/2017\/01\/home-banner.jpg", "id": "2112", "height": "680", "width": "1920", "thumbnail": "https:\/\/classic.listingprowp.com\/wp-content\/uploads\/2017\/01\/home-banner-150x150.jpg" }, "video_banner_img": { "url": "http:\/\/studio.listingprowp.com\/wp-content\/themes\/listingpro\/assets\/images\/dashboard-img.jpg", "id": "", "height": "", "width": "", "thumbnail": "" }, "vedio_type": "video_mp4", "vedio_url": "", "vedio_url_yt": "", "video_search_layout": "align_center", "courtesy_switcher": "1", "courtesy_listing": "866", "home_banner_taxonomy": "tax_cats", "home_banner_cats": ["14", "12", "16", "37", "40"], "search_views": "light", "search_alignment": "align_middle", "search_layout": "boxed", "cat_txt": "Just looking around? Let us suggest you something hot & happening! ", "map_height": "550", "search_placeholder": "Ex: food, service, barber, hotel", "location_default_text": "Your City...", "top_title": "Let's uncover the best places to eat, drink, and shop nearest to you.", "top_main_title": "Explore <span class=\"lp-dyn-city\">Your City<\/span>", "main_text": "Just looking around? Let us suggest you something hot & happening! ", "arrow_image": "1", "banner_logo_search2": { "url": "https:\/\/classic.listingprowp.com\/wp-content\/themes\/listingpro\/assets\/images\/lp-logo1.png", "id": "", "height": "", "width": "", "thumbnail": "" }, "map_listing_by": "geolocaion", "lp_listing_cat_on_map": "", "google_map_api": "AIzaSyDQt64oivgdLy88A3j6-_Yl-4wP1Y1dz8s", "map_option": "openstreet", "mapbox_token": "", "map_style": "mapbox.streets-basic", "blog_view": "grid_view", "blog_grid_view": "grid_view_style1", "blog_template": "right_sidebar", "blog_single_template": "right_sidebar", "blog_sidebar_style": "sidebar_style2", "single_listing_mobile_view": "app_view", "app_view_home": "", "lp_default_map_location_lat": "0", "lp_default_map_location_long": "-0", "lp_archivepage_listingorderby": "date", "lp_archivepage_listingorder": "DESC", "lp_allow_vistor_submit": "", "timing_option": "12", "contact_support": "#", "lp_listing_change_plan_option": "enable", "listing_per_page": "10", "lp_def_featured_image": { "url": "https:\/\/classic.listingprowp.com\/wp-content\/themes\/listingpro\/assets\/images\/default\/placeholder.png", "id": "", "height": "", "width": "", "thumbnail": "" }, "lp_def_featured_image_from_gallery": "disable", "lp_map_pin": { "url": "http:\/\/studio.listingprowp.com\/wp-content\/themes\/listingpro\/assets\/images\/pins\/pin.png", "id": "", "height": "", "width": "", "thumbnail": "" }, "lp_detail_slider_styles": "style2", "slider_height": "354", "edit_listing_pending_switch": "", "lp_icon_for_archive_pages_switch": "disable", "lp_icon_for_archive_search_pages": { "url": "https:\/\/classic.listingprowp.com\/wp-content\/themes\/listingpro\/assets\/images\/pins\/default.png", "id": "", "height": "", "width": "", "thumbnail": "" }, "lp_assignplanexpirybutton": "disable", "lp_plan_after_expire": "", "lp_detail_page_styles": "lp_detail_page_styles1", "lp-detail-page-layout5-content": { "general": { "placebo": "placebo", "lp_content_section": "Details", "lp_announcements_section": "Announcements", "lp_offers_section": "Offers\/Discounts\/Deals", "lp_faqs_section": "FAQs", "lp_services_section": "Services", "lp_reviews_section": "Reviews", "lp_quote_section": "Quote Form" }, "disabled": { "placebo": "placebo", "0": "" } }, "lp-detail-page-layout4-content": { "general": { "placebo": "placebo", "lp_content_section": "Details", "lp_announcements_section": "Announcements", "lp_offers_section": "Offers\/Discounts\/Deals", "lp_additional_section": "Additional Details", "lp_features_section": "Listing Features", "lp_faqs_section": "FAQs", "lp_reviews_section": "Reviews", "lp_reviewform_section": "Review Form", "lp_menu_section": "Menu" }, "disabled": { "placebo": "placebo", "0": "" } }, "lp-detail-page-layout4-rsidebar": { "sidebar": { "placebo": "placebo", "lp_sidebar_video": "Video", "lp_mapsocial_section": "Map\/Contacts", "lp_event_section": "Event", "lp_timing_section": "Timings", "lp_quicks_section": "Quick Actions", "lp_additional_section": "Additional Details", "lp_offers_section": "Offers\/Discounts\/Deals", "lp_leadform_section": "Leadform", "lp_sidebarelemnts_section": "Detail Page Sidebar Widgets" }, "disabled": { "placebo": "placebo", "0": "" } }, "lp-detail-page-layout3-content": { "general": { "placebo": "placebo", "lp_content_section": "Details", "lp_announcements_section": "Announcements", "lp_offers_section": "Offers\/Discounts\/Deals", "lp_additional_section": "Additional Details", "lp_features_section": "Listing Features", "lp_faqs_section": "FAQs", "lp_reviews_section": "Reviews", "lp_reviewform_section": "Review Form", "lp_menu_section": "Menu" }, "disabled": { "placebo": "placebo", "0": "" } }, "lp-detail-page-layout3-rsidebar": { "sidebar": { "placebo": "placebo", "lp_mapsocial_section": "Map\/Contacts", "lp_event_section": "Event", "lp_timing_section": "Timings", "lp_quicks_section": "Quick Actions", "lp_additional_section": "Additional Details", "lp_offers_section": "Offers\/Discounts\/Deals", "lp_leadform_section": "Leadform", "lp_sidebarelemnts_section": "Detail Page Sidebar Widgets" }, "disabled": { "placebo": "placebo", "0": "" } }, "lp_detail_page_styles4_bg": { "url": "https:\/\/classic.listingprowp.com\/wp-content\/themes\/listingpro\/assets\/images\/home-banner.jpg", "id": "", "height": "", "width": "", "thumbnail": "" }, "lp-detail-page-layout-content": { "general": { "placebo": "placebo", "lp_video_section": "Youtube Video", "lp_content_section": "Details", "lp_openFields_section": "Listing Global Form Fields", "lp_features_section": "Listing Features", "lp_additional_section": "Additional Details", "lp_faqs_section": "FAQs", "lp_reviews_section": "Reviews", "lp_reviewform_section": "Review Form" }, "disabled": { "placebo": "placebo", "0": "", "lp_announcements_section": "Announcements", "lp_offers_section": "Offers\/Discounts\/Deals", "lp_menu_section": "Menu" } }, "lp-detail-page-layout-rsidebar": { "sidebar": { "placebo": "placebo", "lp_timing_section": "Timings", "lp_mapsocial_section": "Map\/Contacts", "lp_quicks_section": "Quick Actions", "lp_leadform_section": "Leadform", "lp_additional_section": "Additional Details", "lp_sidebarelemnts_section": "Detail Page Sidebar Widgets" }, "disabled": { "placebo": "placebo", "0": "", "lp_event_section": "Event", "lp_offers_section": "Offers\/Discounts\/Deals" } }, "lp-detail-page-layout2-content": { "general": { "placebo": "placebo", "lp_content_section": "Details", "lp_video_section": "Youtube Video", "lp_faqs_section": "FAQs", "lp_reviews_section": "Reviews", "lp_contacts_section": "Contact info" }, "disabled": { "placebo": "placebo", "0": "", "lp_announcements_section": "Announcements", "lp_offers_section": "Offers\/Discounts\/Deals", "lp_menu_section": "Menu" } }, "lp-detail-page-layout2-rsidebar": { "sidebar": { "placebo": "placebo", "lp_timing_section": "Timings", "lp_mapsocial_section": "Map\/Contacts", "lp_quicks_section": "Quick Actions", "lp_additional_section": "Additional Details", "lp_sidebarelemnts_section": "Detail Page Sidebar Widgets" }, "disabled": { "placebo": "placebo", "0": "", "lp_event_section": "Event", "lp_offers_section": "Offers\/Discounts\/Deals" } }, "lp_detail_page_additional_styles": "right", "lp_detail_page_video_display": "on", "lp_detail_page_report_button": "on", "discount_deals_offers_design": "1", "discount_deals_offers_design_sidebar": "3", "listing_style": "3", "lp_archive_bg": { "url": "", "id": "", "height": "", "width": "", "thumbnail": "" }, "lp_listing_sub_cats": "show", "lp_listing_sub_cats_lcation": "content", "c_ad": { "url": "http:\/\/studio.listingprowp.com\/wp-content\/themes\/listingpro\/assets\/images\/boximage2.jpg", "id": "", "height": "", "width": "", "thumbnail": "" }, "listing_views": "grid_view", "lp_children_in_tax": "yes", "listing_submit_page_style": "style1", "lp_listing_listing_by_google": "no", "lp_listing_images_count_switch": "no", "lp_listing_images_counter": "5", "lp_listing_images_size_switch": "no", "lp_listing_images_sizes": "5", "submit_ad_img_switch": "1", "submit_ad_img": { "url": "https:\/\/classic.listingprowp.com\/wp-content\/uploads\/2017\/01\/submt.png", "id": "7509", "height": "327", "width": "344", "thumbnail": "https:\/\/classic.listingprowp.com\/wp-content\/uploads\/2017\/01\/submt-150x150.png" }, "submit_ad_img1_switch": "1", "submit_ad_img1": { "url": "https:\/\/classic.listingprowp.com\/wp-content\/uploads\/2017\/01\/sbmt.png", "id": "7508", "height": "345", "width": "434", "thumbnail": "https:\/\/classic.listingprowp.com\/wp-content\/uploads\/2017\/01\/sbmt-150x150.png" }, "submit_ad_img2_switch": "1", "submit_ad_img2": { "url": "https:\/\/classic.listingprowp.com\/wp-content\/uploads\/2017\/01\/sbmt1.png", "id": "7510", "height": "345", "width": "354", "thumbnail": "https:\/\/classic.listingprowp.com\/wp-content\/uploads\/2017\/01\/sbmt1-150x150.png" }, "submit_ad_img3_switch": "1", "submit_ad_img3": { "url": "https:\/\/classic.listingprowp.com\/wp-content\/uploads\/2017\/01\/sbmt2.png", "id": "7511", "height": "327", "width": "352", "thumbnail": "https:\/\/classic.listingprowp.com\/wp-content\/uploads\/2017\/01\/sbmt2-150x150.png" }, "business_logo_switch": "1", "business_logo_default": { "url": "https:\/\/classic.listingprowp.com\/wp-content\/themes\/listingpro\/assets\/images\/claim1.png", "id": "", "height": "", "width": "", "thumbnail": "" }, "submit_ad_img_title": { "url": "", "id": "", "height": "", "width": "", "thumbnail": "" }, "submit_ad_img_faddress": { "url": "", "id": "", "height": "", "width": "", "thumbnail": "" }, "submit_ad_img_city": { "url": "", "id": "", "height": "", "width": "", "thumbnail": "" }, "submit_ad_img_phone": { "url": "", "id": "", "height": "", "width": "", "thumbnail": "" }, "submit_ad_img_website": { "url": "", "id": "", "height": "", "width": "", "thumbnail": "" }, "submit_ad_img_categories": { "url": "", "id": "", "height": "", "width": "", "thumbnail": "" }, "submit_ad_img_pricerange": { "url": "", "id": "", "height": "", "width": "", "thumbnail": "" }, "submit_ad_img_busincesshours": { "url": "", "id": "", "height": "", "width": "", "thumbnail": "" }, "submit_ad_img_socialmedia": { "url": "", "id": "", "height": "", "width": "", "thumbnail": "" }, "submit_ad_img_faq": { "url": "", "id": "", "height": "", "width": "", "thumbnail": "" }, "submit_ad_img_desc": { "url": "", "id": "", "height": "", "width": "", "thumbnail": "" }, "submit_ad_img_video": { "url": "", "id": "", "height": "", "width": "", "thumbnail": "" }, "submit_ad_img_gallery": { "url": "", "id": "", "height": "", "width": "", "thumbnail": "" }, "quick_tip_switch": "1", "quick_tip_title": "Quick Tip", "quick_tip_text": "Add information about your business below. Your business page will not appear in search results until this information has been verified and approved by our moderators. Once it is approved, you will receive an email with instructions on how to claim your business page.", "listing_title_text": "Listing Title", "listing_city_text": "City", "lp_listing_location_mode": "single", "lp_showhide_address": "1", "listing_gadd_text": "Full Address (Geolocation)", "listing_custom_cordn": "Add Custom Address", "phone_switch": "1", "lp_detail_page_whatsapp_button": "off", "lp_whatsapp_label": "Whatsapp", "listing_ph_text": "Phone", "web_switch": "1", "listing_web_text": "Website", "oph_switch": "1", "listing_oph_text": "Add Business Hours", "lp_hours_slot2": "disable", "listing_cat_text": "Category", "lp_listing_category_mode": "single", "listing_features_text": "Select your listing features", "currency_switch": "1", "listing_curr_text": "Price Range", "digit_price_switch": "1", "listing_digit_text": "Price From", "price_switch": "1", "listing_price_text": "Price To", "listing_desc_text": "Description", "faq_switch": "1", "listing_faq_text": "FAQ", "listing_faq_tabs_text": "FAQ", "listin_social_switch": "1", "tw_switch": "1", "fb_switch": "1", "lnk_switch": "1", "google_switch": "1", "yt_switch": "1", "insta_switch": "1", "tags_switch": "1", "listing_tags_text": "Tags or keywords (Comma seprated)", "vdo_switch": "1", "listing_vdo_text": "Your Business video", "file_switch": "1", "lp_featured_file_switch": "", "location_switch": "1", "listing_username_text": "Enter User Name ", "listing_email_text": "Enter email to signup & recieve notification upon listing approval", "listing_btn_text": "Save & Preview", "listing_edit_btn_text": "Update & Preview", "lp_listing_locations_options": "auto_loc", "lp_listing_locations_range": "", "lp_listing_locations_field_options": "with_region", "lp_review_switch": "1", "lp_review_submit_options": "instant_sign_in", "lp_detail_page_review_report_button": "on", "lp_multirating_switch": "", "lp_multi_ratiing1_switch": "1", "lp_multi_ratiing1_label_switch": "", "lp_multi_ratiing2_switch": "1", "lp_multi_ratiing2_label_switch": "", "lp_multi_ratiing3_switch": "1", "lp_multi_ratiing3_label_switch": "", "lp_multi_ratiing4_switch": "1", "lp_multi_ratiing4_label_switch": "", "lp_listing_reviews_images_count_switch": "no", "lp_listing_reviews_images_counter": "5", "lp_listing_reviews_images_size_switch": "no", "lp_listing_reviews_images_sizes": "5", "lp_lead_form_switch": "1", "lp_lead_form_switch_claim": "", "lp_listing_claim_switch": "1", "lp_listing_claim_image": { "url": "https:\/\/classic.listingprowp.com\/wp-content\/themes\/listingpro\/assets\/images\/claim1.png", "id": "", "height": "", "width": "", "thumbnail": "" }, "listingpro_nearby_dest": "100", "listingpro_nearby_dest_in": "km", "listingpro_nearby_filter": "no", "listingpro_nearby_noposts": "5", "lp-gads-editor": "", "lp-archive-gads-editor": "", "author_banner": { "url": "https:\/\/classic.listingprowp.com\/wp-content\/themes\/listingpro\/assets\/images\/home-banner.jpg", "id": "", "height": "", "width": "", "thumbnail": "" }, "my_listings_author": "1", "my_listing_per_page": "10", "my_listing_views": "grid_view", "about_me": "1", "about_me_social_icons": "1", "about_me_social_icons_fb": "1", "about_me_social_icons_tw": "1", "about_me_social_icons_linkedin": "1", "about_me_social_icons_gp": "1", "about_me_social_icons_inst": "1", "about_me_social_icons_pin": "1", "about_activities": "1", "about_activities_title": "Activities", "photos": "1", "my_photos_per_page": "10", "contact": "1", "author_counters": "1", "counter_listing": "1", "counter_photos": "1", "counter_reviews": "1", "report_btn": "1", "lp_listing_paid_claim_switch": "no", "listingpro_plans_cats": "no", "listingpro_month_year_plans": "no", "enable_search_filter": "1", "enable_price_search_filter": "1", "enable_opentime_search_filter": "1", "enable_high_rated_search_filter": "1", "enable_most_reviewed_search_filter": "1", "enable_most_viewed_search_filter": "1", "enable_best_changed_search_filter": "1", "enable_cats_search_filter": "1", "enable_nearme_search_filter": "1", "disable_location_in_nearme_search_filter": "0", "lp_nearme_filter_param": "km", "enable_readious_search_filter_default": "105", "enable_readious_search_filter_min": "0", "enable_readious_search_filter_max": "1000", "enable_extrafields_filter": "0", "lp_what_field_switcher": "", "lp_what_field_algo": "titlematch", "lp_default_search_by": "title", "lp_location_loc_switcher": "", "search_loc_option": "no", "home_search_loc_switcher": "", "inner_search_loc_switcher": "", "lp_listing_search_locations_type": "auto_loc", "lp_listing_search_locations_range": "", "lp_exclude_listingtitle_switcher": "", "listings_admin_approved": "yes", "enable_paid_submission": "yes", "lp_enable_recurring_payment": "yes", "lp_recurring_notification_before": "2", "per_listing_expire": "30", "currency_paid_submission": "USD", "pricingplan_currency_position": "left", "payment-checkout": "10", "payment_fail": "9", "payment_success": "8", "listingpro_coupons_switch": "no", "listingpro_invoice_start_switch": "no", "listingpro_invoiceno_no_start": "000000001", "enable_paypal": "1", "paypal_api": "sandbox", "paypal_api_username": "pfmmod_1360821006_biz_api1.gmail.com", "paypal_api_password": "PAUH6VDYEB4JADAD", "paypal_api_signature": "AKbQyvcCQm0fCFlFmrEpT9FcmyUdA3QdJHndBlMi8LnCKXEYYmGqFhuu", "paypal_receiving_email": "imranch33ma@gmail.com", "enable_stripe": "1", "stripe_api": "sandbox", "stripe_secrit_key": "sk_test_l80u6oZYppse8cezet98siTn", "stripe_pubishable_key": "pk_test_CWzoQxGab6gCbqVnipQNY3xb", "enable_wireTransfer": "1", "direct_payment_instruction": "<p>Bank Account: 34325464656436 Branch code: 232 Address: hdh,ksdhsd,hdkhsdk<\/p>", "enable_2checkout": "0", "2checkout_api": "sandbox", "2checkout_acount_number": "", "2checkout_pubishable_key": "", "2checkout_private_key": "", "lp_tax_swtich": "1", "lp_tax_label": "Value-Added Tax", "lp_tax_amount": "5", "lp_tax_with_plan_swtich": "1", "listingpro_general_email_address": "test@cridio.com", "listingpro_general_email_from": "ListingPro Demo", "lp_listing_general_switch": "no", "listingpro_subject_new_user_register": "Your username and password on %website_url", "listingpro_new_user_register": "<p>Hi there, Welcome to %website_url! You can login now using the below credentials: Username:%user_login_register Password: %user_pass_register If you have any problems, please contact us. Thank you!<\/p>", "listingpro_subject_admin_new_user_register": "New User Registration", "listingpro_admin_new_user_register": "<p>New user registration on %website_url. Username: %user_login_register, E-mail: %user_email_register<\/p>", "listingpro_subject_new_submit_listing": "Your listing has been submitted", "listingpro_new_submit_listing_content": "<div style=\"width: 100%; background: #f0f1f3; padding: 50px 0px;\"><a style=\"width: 45%; margin: 0 auto; text-align: center; display: block; padding-bottom: 25px; padding-left: 30px; padding-right: 30px;\"><img alt=\"image\" src=\"images\/logo.png\" \/><\/a>\r\n<div style=\"width: 45%; background: #fff; padding: 50px 30px; margin: 0 auto;\">\r\n<p style=\"margin: 0px;\">New Listing has been submitted on <a href=\"%website_url\">%website_name<\/a><\/p>\r\n<h2 style=\"color: #2a6ad4; margin: 0px; font-size: 20px;\">%listing_title<\/h2>\r\n<div style=\"padding: 30px 0px 15px 0px;\">\r\n<h3 style=\"margin: 0px 0px 5px; font-size: 16px;\">Details are Following:<\/h3>\r\n<p style=\"margin: 0px; font-size: 14px;\"><strong style=\"padding-right: 10px;\">Listing Name:<\/strong>%listing_title<\/p>\r\n<p style=\"margin: 0px; font-size: 14px;\"><strong style=\"padding-right: 10px;\">Listing URL:<\/strong>%listing_url<\/p>\r\n<\/div>\r\n<div style=\"padding: 15px 0px 30px 0px;\">\r\n<h3 style=\"margin: 0px 0px 5px; font-size: 16px;\">Other Details:<\/h3>\r\n<p style=\"margin: 0px; font-size: 14px;\"><strong style=\"padding-right: 10px;\">Full Adress:<\/strong>45 B Road NY. USA<\/p>\r\n<\/div>\r\n<\/div>\r\n<\/div>", "listingpro_subject_new_submit_listing_admin": "New listing has been submitted", "listingpro_new_submit_listing_content_admin": "<div style=\"width: 100%; background: #f0f1f3; padding: 50px 0px;\"><a style=\"width: 45%; margin: 0 auto; text-align: center; display: block; padding-bottom: 25px; padding-left: 30px; padding-right: 30px;\"><img alt=\"image\" src=\"images\/logo.png\" \/><\/a>\r\n<div style=\"width: 45%; background: #fff; padding: 50px 30px; margin: 0 auto;\">\r\n<p style=\"margin: 0px;\">New Listing has been submitted on <a href=\"%website_url\">%website_name<\/a><\/p>\r\n<h2 style=\"color: #2a6ad4; margin: 0px; font-size: 20px;\">%listing_title<\/h2>\r\n<div style=\"padding: 30px 0px 15px 0px;\">\r\n<h3 style=\"margin: 0px 0px 5px; font-size: 16px;\">Details are Following:<\/h3>\r\n<p style=\"margin: 0px; font-size: 14px;\"><strong style=\"padding-right: 10px;\">Listing Name:<\/strong>%listing_title<\/p>\r\n<p style=\"margin: 0px; font-size: 14px;\"><strong style=\"padding-right: 10px;\">Listing URL:<\/strong>%listing_url<\/p>\r\n<\/div>\r\n<div style=\"padding: 15px 0px 30px 0px;\">\r\n<h3 style=\"margin: 0px 0px 5px; font-size: 16px;\">Other Details:<\/h3>\r\n<p style=\"margin: 0px; font-size: 14px;\"><strong style=\"padding-right: 10px;\">Full Adress:<\/strong>45 B Road NY. USA<\/p>\r\n<\/div>\r\n<\/div>\r\n<\/div>", "listingpro_subject_purchase_activated": "Your purchase has  activated", "listingpro_content_purchase_activated": "<div style=\"width: 100%; background: #f0f1f3; padding: 50px 0px;\"><a style=\"width: 45%; margin: 0 auto; text-align: center; display: block; padding-bottom: 25px; padding-left: 30px; padding-right: 30px;\"><img alt=\"image\" src=\"images\/logo.png\" \/><\/a>\r\n<div style=\"width: 45%; background: #fff; padding: 50px 30px; margin: 0 auto;\">\r\n<p style=\"margin: 0px;\">Your purchase has been successful on <a href=\"%website_url\">%website_name<\/a><\/p>\r\n<div style=\"padding: 30px 0px 15px 0px;\">\r\n<h3 style=\"margin: 0px 0px 5px; font-size: 16px;\">Details are Following:<\/h3>\r\n<p style=\"margin: 0px; font-size: 14px;\"><strong style=\"padding-right: 10px;\">Plan Name:<\/strong>%plan_title<\/p>\r\n<p style=\"margin: 0px; font-size: 14px;\"><strong style=\"padding-right: 10px;\">Plan Price:<\/strong>%plan_price<\/p>\r\n<p style=\"margin: 0px; font-size: 14px;\"><strong style=\"padding-right: 10px;\">Listing Submitted:<\/strong>%listing_title<\/p>\r\n<p style=\"margin: 0px; font-size: 14px;\"><strong style=\"padding-right: 10px;\">Listing URL:<\/strong>%listing_url<\/p>\r\n<\/div>\r\n<p style=\"margin: 0px; font-size: 14px;\"><strong style=\"padding-right: 10px;\">Payment Method:<\/strong>%payment_method<\/p>\r\n<div style=\"padding: 15px 0px 30px 0px;\">\r\n<h3 style=\"margin: 0px 0px 5px; font-size: 16px;\">Other Details:<\/h3>\r\n<p style=\"margin: 0px; font-size: 14px;\"><strong style=\"padding-right: 10px;\">Full Adress:<\/strong>45 B Road NY. USA<\/p>\r\n<\/div>\r\n<\/div>\r\n<\/div>", "listingpro_subject_purchase_activated_admin": "A purchased has been made", "listingpro_content_purchase_activated_admin": "<div style=\"width: 100%; background: #f0f1f3; padding: 50px 0px;\"><a style=\"width: 45%; margin: 0 auto; text-align: center; display: block; padding-bottom: 25px; padding-left: 30px; padding-right: 30px;\"><img alt=\"image\" src=\"images\/logo.png\" \/><\/a>\r\n<div style=\"width: 45%; background: #fff; padding: 50px 30px; margin: 0 auto;\">\r\n<p style=\"margin: 0px;\">Your purchase has been successful on <a href=\"%website_url\">%website_name<\/a><\/p>\r\n<div style=\"padding: 30px 0px 15px 0px;\">\r\n<h3 style=\"margin: 0px 0px 5px; font-size: 16px;\">Details are Following:<\/h3>\r\n<p style=\"margin: 0px; font-size: 14px;\"><strong style=\"padding-right: 10px;\">Plan Name:<\/strong>%plan_title<\/p>\r\n<p style=\"margin: 0px; font-size: 14px;\"><strong style=\"padding-right: 10px;\">Plan Price:<\/strong>%plan_price<\/p>\r\n<p style=\"margin: 0px; font-size: 14px;\"><strong style=\"padding-right: 10px;\">Listing Submitted:<\/strong>%listing_title<\/p>\r\n<p style=\"margin: 0px; font-size: 14px;\"><strong style=\"padding-right: 10px;\">Listing URL:<\/strong>%listing_url<\/p>\r\n<\/div>\r\n<p style=\"margin: 0px; font-size: 14px;\"><strong style=\"padding-right: 10px;\">Payment Method:<\/strong>%payment_method<\/p>\r\n<div style=\"padding: 15px 0px 30px 0px;\">\r\n<h3 style=\"margin: 0px 0px 5px; font-size: 16px;\">Other Details:<\/h3>\r\n<p style=\"margin: 0px; font-size: 14px;\"><strong style=\"padding-right: 10px;\">Full Adress:<\/strong>45 B Road NY. USA<\/p>\r\n<\/div>\r\n<\/div>\r\n<\/div>", "listingpro_subject_listing_rev_reply": "Review Reply", "listingpro_msg_listing_rev_reply": "<p>&lt;div style=\"width: 100%; background: #f0f1f3; padding: 50px 0px;\"&gt; You have received a reply on your review.&lt;br&gt; Reply : %review_reply_text &lt;\/div&gt;<\/p>", "listingpro_subject_listing_approved": "Your listing approved", "listingpro_listing_approved": "<div style=\"width: 100%; background: #f0f1f3; padding: 50px 0px;\"><a style=\"width: 45%; margin: 0 auto; text-align: center; display: block; padding-bottom: 25px; padding-left: 30px; padding-right: 30px;\"><img alt=\"image\" src=\"images\/logo.png\" \/><\/a>\r\n<div style=\"width: 45%; background: #fff; padding: 50px 30px; margin: 0 auto;\">\r\n<p style=\"margin: 0px;\">New Listing has been submitted on <a href=\"%website_url\">%website_name<\/a><\/p>\r\n<h2 style=\"color: #2a6ad4; margin: 0px; font-size: 20px;\">%listing_title<\/h2>\r\n<div style=\"padding: 30px 0px 15px 0px;\">\r\n<h3 style=\"margin: 0px 0px 5px; font-size: 16px;\">Details are Following:<\/h3>\r\n<p style=\"margin: 0px; font-size: 14px;\"><strong style=\"padding-right: 10px;\">Listing Name:<\/strong>%listing_title<\/p>\r\n<p style=\"margin: 0px; font-size: 14px;\"><strong style=\"padding-right: 10px;\">Listing URL:<\/strong>%listing_url<\/p>\r\n<\/div>\r\n<div style=\"padding: 15px 0px 30px 0px;\">\r\n<h3 style=\"margin: 0px 0px 5px; font-size: 16px;\">Order Details:<\/h3>\r\n<p style=\"margin: 0px; font-size: 14px;\"><strong style=\"padding-right: 10px;\">Full Adress:<\/strong><span style=\"color: #222222; font-family: Consolas, 'Lucida Console', 'Courier New', monospace; font-size: 12px; white-space: pre-wrap;\">45 B Road NY. USA<\/span><\/p>\r\n<\/div>\r\n<\/div>\r\n<\/div>", "listingpro_subject_listing_expired": "Your listing expired", "listingpro_listing_expired": "<div style=\"width: 100%; background: #f0f1f3; padding: 50px 0px;\"><a style=\"width: 45%; margin: 0 auto; text-align: center; display: block; padding-bottom: 25px; padding-left: 30px; padding-right: 30px;\"><img alt=\"image\" src=\"images\/logo.png\" \/><\/a>\r\n<div style=\"width: 45%; background: #fff; padding: 50px 30px; margin: 0 auto;\">\r\n<p style=\"margin: 0px;\">A Listing has expired on <a href=\"%website_url\">%website_name<\/a><\/p>\r\n<h2 style=\"color: #2a6ad4; margin: 0px; font-size: 20px;\">%listing_title<\/h2>\r\n<div style=\"padding: 30px 0px 15px 0px;\">\r\n<h3 style=\"margin: 0px 0px 5px; font-size: 16px;\">Details are Following:<\/h3>\r\n<p style=\"margin: 0px; font-size: 14px;\"><strong style=\"padding-right: 10px;\">Listing Name:<\/strong>%listing_title<\/p>\r\n<p style=\"margin: 0px; font-size: 14px;\"><strong style=\"padding-right: 10px;\">Listing URL:<\/strong>%listing_url<\/p>\r\n<\/div>\r\n<div style=\"padding: 15px 0px 30px 0px;\">\r\n<h3 style=\"margin: 0px 0px 5px; font-size: 16px;\">Order Details:<\/h3>\r\n<p style=\"margin: 0px; font-size: 14px;\"><strong style=\"padding-right: 10px;\">Full Adress:<\/strong><span style=\"color: #222222; font-family: Consolas, 'Lucida Console', 'Courier New', monospace; font-size: 12px; white-space: pre-wrap;\">45 B Road NY. USA<\/span><\/p>\r\n<\/div>\r\n<\/div>\r\n<\/div>", "listingpro_subject_ads_expired": "Your ad campaign has expired", "listingpro_ad_campaign_expired": "<div style=\"width: 100%; background: #f0f1f3; padding: 50px 0px;\"><a style=\"width: 45%; margin: 0 auto; text-align: center; display: block; padding-bottom: 25px; padding-left: 30px; padding-right: 30px;\"><img alt=\"image\" src=\"images\/logo.png\" \/><\/a>\r\n<div style=\"width: 45%; background: #fff; padding: 50px 30px; margin: 0 auto;\">\r\n<p style=\"margin: 0px;\">Ad campagin expired on\u00a0<a href=\"%website_url\">%website_name<\/a><\/p>\r\n<h2 style=\"color: #2a6ad4; margin: 0px; font-size: 20px;\">%listing_title<\/h2>\r\n<div style=\"padding: 30px 0px 15px 0px;\">\r\n<h3 style=\"margin: 0px 0px 5px; font-size: 16px;\">Details are Following:<\/h3>\r\n<p style=\"margin: 0px; font-size: 14px;\"><strong style=\"padding-right: 10px;\">Listing Name:<\/strong>%listing_title<\/p>\r\n<p style=\"margin: 0px; font-size: 14px;\"><strong style=\"padding-right: 10px;\">Listing URL:<\/strong>%listing_url<\/p>\r\n<\/div>\r\n<div style=\"padding: 15px 0px 30px 0px;\">\r\n<h3 style=\"margin: 0px 0px 5px; font-size: 16px;\">Order Details:<\/h3>\r\n<p style=\"margin: 0px; font-size: 14px;\"><strong style=\"padding-right: 10px;\">Full Adress:<\/strong><span style=\"color: #222222; font-family: Consolas, 'Lucida Console', 'Courier New', monospace; font-size: 12px; white-space: pre-wrap;\">45 B Road NY. USA<\/span><\/p>\r\n<\/div>\r\n<\/div>\r\n<\/div>", "listingpro_subject_wire_invoice": "Your wire invoice on %website_url", "listingpro_content_wire_invoice": "<div style=\"width: 100%; background: #f0f1f3; padding: 50px 0px;\"><a style=\"width: 45%; margin: 0 auto; text-align: center; display: block; padding-bottom: 25px; padding-left: 30px; padding-right: 30px;\"><img alt=\"image\" src=\"images\/logo.png\" \/><\/a>\r\n<div style=\"width: 45%; background: #fff; padding: 50px 30px; margin: 0 auto;\">\r\n<p style=\"margin: 0px;\">New \u00a0Listing has Invoice on\u00a0<a href=\"%website_url\">%website_name<\/a><\/p>\r\n<h2 style=\"color: #2a6ad4; margin: 0px; font-size: 20px;\">%listing_title<\/h2>\r\n<div style=\"padding: 30px 0px 15px 0px;\">\r\n<h3 style=\"margin: 0px 0px 5px; font-size: 16px;\">Details are Following:<\/h3>\r\n<p style=\"margin: 0px; font-size: 14px;\"><strong style=\"padding-right: 10px;\">Listing Name:<\/strong>%listing_title<\/p>\r\n<p style=\"margin: 0px; font-size: 14px;\"><strong style=\"padding-right: 10px;\">Listing URL:<\/strong>%listing_url<\/p>\r\n<\/div>\r\n<div style=\"padding: 15px 0px 30px 0px;\">\r\n<h3 style=\"margin: 0px 0px 5px; font-size: 16px;\">Order Details:<\/h3>\r\n<h3 style=\"margin: 0px 0px 5px; font-size: 16px;\"><strong style=\"padding-right: 10px;\"><span style=\"background-color: #ffffff;\">Full Address:<\/span><\/strong><span style=\"color: #222222; font-family: Consolas, 'Lucida Console', 'Courier New', monospace; font-size: 12px; white-space: pre-wrap;\">45 B Road NY. USA<\/span><\/h3>\r\n<\/div>\r\n<\/div>\r\n<\/div>", "listingpro_subject_wire_invoice_admin": "Wire invoice on %website_url", "listingpro_content_wire_invoice_admin": "<div style=\"width: 100%; background: #f0f1f3; padding: 50px 0px;\"><a style=\"width: 45%; margin: 0 auto; text-align: center; display: block; padding-bottom: 25px; padding-left: 30px; padding-right: 30px;\"><img alt=\"image\" src=\"images\/logo.png\" \/><\/a>\r\n<div style=\"width: 45%; background: #fff; padding: 50px 30px; margin: 0 auto;\">\r\n<p style=\"margin: 0px;\">New \u00a0Wire inovice received on\u00a0<a href=\"%website_url\">%website_name<\/a><\/p>\r\n<h2 style=\"color: #2a6ad4; margin: 0px; font-size: 20px;\">%listing_title<\/h2>\r\n<div style=\"padding: 30px 0px 15px 0px;\">\r\n<h3 style=\"margin: 0px 0px 5px; font-size: 16px;\">Details are Following:<\/h3>\r\n<p style=\"margin: 0px; font-size: 14px;\"><strong style=\"padding-right: 10px;\">Listing Name:<\/strong>%listing_title<\/p>\r\n<p style=\"margin: 0px; font-size: 14px;\"><strong style=\"padding-right: 10px;\">Listing URL:<\/strong>%listing_url<\/p>\r\n<\/div>\r\n<div style=\"padding: 15px 0px 30px 0px;\">\r\n<h3 style=\"margin: 0px 0px 5px; font-size: 16px;\">Order Details:<\/h3>\r\n<p style=\"margin: 0px; font-size: 14px;\"><strong style=\"padding-right: 10px;\">Full Adress:<\/strong><span style=\"color: #222222; font-family: Consolas, 'Lucida Console', 'Courier New', monospace; font-size: 12px; white-space: pre-wrap;\">45 B Road NY. USA<\/span><\/p>\r\n<\/div>\r\n<\/div>\r\n<\/div>", "listingpro_subject_listing_claimer": "Your claim has submitted", "listingpro_content_listing_claimer": "<p>Your Claim on listing &lt;a href=\"%listing_url\"&gt;%listing_title&lt;\/a&gt; has been submitted<\/p>", "listingpro_subject_listing_author": "A claim has been submitted on your listing", "listingpro_content_listing_author": "<p>Hi, A claim has been submitted on your listing &lt;a href=\"%listing_url\"&gt;%listing_title&lt;\/a&gt;. Please contact admin for further details<\/p>", "listingpro_subject_listing_claim_admin": "New Claim has been submitted", "listingpro_content_listing_claim_admin": "<p>You have received a new claim on a listing &lt;a href=\"%listing_url\"&gt;%listing_title&lt;\/a&gt; Please login on dashboard for more details<\/p>", "listingpro_subject_listing_claim_approve": "Your claim has approved", "listingpro_content_listing_claim_approve": "<p>Your Claim on listing &lt;a href=\"%listing_url\"&gt;%listing_title&lt;\/a&gt; has been approved<\/p>", "listingpro_subject_listing_claim_approve_old_owner": "Listing Claim notice", "listingpro_content_listing_claim_approve_old_owner": "<p>Claim against your listing has been has been approved.Details are : &lt;a href=\"%listing_url\"&gt;%listing_title&lt;\/a&gt;<\/p>", "listingpro_subject_campaign_activate": "Ad Campaign Activated", "listingpro_content_campaign_activate": "<p>%author_name just activated an ad campaign for a listing &lt;a href=\"%listing_url\"&gt;%listing_title&lt;\/a&gt; with packages %campaign_packages<\/p>", "listingpro_subject_campaign_activate_author": "Ad Campaign Activated", "listingpro_content_campaign_activate_author": "<p>You have activated a campaign on a listing &lt;a href=\"%listing_url\"&gt;%listing_title&lt;\/a&gt; With packages %campaign_packages<\/p>", "listingpro_subject_recurring_payment": "Recurring Payment Reminder", "listingpro_content_recurring_payment": "<p>A Payment will be deduct from your card after %notifybefore day\/days. Details are: Listing: %listing_title, Plan: %plan_title, Price: %plan_price, Duration: %plan_duration day\/days<\/p>", "listingpro_subject_recurring_payment_admin": "Recurring Payment is due", "listingpro_content_recurring_payment_admin": "<p>A Payment is due by a user after %notifybefore day\/days. Details are: Listing: %listing_title, Plan: %plan_title, Price: %plan_price, Duration: %plan_duration day\/days<\/p>", "listingpro_subject_cancel_subscription": "Cancel Subscription Notification", "listingpro_content_cancel_subscription": "<p>Your subscription has been canceled successfully<\/p>", "listingpro_subject_cancel_subscription_admin": "Subscription cancel notification", "listingpro_content_cancel_subscription_admin": "<p>A subscription has been cancelled.<\/p>", "listingpro_subject_lead_form": "Somone contacted for a listing", "listingpro_content_lead_form": "<p>Someone has contacted you for the listing \"%listing_title\". Details are following Name: %sender_name Email: %sender_email Phone:%sender_phone Message: %sender_message<\/p>", "listingpro_subject_review_author": "Review Submit Email", "listingpro_content_review_author": "<p>Someone has reviewed on the listing \"%listing_title\" which is yours. Details are following&lt;br&gt;Reviewer: %reviewer_email&lt;br&gt;Review: %reviewtext&lt;br&gt;Listing:%listing_title&lt;br&gt;URL: %listing_url<\/p>", "listingpro_subject_reviewer": "Review Submit Email", "listingpro_content_reviewer": "<p>You have reviewed on the listing \"%listing_title\". Details are following&lt;br&gt;Listing:%listing_title&lt;br&gt;URL: %listing_url<\/p>", "payment_terms_condition": "", "listingpro_privacy_register": "yes", "listingpro_privacy_listing": "yes", "listingpro_privacy_review": "no", "listingpro_privacy_leadform": "no", "listingpro_privacy_claimform": "no", "listingpro_privacy_contactform": "no", "invoice_logo": { "url": "http:\/\/studio.listingprowp.com\/wp-content\/themes\/listingpro\/assets\/images\/logo.png", "id": "", "height": "", "width": "", "thumbnail": "" }, "invoice_company_name": "Company Name", "invoice_address": "<p>1161 Washingtown Avenue 299<br \/>Miami Beach 33141 FL<\/p>", "invoice_phone": "(987)654 3210", "invoice_additional_info": "My name is imran\u00a0 typically a scrambled section of De finibus bonorum et malorum, a 1st-century BC Latin text by Cicero, with words altered, added, and removed to make it nonsensical, improper Latin.[citation needed]", "invoice_thankyou": "Thank you for your business with us.", "listingpro_ads_campaign_style": "adsperduration", "lp_pro_img_new": { "url": "https:\/\/classic.listingprowp.com\/wp-content\/themes\/listingpro\/assets\/images\/time1.png", "id": "", "height": "", "width": "", "thumbnail": "" }, "lp_pro_title_new": "Create your Ad Campaign in 3 Simple Steps", "lp_pro_text_list1": "<h5>Daily Updates<\/h5><p>It wont be a bigger problem to find one<\/p>", "lp_pro_text_list2": "<h5>Game First Conceptualized<\/h5><p>During the formulative years, video games we<\/p>", "lp_pro_text_list3": "<h5>Tube Amusement Device<\/h5><p>It wont be a bigger problem to find one<\/p>", "lp_random_ads_switch": "1", "lp_random_ads": "10", "lp_random_ads_pc": "10", "lp_detail_page_ads_switch": "1", "lp_detail_page_ads": "20", "lp_detail_page_ads_pc": "20", "lp_top_in_search_page_ads_switch": "1", "lp_top_in_search_page_ads": "50", "lp_top_in_search_page_ads_pc": "50", "listings_ads_durations": "1", "lp_recaptcha_switch": "0", "lp_recaptcha_site_key": "", "lp_recaptcha_secret_key": "", "lp_recaptcha_registration": "0", "lp_recaptcha_login": "0", "lp_recaptcha_listing_submission": "0", "lp_recaptcha_listing_edit": "0", "lp_recaptcha_lead": "0", "lp_recaptcha_reviews": "0", "lp_recaptcha_contact": "0", "listing_slug": "listing", "listing_cat_slug": "listing-category", "listing_loc_slug": "location", "listing_features_slug": "features", "events_slug": "events", "listing-author": "", "submit-listing": "", "edit-listing": "", "pricing-plan": "", "cp-show-contact-details": "1", "Address": "Address", "cp-address": "45 B Road NY. USA", "cp-number": "+008 1234 6789", "cp-email": "xyz@example.com", "cp-social-links": "1", "fb_co": "", "tw_co": "", "gog_co": "", "insta_co": "", "tumb_co": "", "f_yout_co": "", "f_linked_co": "", "f_pintereset_co": "", "f_vk_co": "", "form-title": "Contact us", "cp-success-message": "Your message was sent successfully! I will be in touch as soon as I can.", "cp-failed-message": "Something went wrong, try refreshing and submitting the form again.", "contact_page_map_switch": "1", "cp-lat": "40.7531082", "cp-lan": "-73.9314083", "footer_style": "footer1", "footer_layout": "3-3-3-3", "footer_top_bgcolor": "#363f48", "footer_bgcolor": "#45505b", "footer_top_color_switch": "", "footer_top_text_color": "#ffffff", "footer_bottom_color_switch": "", "footer_bottom_text_color": "#45505b", "fb": "#", "tw": "#", "gog": "#", "insta": "#", "tumb": "#", "f-yout": "#", "f-linked": "", "f-pintereset": "", "f-vk": "", "copy_right": "Copyright \u00a9 2017 Listingpro", "footer_logo": { "url": "https:\/\/classic.listingprowp.com\/wp-content\/themes\/listingpro\/assets\/images\/logo2.png", "id": "", "height": "", "width": "", "thumbnail": "" }, "footer_address": "45 B Road NY. USA", "phone_number": "007-123-456", "author_info": "Proudly Listingpro by <a href=\"http:\/\/www.cridio.com\/\" target=\"_blank\">Cridio Studio<\/a>", "about_heading": "About Us", "about_description": "Lorem ipsum dolor sit amet, consectetur adipiscing elit. Nullam eleifend urna eu sem commodo euismod. Nam nec mauris et magna scelerisque vulputate id a lorem. In neque erat, interdum sed neque in, gravida scelerisque tellus", "footer_contact_us": "Contact Us", "footer_contact_us_url": "Enter Page Url", "default_search_cats": "", "home_banner_locs": "", "home_banner_feats": "", "redux-backup": "1" }