{"lawyer":{"last_tab":"main","mts_logo":"2598","mts_favicon":"","mts_touch_icon":"","mts_metro_icon":"","mts_twitter_username":"","mts_feedburner":"","mts_ajax_search":"0","mts_responsive":"1","mts_shop_products":"9","async_js":"1","remove_ver_params":"1","disable_emojis":"0","prefetching":"0","primary_color_scheme":"#cfa755","mts_layout":"cslayout","mts_background":{"color":"#ffffff","use":"pattern","image_pattern":"nobg","image_upload":"","repeat":"repeat","attachment":"scroll","position":"left top","size":"cover","gradient":{"from":"#ffffff","to":"#000000","direction":"0deg"},"parallax":"0"},"mts_lightbox":"0","header_styles":"header-default","contact_info":[{"group_title":"Time and Date","group_sort":"1","contact_info_title":"Time and Date","contact_info_icon":"clock-o","contact_info_icon_color":"#ffffff","contact_info_small_text":"Open on Mon. - Fri.","contact_info_text":"8:00 - 19:00","contact_info_small_text_color":"#6f747d","contact_info_text_color":"#ffffff","contact_info_border":{"color":"#4c5664","direction":"right","size":"1","style":"solid"},"contact_info_margin":{"top":"0","right":"0","bottom":"0","left":"0"},"contact_info_padding":{"top":"0","right":"27px","bottom":"0","left":"0"}},{"group_title":"Contact","group_sort":"2","contact_info_title":"Contact","contact_info_icon":"headphones","contact_info_icon_color":"#ffffff","contact_info_small_text":"Call for consultation","contact_info_text":"975.789.098","contact_info_small_text_color":"#6f747d","contact_info_text_color":"#ffffff","contact_info_border":{"color":"#4c5664","direction":"right","size":"1","style":"solid"},"contact_info_margin":{"top":"0","right":"0","bottom":"0","left":"0"},"contact_info_padding":{"top":"0","right":"24px","bottom":"0","left":"24px"}}],"header_social_icons":[{"group_title":"Facebook","group_sort":"1","header_icon_title":"Facebook","header_icon":"facebook-official","header_icon_link":"#","header_icon_bgcolor":"","header_icon_hover_bgcolor":"","header_icon_color":"#ffffff","header_icon_hover_color":"#ffffff","header_icon_margin":{"top":"0","right":"0","bottom":"0","left":"0"},"header_icon_padding":{"top":"6px","right":"24px","bottom":"6px","left":"24px"},"header_icon_border":{"color":"#4c5664","direction":"right","size":"1","style":"solid"},"header_icon_border_radius":"0"},{"group_title":"Twitter","group_sort":"2","header_icon_title":"Twitter","header_icon":"twitter","header_icon_link":"#","header_icon_bgcolor":"","header_icon_hover_bgcolor":"","header_icon_color":"#ffffff","header_icon_hover_color":"#ffffff","header_icon_margin":{"top":"0","right":"0","bottom":"0","left":"0"},"header_icon_padding":{"top":"6px","right":"24px","bottom":"6px","left":"24px"},"header_icon_border":{"color":"#4c5664","direction":"right","size":"1","style":"solid"},"header_icon_border_radius":"0"}],"header_search_box":"1","top_bar_margin":{"top":"0","bottom":"0"},"top_bar_padding":{"top":"26px","bottom":"26px"},"top_bar_background":{"color":"#2d3849","use":"pattern","image_pattern":"nobg","image_upload":"","repeat":"repeat","attachment":"scroll","position":"left top","size":"cover","gradient":{"from":"#ffffff","to":"#000000","direction":"0deg"},"parallax":"0"},"nav_button":"1","nav_button_text":"Free Evalution","nav_button_url":"#","main_nav_margin":{"top":"0","bottom":"0"},"main_nav_padding":{"top":"0","bottom":"0"},"mts_header_border":{"color":"","direction":"all","size":"","style":"none"},"nav_background":{"color":"#3a475d","use":"pattern","image_pattern":"nobg","image_upload":"","repeat":"repeat","attachment":"scroll","position":"left top","size":"cover","gradient":{"from":"#ffffff","to":"#000000","direction":"0deg"},"parallax":"0"},"mts_sticky_nav":"0","mts_header_section2":"1","main_navigation_dropdown_color":"#ffffff","main_navigation_dropdown_hover_color":"#cfa755","mts_top_footer":"1","mts_top_footer_num":"4","footer_sections_position":"bottom","mts_copyrights":"Theme by <a href=\"https:\/\/mythemeshop.com\/\" rel=\"nofollow\">MyThemeShop<\/a>","mts_top_footer_margin":{"top":"30px","right":"0","bottom":"0","left":"0"},"mts_top_footer_padding":{"top":"45px","right":"0","bottom":"65px","left":"0"},"mts_footer_background":{"color":"#1d2531","use":"pattern","image_pattern":"nobg","image_upload":"","repeat":"repeat","attachment":"scroll","position":"left top","size":"cover","gradient":{"from":"#ffffff","to":"#000000","direction":"0deg"},"parallax":"0"},"mts_copyrights_background":{"color":"#1d2531","use":"pattern","image_pattern":"nobg","image_upload":"","repeat":"repeat","attachment":"scroll","position":"left top","size":"cover","gradient":{"from":"#ffffff","to":"#000000","direction":"0deg"},"parallax":"0"},"copyrights_border":{"color":"","direction":"all","size":"","style":"none"},"show_top_button":"1","top_button_icon":"angle-up","top_button_color":"#cfa755","top_button_color_hover":"#ffffff","top_button_background":"#2d3849","top_button_background_hover":"#2d3849","top_button_font_size":"34","top_button_padding":{"top":"8px","right":"34px","bottom":"12px","left":"34px"},"top_button_position":{"top":"auto","right":"30px","bottom":"100px","left":"auto"},"top_button_border_radius":"28","top_button_border":{"color":"","direction":"all","size":"","style":"none"},"footer_logo_section":"0","footer_logo":"","footer_lawyer_logo":{"preview-color":"dark","font-family":"Frank Ruhl Libre","font-backup":"","font-weight":"700","font-style":"","color":"#ffffff","font-size":"34px","line-height":"","letter-spacing":"","margin-top":"","margin-bottom":"","css-selectors":"#logo a","additional-css":"text-transform: uppercase;"},"footer_logo_social_icons":"1","footer_logo_social":[{"group_title":"Facebook","group_sort":"1","footer_logo_social_title":"Facebook","footer_logo_social_icon":"facebook-square","footer_logo_social_link":"#","footer_logo_social_bgcolor":"","footer_logo_social_hover_bgcolor":"","footer_logo_social_color":"","footer_logo_social_hover_color":"#ffffff","footer_logo_social_margin":{"top":"0","right":"22px","bottom":"0","left":"0"},"footer_logo_social_padding":{"top":"0","right":"0","bottom":"0","left":"0"},"footer_logo_social_border_radius":"0","footer_logo_social_border_size":"1","footer_logo_social_border_style":"none","footer_logo_social_border_color":"#dddddd"},{"group_title":"Twitter","group_sort":"2","footer_logo_social_title":"Twitter","footer_logo_social_icon":"twitter","footer_logo_social_link":"#","footer_logo_social_bgcolor":"","footer_logo_social_hover_bgcolor":"","footer_logo_social_color":"","footer_logo_social_hover_color":"#ffffff","footer_logo_social_margin":{"top":"0","right":"22px","bottom":"0","left":"0"},"footer_logo_social_padding":{"top":"0","right":"0","bottom":"0","left":"0"},"footer_logo_social_border_radius":"0","footer_logo_social_border_size":"1","footer_logo_social_border_style":"none","footer_logo_social_border_color":"#dddddd"},{"group_title":"Instagram","group_sort":"3","footer_logo_social_title":"Instagram","footer_logo_social_icon":"instagram","footer_logo_social_link":"#","footer_logo_social_bgcolor":"","footer_logo_social_hover_bgcolor":"","footer_logo_social_color":"","footer_logo_social_hover_color":"#ffffff","footer_logo_social_margin":{"top":"0","right":"22px","bottom":"0","left":"0"},"footer_logo_social_padding":{"top":"0","right":"0","bottom":"0","left":"0"},"footer_logo_social_border_radius":"0","footer_logo_social_border_size":"1","footer_logo_social_border_style":"none","footer_logo_social_border_color":"#dddddd"},{"group_title":"Youtube","group_sort":"4","footer_logo_social_title":"Youtube","footer_logo_social_icon":"youtube","footer_logo_social_link":"#","footer_logo_social_bgcolor":"","footer_logo_social_hover_bgcolor":"","footer_logo_social_color":"","footer_logo_social_hover_color":"#ffffff","footer_logo_social_margin":{"top":"0","right":"0","bottom":"0","left":"0"},"footer_logo_social_padding":{"top":"0","right":"0","bottom":"0","left":"0"},"footer_logo_social_border_radius":"0","footer_logo_social_border_size":"1","footer_logo_social_border_style":"none","footer_logo_social_border_color":"#dddddd"}],"footer_logo_social_font_size":"22","footer_nav_section":"1","footer_nav_margin":{"top":"0","right":"0","bottom":"0","left":"0"},"footer_nav_padding":{"top":"0","right":"0","bottom":"0","left":"0"},"footer_nav_border":{"color":"","direction":"all","size":"","style":"none"},"footer_nav_font":{"preview-color":"dark","font-family":"Roboto","font-backup":"","font-weight":"700","font-style":"","color":"#ffffff","font-size":"14px","line-height":"","letter-spacing":"","margin-top":"","margin-bottom":"","css-selectors":".footer-nav li a","additional-css":"text-transform: uppercase;"},"footer_menu_item_margin":{"right":"44px","left":"0"},"footer_nav_separator":"0","footer_nav_separator_content":"|","footer_nav_separator_color":"#ffffff","footer_nav_separator_margin":{"right":"25px","left":"25px"},"footer_brands_section":"0","footer_brands_alignment":"center","brands_section_title":"Our Brands:","brands_margin":{"top":"0","right":"0","bottom":"0","left":"0"},"brands_padding":{"top":"40px","right":"0","bottom":"27px","left":"0"},"brands_border":{"color":"","direction":"all","size":"","style":"none"},"social_button_layout":"standard","mts_social_button_position":"bottom","mts_social_buttons_on_pages":"0","mts_social_buttons":{"enabled":{"facebookshare":"Facebook Share","twitter":"Twitter","pinterest":"Pinterest"},"disabled":{"facebook":"Facebook Like","linkedin":"LinkedIn","stumble":"StumbleUpon","reddit":"Reddit"}},"social_styling_margin":{"top":"0","right":"0","bottom":"0","left":"-152px"},"social_styling_box_shadow":"1","social_floating_button_position":{"top":"360px","right":"auto","bottom":"auto","left":"100%"},"social_styling_border":{"color":"","direction":"all","size":"","style":"none"},"social_styling_background":{"color":"","use":"pattern","image_pattern":"nobg","image_upload":"","repeat":"repeat","attachment":"scroll","position":"left top","size":"cover","gradient":{"from":"#ffffff","to":"#000000","direction":"0deg"},"parallax":"0"},"detect_adblocker":"0","detect_adblocker_type":"popup","detect_adblocker_title":"Ad Blocker Detected","detect_adblocker_description":"Our website is made possible by displaying online advertisements to our visitors. Please consider supporting us by disabling your ad blocker.","background_clickable":"0","background_link":"","background_link_new_tab":"1","mts_header_adcode":"","header_adcode_show":"all","header_ad_size":"0","mts_header_adcode_margin":{"top":"0","bottom":"0"},"navigation_ad":"0","navigation_adcode":"","navigation_ad_size":"26","navigation_ad_background":"#252525","mts_postfooter_adcode":"","mts_postfooter_adcode_time":"0","mts_posttop_adcode":"","mts_posttop_adcode_time":"0","mts_postend_adcode":"","mts_postend_adcode_time":"0","search_content":"all","search_results_per_page":"9","search_position":"above","mts_header_code":"","mts_analytics_code":"","mts_custom_css":"","retina_images":"1","images_responsive":"0","status_opengraph":"1","dynamic_css_compiler":"1","dynamic_css_db_caching":"0","cache_server_ip":""},"lawyer_homepage":{"last_tab":"homepage-sections","homepage_layout":{"enabled":{"featured1":"Featured1","featured2":"Featured2","icon-grid":"Icon Grid","services-grid":"Services Grid","cta":"Call to Action","services-list":"Services List","stats":"Stats","stats2":"Stats2","team":"Team","services-grid2":"Services Grid2","blog":"Blog Section","featured-on":"Featured On","featured3":"Featured3","why-us":"Why Us","faqs":"FAQs"}},"featured1_background":{"color":"","use":"upload","image_pattern":"nobg","image_upload":"https:\/\/demo.mythemeshop.com\/lawyer-beta\/wp-content\/themes\/mts_lawyer\/images\/featured1-bg.jpg","repeat":"no-repeat","attachment":"scroll","position":"left top","size":"cover","gradient":{"from":"#ffffff","to":"#000000","direction":"0deg"},"parallax":"0"},"featured1_title":"You Deserve the Best<br>Defence Lawyers.","featured1_title_font":{"preview-color":"light","font-family":"Frank Ruhl Libre","font-backup":"","font-weight":"400","font-style":"","color":"#2d3849","font-size":"80px","line-height":"80px","letter-spacing":"","margin-top":"","margin-bottom":"","css-selectors":".featured1-section h2","additional-css":""},"featured1_text":"Class aptent taciti sociosqu ad litora torquent per conubia nostra, per inceptos himenaeos. Donec lacinia ligula orci, ut pharetra nunc rutrum sed.","featured1_text_font":{"preview-color":"light","font-family":"Roboto","font-backup":"","font-weight":"300","font-style":"","color":"#2d3849","font-size":"20px","line-height":"35px","letter-spacing":"","margin-top":"","margin-bottom":"","css-selectors":".featured1-section p","additional-css":""},"featured1_button_text":"Contact us now","featured1_button_url":"#","featured1_padding":{"top":"164px","right":"0","bottom":"134px","left":"0"},"featured2_background":{"color":"","use":"upload","image_pattern":"nobg","image_upload":"https:\/\/demo.mythemeshop.com\/lawyer-beta\/wp-content\/themes\/mts_lawyer\/images\/featured2-bg.jpg","repeat":"no-repeat","attachment":"scroll","position":"left top","size":"cover","gradient":{"from":"#ffffff","to":"#000000","direction":"0deg"},"parallax":"0"},"featured2_icon":"https:\/\/demo.mythemeshop.com\/lawyer-beta\/wp-content\/themes\/mts_lawyer\/images\/featured2-icon.png","featured2_small_text":"EST. 1982","featured2_nav_section":"1","featured2_nav_border":{"color":"#6a717a","direction":"top","size":"1","style":"solid"},"featured2_nav_margin":{"top":"16px","right":"0","bottom":"0","left":"0"},"featured2_nav_padding":{"top":"31px","right":"0","bottom":"0","left":"0"},"featured2_title":"Finest Defence Lawyers","featured2_title_font":{"preview-color":"dark","font-family":"Frank Ruhl Libre","font-backup":"","font-weight":"400","font-style":"","color":"#ffffff","font-size":"64px","line-height":"68px","letter-spacing":"","margin-top":"","margin-bottom":"","css-selectors":".featured2-section h2","additional-css":""},"featured2_button_text1":"Contact us now","featured2_button_url1":"#","featured2_button_text2":"See & Learn more","featured2_button_url2":"#","featured2_padding":{"top":"128px","right":"0","bottom":"128px","left":"0"},"icon_grid_background":{"color":"#f7f8f9","use":"pattern","image_pattern":"nobg","image_upload":"","repeat":"repeat","attachment":"scroll","position":"left top","size":"cover","gradient":{"from":"#ffffff","to":"#000000","direction":"0deg"},"parallax":"0"},"icon_grid":[{"group_title":"Group Title","group_sort":"1","icon_grid_title":"Bankrupcy","icon_grid_url":"#","icon_grid_icon":"https:\/\/demo.mythemeshop.com\/lawyer-beta\/wp-content\/themes\/mts_lawyer\/images\/icon-grid1.png","icon_grid_text":"Class aptent taciti sociosqu ad litora torquent per conubia nostra, per inceptos himenaeos."},{"group_title":"Group Title","group_sort":"2","icon_grid_title":"Traffic Ticket","icon_grid_url":"#","icon_grid_icon":"https:\/\/demo.mythemeshop.com\/lawyer-beta\/wp-content\/themes\/mts_lawyer\/images\/icon-grid2.png","icon_grid_text":"Class aptent taciti sociosqu ad litora torquent per conubia nostra, per inceptos himenaeos."},{"group_title":"Group Title","group_sort":"3","icon_grid_title":"Injuries","icon_grid_url":"#","icon_grid_icon":"https:\/\/demo.mythemeshop.com\/lawyer-beta\/wp-content\/themes\/mts_lawyer\/images\/icon-grid3.png","icon_grid_text":"Class aptent taciti sociosqu ad litora torquent per conubia nostra, per inceptos himenaeos."},{"group_title":"Group Title","group_sort":"4","icon_grid_title":"State Planning","icon_grid_url":"#","icon_grid_icon":"https:\/\/demo.mythemeshop.com\/lawyer-beta\/wp-content\/themes\/mts_lawyer\/images\/icon-grid4.png","icon_grid_text":"Class aptent taciti sociosqu ad litora torquent per conubia nostra, per inceptos himenaeos."},{"group_title":"Group Title","group_sort":"5","icon_grid_title":"Car Accident","icon_grid_url":"#","icon_grid_icon":"https:\/\/demo.mythemeshop.com\/lawyer-beta\/wp-content\/themes\/mts_lawyer\/images\/icon-grid1.png","icon_grid_text":"Class aptent taciti sociosqu ad litora torquent per conubia nostra, per inceptos himenaeos."},{"group_title":"Group Title","group_sort":"6","icon_grid_title":"Capital Market","icon_grid_url":"#","icon_grid_icon":"https:\/\/demo.mythemeshop.com\/lawyer-beta\/wp-content\/themes\/mts_lawyer\/images\/icon-grid6.png","icon_grid_text":"Class aptent taciti sociosqu ad litora torquent per conubia nostra, per inceptos himenaeos."}],"icon_grid_padding":{"top":"75px","right":"0","bottom":"75px","left":"0"},"icon_grid_title_font":{"preview-color":"light","font-family":"Roboto","font-backup":"","font-weight":"700","font-style":"","color":"#2d3849","font-size":"16px","line-height":"","letter-spacing":"","margin-top":"","margin-bottom":"","css-selectors":".icon-grid-section h3","additional-css":"text-transform: uppercase;"},"icon_grid_text_font":{"preview-color":"light","font-family":"Roboto","font-backup":"","font-weight":"300","font-style":"","color":"#2d3849","font-size":"12px","line-height":"14px","letter-spacing":"","margin-top":"","margin-bottom":"","css-selectors":".icon-grid-section p","additional-css":""},"services_grid_background":{"color":"#ffffff","use":"pattern","image_pattern":"nobg","image_upload":"","repeat":"repeat","attachment":"scroll","position":"left top","size":"cover","gradient":{"from":"#ffffff","to":"#000000","direction":"0deg"},"parallax":"0"},"services_grid_icon":"https:\/\/demo.mythemeshop.com\/lawyer-beta\/wp-content\/themes\/mts_lawyer\/images\/services-grid-icon.png","services_grid_title":"Toughest Defense Lawyers for Your Money","services_grid_title_font":{"preview-color":"light","font-family":"Frank Ruhl Libre","font-backup":"","font-weight":"400","font-style":"","color":"#2d3349","font-size":"48px","line-height":"56px","letter-spacing":"","margin-top":"","margin-bottom":"","css-selectors":".services-grid-section h2","additional-css":""},"services_grid_text":"Our lawyers will also represent you in civil litigation cases such as divorce, child and<br>spouse maintenance.","services_grid_text_font":{"preview-color":"light","font-family":"Roboto","font-backup":"","font-weight":"300","font-style":"","color":"#2d3349","font-size":"20px","line-height":"35px","letter-spacing":"","margin-top":"","margin-bottom":"","css-selectors":".services-grid-section p","additional-css":""},"services_group":[{"group_title":"Group Title","group_sort":"1","services_group_title":"In the court of law","services_group_image":"https:\/\/demo.mythemeshop.com\/lawyer-beta\/wp-content\/themes\/mts_lawyer\/images\/services-grid1.jpg","services_group_icon":"book","services_group_text":"Criminal law","services_group_url":"#"},{"group_title":"Group Title","group_sort":"2","services_group_title":"Medical Negligence","services_group_image":"https:\/\/demo.mythemeshop.com\/lawyer-beta\/wp-content\/themes\/mts_lawyer\/images\/services-grid2.jpg","services_group_icon":"book","services_group_text":"Medical Malpractice","services_group_url":"#"},{"group_title":"Group Title","group_sort":"3","services_group_title":"Family law","services_group_image":"https:\/\/demo.mythemeshop.com\/lawyer-beta\/wp-content\/themes\/mts_lawyer\/images\/services-grid3.jpg","services_group_icon":"book","services_group_text":"Insurance law","services_group_url":"#"},{"group_title":"Group Title","group_sort":"4","services_group_title":"Forclosure law","services_group_image":"https:\/\/demo.mythemeshop.com\/lawyer-beta\/wp-content\/themes\/mts_lawyer\/images\/services-grid4.jpg","services_group_icon":"book","services_group_text":"Real estate law","services_group_url":"#"}],"services_group_title_font":{"preview-color":"light","font-family":"Roboto","font-backup":"","font-weight":"700","font-style":"","color":"#2d3349","font-size":"16px","line-height":"","letter-spacing":"","margin-top":"","margin-bottom":"","css-selectors":".services-grid-container h3","additional-css":"text-transform: uppercase;"},"services_group_text_font":{"preview-color":"light","font-family":"Roboto","font-backup":"","font-weight":"300","font-style":"","color":"#abadb3","font-size":"12px","line-height":"","letter-spacing":"","margin-top":"","margin-bottom":"","css-selectors":".services-grid-container p","additional-css":"text-transform: uppercase;"},"services_grid_padding":{"top":"124px","right":"0","bottom":"94px","left":"0"},"cta_background":{"color":"","use":"gradient","image_pattern":"nobg","image_upload":"","repeat":"repeat","attachment":"scroll","position":"left top","size":"cover","gradient":{"from":"#cfa755","to":"#b88d37","direction":"0deg"},"parallax":"0"},"cta_title":"Our lawyers will also represent you in civil litigation cases such as <a href=\"#\">divorce<\/a>.","cta_title_font":{"preview-color":"dark","font-family":"Frank Ruhl Libre","font-backup":"","font-weight":"400","font-style":"","color":"#ffffff","font-size":"32px","line-height":"42px","letter-spacing":"","margin-top":"","margin-bottom":"","css-selectors":".cta-section h2, .cta-section h2 a","additional-css":""},"cta_button_text":"See & learn more","cta_button_url":"#","cta_padding":{"top":"57px","right":"0","bottom":"55px","left":"0"},"services_list_background":{"color":"","use":"upload","image_pattern":"nobg","image_upload":"https:\/\/demo.mythemeshop.com\/lawyer-beta\/wp-content\/themes\/mts_lawyer\/images\/services-list-bg.jpg","repeat":"no-repeat","attachment":"scroll","position":"left top","size":"cover","gradient":{"from":"#ffffff","to":"#000000","direction":"0deg"},"parallax":"0"},"services_list_title1":"Criminal Charges","services_list_text1":"-  Domestic Violence\r\n-  Drug Crimes\r\n-  DUI Defense\r\n-  Expungements\r\n-  Federal Appeals\r\n-  Federal Crimes\r\n-  Gang Crimes\r\n-  Misdemeanor Crimes\r\n-  Probation Violations\r\n-  Sex Crimes\r\n-  Theft Crimes\r\n-  Warrants\r\n-  White Collar Crimes","services_list_title2":"Estate Planning","services_list_text2":"-  Domestic Violence\r\n-  Drug Crimes\r\n-  DUI Defense\r\n-  Expungements\r\n-  Federal Appeals\r\n-  Federal Crimes\r\n-  Gang Crimes\r\n-  Misdemeanor Crimes\r\n-  Probation Violations\r\n-  Sex Crimes\r\n-  Theft Crimes\r\n-  Warrants\r\n-  White Collar Crimes","services_list_title3":"Capital Market","services_list_text3":"-  Domestic Violence\r\n-  Drug Crimes\r\n-  DUI Defense\r\n-  Expungements\r\n-  Federal Appeals\r\n-  Federal Crimes\r\n-  Gang Crimes\r\n-  Misdemeanor Crimes\r\n-  Probation Violations\r\n-  Sex Crimes\r\n-  Theft Crimes\r\n-  Warrants\r\n-  White Collar Crimes","services_list_title4":"Personal Injury","services_list_text4":"-  Domestic Violence\r\n-  Drug Crimes\r\n-  DUI Defense\r\n-  Expungements\r\n-  Federal Appeals\r\n-  Federal Crimes\r\n-  Gang Crimes\r\n-  Misdemeanor Crimes\r\n-  Probation Violations\r\n-  Sex Crimes\r\n-  Theft Crimes\r\n-  Warrants\r\n-  White Collar Crimes","services_list_title_font":{"preview-color":"light","font-family":"Roboto","font-backup":"","font-weight":"700","font-style":"","color":"#cfa755","font-size":"20px","line-height":"42px","letter-spacing":"","margin-top":"","margin-bottom":"","css-selectors":".services-list-section h2","additional-css":"text-transform: uppercase;"},"services_list_padding":{"top":"155px","right":"0","bottom":"152px","left":"0"},"stats_figure1":"$ 32500","stats_text1":"Recovered to clients","stats_figure2":"$ 12500","stats_text2":"Recovered this year","stats_figure3":"$ 7000","stats_text3":"Avg. saved per case","stats_figure_font":{"preview-color":"dark","font-family":"Frank Ruhl Libre","font-backup":"","font-weight":"700","font-style":"","color":"#ffffff","font-size":"80px","line-height":"1","letter-spacing":"","margin-top":"","margin-bottom":"","css-selectors":".stats-section .stats-container .figure","additional-css":""},"stats_text_font":{"preview-color":"dark","font-family":"Roboto","font-backup":"","font-weight":"300","font-style":"","color":"#ffffff","font-size":"18px","line-height":"35px","letter-spacing":"","margin-top":"","margin-bottom":"","css-selectors":".stats-section .stats-container p","additional-css":"text-transform: uppercase;"},"stats_list":[{"group_title":"Group Title","group_sort":"1","stats_list_title":"Professional Liability","stats_list_text":"Our lawyers will also represent you in civil litigation cases such as divorce, child and spouse maintenance."},{"group_title":"Group Title","group_sort":"2","stats_list_title":"Dedication to Our Clients","stats_list_text":"Our lawyers will also represent you in civil litigation cases such as divorce, child and spouse maintenance."},{"group_title":"Group Title","group_sort":"3","stats_list_title":"Outstanding Service","stats_list_text":"Our lawyers will also represent you in civil litigation cases such as divorce, child and spouse maintenance."}],"stats_youtube_id":"hcZGS9SUkeY","stats_list_title_font":{"preview-color":"dark","font-family":"Roboto","font-backup":"","font-weight":"700","font-style":"","color":"#ffffff","font-size":"20px","line-height":"35px","letter-spacing":"","margin-top":"","margin-bottom":"","css-selectors":".stats-section .stats-list h2","additional-css":"text-transform: uppercase;"},"stats_list_text_font":{"preview-color":"dark","font-family":"Roboto","font-backup":"","font-weight":"300","font-style":"","color":"#ffffff","font-size":"16px","line-height":"26px","letter-spacing":"","margin-top":"","margin-bottom":"","css-selectors":".stats-section .stats-list p","additional-css":""},"stats_background":{"color":"","use":"upload","image_pattern":"nobg","image_upload":"https:\/\/demo.mythemeshop.com\/lawyer-beta\/wp-content\/themes\/mts_lawyer\/images\/stats-bg.jpg","repeat":"no-repeat","attachment":"scroll","position":"left top","size":"cover","gradient":{"from":"#ffffff","to":"#000000","direction":"0deg"},"parallax":"0"},"stats_padding":{"top":"160px","right":"0","bottom":"124px","left":"0"},"stats2_left_icon":"https:\/\/demo.mythemeshop.com\/lawyer-beta\/wp-content\/themes\/mts_lawyer\/images\/stats2-icon.png","stats2_left_figure":"$","stats2_left_title":"Recovered to clients","stats2_left_text":"Our lawyers will also represent you in civil litigation cases such as divorce, child and spouse maintenance.","stats2_left_figure_font":{"preview-color":"dark","font-family":"Frank Ruhl Libre","font-backup":"","font-weight":"400","font-style":"","color":"#ffffff","font-size":"80px","line-height":"1","letter-spacing":"","margin-top":"","margin-bottom":"","css-selectors":".stats2-section .left .figure","additional-css":""},"stats2_left_title_font":{"preview-color":"dark","font-family":"Roboto","font-backup":"","font-weight":"300","font-style":"","color":"#ffffff","font-size":"18px","line-height":"35px","letter-spacing":"","margin-top":"","margin-bottom":"","css-selectors":".stats2-section .left h2","additional-css":"text-transform: uppercase;"},"stats2_left_text_font":{"preview-color":"dark","font-family":"Roboto","font-backup":"","font-weight":"300","font-style":"","color":"#ffffff","font-size":"16px","line-height":"26px","letter-spacing":"","margin-top":"","margin-bottom":"","css-selectors":".stats2-section .left p","additional-css":""},"stats2_left_button_text":"Contact us now","stats2_left_button_url":"#","stats2_left_background":{"color":"","use":"upload","image_pattern":"nobg","image_upload":"https:\/\/demo.mythemeshop.com\/lawyer-beta\/wp-content\/themes\/mts_lawyer\/images\/stats2-left-bg.jpg","repeat":"no-repeat","attachment":"scroll","position":"left top","size":"cover","gradient":{"from":"#ffffff","to":"#000000","direction":"0deg"},"parallax":"0"},"stats2_left_padding":{"top":"74px","right":"150px","bottom":"74px","left":"150px"},"stats2_right_icon":"https:\/\/demo.mythemeshop.com\/lawyer-beta\/wp-content\/themes\/mts_lawyer\/images\/stats2-icon.png","stats2_right_figure":"$","stats2_right_title":"Recovered to clients","stats2_right_text":"Our lawyers will also represent you in civil litigation cases such as divorce, child and spouse maintenance.","stats2_right_figure_font":{"preview-color":"light","font-family":"Frank Ruhl Libre","font-backup":"","font-weight":"400","font-style":"","color":"#2d3849","font-size":"80px","line-height":"1","letter-spacing":"","margin-top":"","margin-bottom":"","css-selectors":".stats2-section .right .figure","additional-css":""},"stats2_right_title_font":{"preview-color":"light","font-family":"Roboto","font-backup":"","font-weight":"300","font-style":"","color":"#2d3849","font-size":"18px","line-height":"35px","letter-spacing":"","margin-top":"","margin-bottom":"","css-selectors":".stats2-section .right h2","additional-css":"text-transform: uppercase;"},"stats2_right_text_font":{"preview-color":"light","font-family":"Roboto","font-backup":"","font-weight":"300","font-style":"","color":"#2d3849","font-size":"16px","line-height":"26px","letter-spacing":"","margin-top":"","margin-bottom":"","css-selectors":".stats2-section .right p","additional-css":""},"stats2_right_button_text":"Contact us now","stats2_right_button_url":"#","stats2_right_background":{"color":"","use":"upload","image_pattern":"nobg","image_upload":"https:\/\/demo.mythemeshop.com\/lawyer-beta\/wp-content\/themes\/mts_lawyer\/images\/stats2-right-bg.jpg","repeat":"no-repeat","attachment":"scroll","position":"left top","size":"cover","gradient":{"from":"#ffffff","to":"#000000","direction":"0deg"},"parallax":"0"},"stats2_right_padding":{"top":"74px","right":"150px","bottom":"74px","left":"150px"},"team_background":{"color":"#ffffff","use":"pattern","image_pattern":"nobg","image_upload":"","repeat":"repeat","attachment":"scroll","position":"left top","size":"cover","gradient":{"from":"#ffffff","to":"#000000","direction":"0deg"},"parallax":"0"},"team_icon":"https:\/\/demo.mythemeshop.com\/lawyer-beta\/wp-content\/themes\/mts_lawyer\/images\/services-grid-icon.png","team_title":"Toughest Defense Lawyers for Your Money","team_title_font":{"preview-color":"light","font-family":"Frank Ruhl Libre","font-backup":"","font-weight":"400","font-style":"","color":"#2d3349","font-size":"48px","line-height":"56px","letter-spacing":"","margin-top":"","margin-bottom":"","css-selectors":".team-section h2","additional-css":""},"team_text":"Our lawyers will also represent you in civil litigation cases such as divorce, child and<br>spouse maintenance.","team_text_font":{"preview-color":"light","font-family":"Roboto","font-backup":"","font-weight":"300","font-style":"","color":"#2d3349","font-size":"20px","line-height":"35px","letter-spacing":"","margin-top":"","margin-bottom":"","css-selectors":".team-section p","additional-css":""},"team_group":[{"group_title":"Group Title","group_sort":"1","team_group_title":"John Appleseed","team_group_url":"#","team_group_image":"https:\/\/demo.mythemeshop.com\/lawyer-beta\/wp-content\/themes\/mts_lawyer\/images\/team1.jpg","team_group_text":"External Relations","team_group_hover_text":"See sucess rates","team_group_hover_color":"rgba(207,167,85,0.5)"},{"group_title":"Group Title","group_sort":"2","team_group_title":"Rose Johnson","team_group_url":"#","team_group_image":"https:\/\/demo.mythemeshop.com\/lawyer-beta\/wp-content\/themes\/mts_lawyer\/images\/team2.jpg","team_group_text":"External Relations","team_group_hover_text":"See sucess rates","team_group_hover_color":"rgba(207,167,85,0.5)"},{"group_title":"Group Title","group_sort":"3","team_group_title":"John Appleseed","team_group_url":"#","team_group_image":"https:\/\/demo.mythemeshop.com\/lawyer-beta\/wp-content\/themes\/mts_lawyer\/images\/team3.jpg","team_group_text":"External Relations","team_group_hover_text":"See sucess rates","team_group_hover_color":"rgba(207,167,85,0.5)"},{"group_title":"Group Title","group_sort":"4","team_group_title":"Rose Johnson","team_group_url":"#","team_group_image":"https:\/\/demo.mythemeshop.com\/lawyer-beta\/wp-content\/themes\/mts_lawyer\/images\/team4.jpg","team_group_text":"External Relations","team_group_hover_text":"See sucess rates","team_group_hover_color":"rgba(207,167,85,0.5)"}],"team_group_title_font":{"preview-color":"light","font-family":"Roboto","font-backup":"","font-weight":"700","font-style":"","color":"#2d3349","font-size":"16px","line-height":"","letter-spacing":"","margin-top":"","margin-bottom":"","css-selectors":".team-container h3","additional-css":"text-transform: uppercase;"},"team_group_text_font":{"preview-color":"light","font-family":"Roboto","font-backup":"","font-weight":"300","font-style":"","color":"#abadb3","font-size":"12px","line-height":"1","letter-spacing":"","margin-top":"","margin-bottom":"","css-selectors":".team-container p","additional-css":"text-transform: uppercase;"},"team_group_hover_text_font":{"preview-color":"dark","font-family":"Roboto","font-backup":"","font-weight":"700","font-style":"","color":"#ffffff","font-size":"16px","line-height":"","letter-spacing":"","margin-top":"","margin-bottom":"","css-selectors":".team-container .hover-text","additional-css":"text-transform: uppercase;"},"team_padding":{"top":"126px","right":"0","bottom":"95px","left":"0"},"services_grid2_background":{"color":"","use":"upload","image_pattern":"nobg","image_upload":"https:\/\/demo.mythemeshop.com\/lawyer-beta\/wp-content\/themes\/mts_lawyer\/images\/services-grid2-bg.jpg","repeat":"no-repeat","attachment":"scroll","position":"left top","size":"cover","gradient":{"from":"#ffffff","to":"#000000","direction":"0deg"},"parallax":"0"},"services_grid2_group":[{"group_title":"Group Title","group_sort":"1","services_grid2_group_title":"Procurement","services_grid2_group_text":"Our lawyers will also represent you in civil litigation cases such as divorce, child and spouse maintenance.","services_grid2_group_icon":"book"},{"group_title":"Group Title","group_sort":"2","services_grid2_group_title":"Maintenance","services_grid2_group_text":"Our lawyers will also represent you in civil litigation cases such as divorce, child and spouse maintenance.","services_grid2_group_icon":"cog"},{"group_title":"Group Title","group_sort":"3","services_grid2_group_title":"Family Law","services_grid2_group_text":"Our lawyers will also represent you in civil litigation cases such as divorce, child and spouse maintenance.","services_grid2_group_icon":"adjust"},{"group_title":"Group Title","group_sort":"4","services_grid2_group_title":"Criminal Law","services_grid2_group_text":"Our lawyers will also represent you in civil litigation cases such as divorce, child and spouse maintenance.","services_grid2_group_icon":"user-secret"},{"group_title":"Group Title","group_sort":"5","services_grid2_group_title":"Estate Planning","services_grid2_group_text":"Our lawyers will also represent you in civil litigation cases such as divorce, child and spouse maintenance.","services_grid2_group_icon":"institution"},{"group_title":"Group Title","group_sort":"6","services_grid2_group_title":"Intelectual Property","services_grid2_group_text":"Our lawyers will also represent you in civil litigation cases such as divorce, child and spouse maintenance.","services_grid2_group_icon":"houzz"},{"group_title":"Group Title","group_sort":"7","services_grid2_group_title":"Capital Market","services_grid2_group_text":"Our lawyers will also represent you in civil litigation cases such as divorce, child and spouse maintenance.","services_grid2_group_icon":"hospital-o"},{"group_title":"Group Title","group_sort":"8","services_grid2_group_title":"Malpractice","services_grid2_group_text":"Our lawyers will also represent you in civil litigation cases such as divorce, child and spouse maintenance.","services_grid2_group_icon":"hand-spock-o"},{"group_title":"Group Title","group_sort":"9","services_grid2_group_title":"Privatization","services_grid2_group_text":"Our lawyers will also represent you in civil litigation cases such as divorce, child and spouse maintenance.","services_grid2_group_icon":"folder"}],"services_grid2_title_font":{"preview-color":"light","font-family":"Roboto","font-backup":"","font-weight":"700","font-style":"","color":"#2d3349","font-size":"20px","line-height":"","letter-spacing":"","margin-top":"","margin-bottom":"","css-selectors":".services-grid2-container h3","additional-css":"text-transform: uppercase;"},"services_grid2_text_font":{"preview-color":"light","font-family":"Roboto","font-backup":"","font-weight":"300","font-style":"","color":"#2d3849","font-size":"16px","line-height":"26px","letter-spacing":"","margin-top":"","margin-bottom":"","css-selectors":".services-grid2-container p","additional-css":""},"services_grid2_padding":{"top":"131px","right":"0","bottom":"92px","left":"0"},"blog_section_title":"Read Our Blog or Follow Us on Social Media.","blog_section_title_font":{"preview-color":"dark","font-family":"Frank Ruhl Libre","font-backup":"","font-weight":"400","font-style":"","color":"#ffffff","font-size":"48px","line-height":"56px","letter-spacing":"","margin-top":"","margin-bottom":"","css-selectors":".blog-section h2","additional-css":""},"blog_section_text":"Class aptent taciti sociosqu ad litora torquent per conubia nostra, per inceptos himenaeos. Donec lacinia ligula orci, ut pharetra nunc rutrum sed. Ut molestie, lacus sed commodo molestie.","blog_section_text_font":{"preview-color":"dark","font-family":"Roboto","font-backup":"","font-weight":"300","font-style":"","color":"#ffffff","font-size":"20px","line-height":"35px","letter-spacing":"","margin-top":"","margin-bottom":"","css-selectors":".blog-section p","additional-css":""},"blog_section_button_text":"Contact us now","blog_section_button_url":"#","blog_social_icons":[{"group_title":"Facebook","group_sort":"1","blog_social_title":"Facebook","blog_social_icon":"facebook-official","blog_social_link":"#","blog_social_bgcolor":"","blog_social_hover_bgcolor":"","blog_social_color":"#ffffff","blog_social_hover_color":"#cfa755","blog_social_margin":{"top":"0","right":"0","bottom":"0","left":"0"},"blog_social_padding":{"top":"6px","right":"24px","bottom":"6px","left":"0"},"blog_social_border":{"color":"#5e6a74","direction":"right","size":"1","style":"solid"},"blog_social_border_radius":"0"},{"group_title":"Twitter","group_sort":"2","blog_social_title":"Twitter","blog_social_icon":"twitter","blog_social_link":"#","blog_social_bgcolor":"","blog_social_hover_bgcolor":"","blog_social_color":"#ffffff","blog_social_hover_color":"#cfa755","blog_social_margin":{"top":"0","right":"0","bottom":"0","left":"0"},"blog_social_padding":{"top":"6px","right":"24px","bottom":"6px","left":"24px"},"blog_social_border":{"color":"#5e6a74","direction":"right","size":"1","style":"solid"},"blog_social_border_radius":"0"},{"group_title":"Instagram","group_sort":"2","blog_social_title":"Instagram","blog_social_icon":"instagram","blog_social_link":"#","blog_social_bgcolor":"","blog_social_hover_bgcolor":"","blog_social_color":"#ffffff","blog_social_hover_color":"#cfa755","blog_social_margin":{"top":"0","right":"0","bottom":"0","left":"0"},"blog_social_padding":{"top":"6px","right":"24px","bottom":"6px","left":"24px"},"blog_social_border":{"color":"#5e6a74","direction":"right","size":"1","style":"solid"},"blog_social_border_radius":"0"},{"group_title":"Pinterest","group_sort":"2","blog_social_title":"Pinterest","blog_social_icon":"pinterest","blog_social_link":"#","blog_social_bgcolor":"","blog_social_hover_bgcolor":"","blog_social_color":"#ffffff","blog_social_hover_color":"#cfa755","blog_social_margin":{"top":"0","right":"0","bottom":"0","left":"0"},"blog_social_padding":{"top":"6px","right":"0","bottom":"6px","left":"24px"},"blog_social_border":{"color":"","direction":"all","size":"","style":"none"},"blog_social_border_radius":"0"}],"blog_section_postnum":"3","blog_post_background":{"color":"#ffffff","use":"pattern","image_pattern":"nobg","image_upload":"","repeat":"repeat","attachment":"scroll","position":"left top","size":"cover","gradient":{"from":"#ffffff","to":"#000000","direction":"0deg"},"parallax":"0"},"blog_post_title_font":{"preview-color":"light","font-family":"Roboto","font-backup":"","font-weight":"700","font-style":"","color":"#2d3349","font-size":"22px","line-height":"30px","letter-spacing":"","margin-top":"","margin-bottom":"","css-selectors":".blog-section .right h2","additional-css":""},"blog_post_meta_font":{"preview-color":"light","font-family":"Roboto","font-backup":"","font-weight":"700","font-style":"","color":"#2d3349","font-size":"12px","line-height":"16px","letter-spacing":"","margin-top":"","margin-bottom":"","css-selectors":".blog-section .post-meta","additional-css":"text-transform: uppercase;"},"blog_section_background":{"color":"","use":"upload","image_pattern":"nobg","image_upload":"https:\/\/demo.mythemeshop.com\/lawyer-beta\/wp-content\/themes\/mts_lawyer\/images\/blog-section-bg.jpg","repeat":"no-repeat","attachment":"scroll","position":"left top","size":"cover","gradient":{"from":"#ffffff","to":"#000000","direction":"0deg"},"parallax":"0"},"blog_section_padding":{"top":"112px","right":"0","bottom":"102px","left":"0"},"featured_on_background":{"color":"","use":"upload","image_pattern":"nobg","image_upload":"https:\/\/demo.mythemeshop.com\/lawyer-beta\/wp-content\/themes\/mts_lawyer\/images\/featured-on-bg.jpg","repeat":"no-repeat","attachment":"scroll","position":"left top","size":"cover","gradient":{"from":"#ffffff","to":"#000000","direction":"0deg"},"parallax":"0"},"featured_on_title":"We are Regularly Featured in Press","featured_on_title_font":{"preview-color":"light","font-family":"Frank Ruhl Libre","font-backup":"","font-weight":"400","font-style":"","color":"#2d3349","font-size":"48px","line-height":"56px","letter-spacing":"","margin-top":"","margin-bottom":"","css-selectors":".featured-on-section h2","additional-css":""},"featured_on_text":"Our lawyers will also represent you in civil litigation cases such as divorce, child and spouse maintenance.","featured_on_text_font":{"preview-color":"light","font-family":"Roboto","font-backup":"","font-weight":"300","font-style":"","color":"#2d3349","font-size":"20px","line-height":"35px","letter-spacing":"","margin-top":"","margin-bottom":"","css-selectors":".featured-on-section p","additional-css":""},"featured_on_group":[{"group_title":"Group Title","group_sort":"1","featured_on_group_title":"Logo1","featured_on_group_image":"https:\/\/demo.mythemeshop.com\/lawyer-beta\/wp-content\/themes\/mts_lawyer\/images\/featured-on1.png","featured_on_group_url":"#"},{"group_title":"Group Title","group_sort":"2","featured_on_group_title":"Logo2","featured_on_group_image":"https:\/\/demo.mythemeshop.com\/lawyer-beta\/wp-content\/themes\/mts_lawyer\/images\/featured-on2.png","featured_on_group_url":"#"},{"group_title":"Group Title","group_sort":"3","featured_on_group_title":"Logo3","featured_on_group_image":"https:\/\/demo.mythemeshop.com\/lawyer-beta\/wp-content\/themes\/mts_lawyer\/images\/featured-on3.png","featured_on_group_url":"#"},{"group_title":"Group Title","group_sort":"4","featured_on_group_title":"Logo4","featured_on_group_image":"https:\/\/demo.mythemeshop.com\/lawyer-beta\/wp-content\/themes\/mts_lawyer\/images\/featured-on4.png","featured_on_group_url":"#"}],"featured_on_padding":{"top":"97px","right":"0","bottom":"59px","left":"0"},"featured3_background":{"color":"","use":"upload","image_pattern":"nobg","image_upload":"https:\/\/demo.mythemeshop.com\/lawyer-beta\/wp-content\/themes\/mts_lawyer\/images\/featured3-bg.jpg","repeat":"no-repeat","attachment":"scroll","position":"left top","size":"cover","gradient":{"from":"#ffffff","to":"#000000","direction":"0deg"},"parallax":"0"},"featured3_icon":"https:\/\/demo.mythemeshop.com\/lawyer-beta\/wp-content\/themes\/mts_lawyer\/images\/services-grid-icon.png","featured3_title":"Legal Representation in Ligitation Case","featured3_title_font":{"preview-color":"dark","font-family":"Frank Ruhl Libre","font-backup":"","font-weight":"400","font-style":"","color":"#ffffff","font-size":"48px","line-height":"56px","letter-spacing":"","margin-top":"","margin-bottom":"","css-selectors":".featured3-section h2","additional-css":""},"featured3_text":"Our lawyers will also represent you in civil litigation cases such as divorce, child and<br>spouse maintenance.","featured3_text_font":{"preview-color":"dark","font-family":"Roboto","font-backup":"","font-weight":"300","font-style":"","color":"#ffffff","font-size":"20px","line-height":"35px","letter-spacing":"","margin-top":"","margin-bottom":"","css-selectors":".featured3-section p","additional-css":""},"featured3_img1":"https:\/\/demo.mythemeshop.com\/lawyer-beta\/wp-content\/themes\/mts_lawyer\/images\/featured3-1.jpg","featured3_img2":"https:\/\/demo.mythemeshop.com\/lawyer-beta\/wp-content\/themes\/mts_lawyer\/images\/featured3-2.jpg","featured3_info":[{"group_title":"Group Title","group_sort":"1","featured3_info_title":"Time","featured3_info_icon":"clock-o","featured3_info_small_text":"Open on Mon. - Fri.","featured3_info_text":"8:00 - 19:00"},{"group_title":"Group Title","group_sort":"2","featured3_info_title":"Contact","featured3_info_icon":"headphones","featured3_info_small_text":"Call for Consultation","featured3_info_text":"975.789.098"}],"featured3_info_text_font":{"preview-color":"dark","font-family":"Roboto","font-backup":"","font-weight":"300","font-style":"","color":"#ffffff","font-size":"32px","line-height":"","letter-spacing":"","margin-top":"","margin-bottom":"","css-selectors":".featured3-section .info-text .big","additional-css":""},"featured3_info_small_text_font":{"preview-color":"dark","font-family":"Roboto","font-backup":"","font-weight":"700","font-style":"","color":"#ffffff","font-size":"12px","line-height":"","letter-spacing":"","margin-top":"","margin-bottom":"","css-selectors":".featured3-section .info-text .small","additional-css":"text-transform: uppercase; opacity: 0.5;"},"featured3_padding":{"top":"98px","right":"0","bottom":"108px","left":"0"},"why_us_background":{"color":"#ffffff","use":"pattern","image_pattern":"nobg","image_upload":"","repeat":"repeat","attachment":"scroll","position":"left top","size":"cover","gradient":{"from":"#ffffff","to":"#000000","direction":"0deg"},"parallax":"0"},"why_us_icon":"https:\/\/demo.mythemeshop.com\/lawyer-beta\/wp-content\/themes\/mts_lawyer\/images\/services-grid-icon.png","why_us_title":"Why Choose Us?","why_us_title_font":{"preview-color":"light","font-family":"Frank Ruhl Libre","font-backup":"","font-weight":"400","font-style":"","color":"#2d3349","font-size":"48px","line-height":"56px","letter-spacing":"","margin-top":"","margin-bottom":"","css-selectors":".why-us-section h2","additional-css":""},"why_us_text":"Our Company offers only legal help and we act only in accordance with widely recognized moral priciples.","why_us_text_font":{"preview-color":"light","font-family":"Roboto","font-backup":"","font-weight":"300","font-style":"","color":"#2d3349","font-size":"20px","line-height":"35px","letter-spacing":"","margin-top":"","margin-bottom":"","css-selectors":".why-us-section p","additional-css":""},"why_us_left_items":[{"group_title":"Group Title","group_sort":"1","why_us_left_title":"Great Discount","why_us_left_text":"Our lawyers will also represent you in civil litigation cases.","why_us_left_icon":"get-pocket"},{"group_title":"Group Title","group_sort":"2","why_us_left_title":"Community Service","why_us_left_text":"Our lawyers will also represent you in civil litigation cases.","why_us_left_icon":"futbol-o"}],"why_us_img":"https:\/\/demo.mythemeshop.com\/lawyer-beta\/wp-content\/themes\/mts_lawyer\/images\/why-us-1.jpg","why_us_right_items":[{"group_title":"Group Title","group_sort":"1","why_us_right_title":"Get Legal Advise","why_us_right_text":"Our lawyers will also represent you in civil litigation cases.","why_us_right_icon":"universal-access"},{"group_title":"Group Title","group_sort":"2","why_us_right_title":"Expert Lawyers","why_us_right_text":"Our lawyers will also represent you in civil litigation cases.","why_us_right_icon":"mortar-board"}],"why_us_list_title_font":{"preview-color":"light","font-family":"Roboto","font-backup":"","font-weight":"700","font-style":"","color":"#2d3349","font-size":"20px","line-height":"","letter-spacing":"","margin-top":"","margin-bottom":"","css-selectors":".why-us-section .list h3","additional-css":"text-transform: uppercase;"},"why_us_list_text_font":{"preview-color":"light","font-family":"Roboto","font-backup":"","font-weight":"300","font-style":"","color":"#2d3349","font-size":"16px","line-height":"26px","letter-spacing":"","margin-top":"","margin-bottom":"","css-selectors":".why-us-section .list p","additional-css":""},"why_us_padding":{"top":"125px","right":"0","bottom":"94px","left":"0"},"faqs_background":{"color":"#ffffff","use":"pattern","image_pattern":"nobg","image_upload":"","repeat":"repeat","attachment":"scroll","position":"left top","size":"cover","gradient":{"from":"#ffffff","to":"#000000","direction":"0deg"},"parallax":"0"},"faqs_items":[{"group_title":"Group Title","group_sort":"1","faqs_question":"How do I choose Lawyer?","faqs_answer":"Maecenas viverra sapien felis, elementum semper ante interdum et. Sed condimentum vel lorem id tempor. Sed convallis eu eros at vulputate. Nam non quam nulla. Donec lobortis, turpis id imperdiet vulputate, ante sem aliquam enim, id dignissim enim est eu erat. Mauris vulputate facilisis nisl, eu varius magna ullamcorper ut. Class aptent taciti sociosqu ad litora torquent per conubia nostra, per inceptos himenaeos."},{"group_title":"Group Title","group_sort":"2","faqs_question":"How do I sponsor my company updates on Linked In?","faqs_answer":"Maecenas viverra sapien felis, elementum semper ante interdum et. Sed condimentum vel lorem id tempor. Sed convallis eu eros at vulputate. Nam non quam nulla. Donec lobortis, turpis id imperdiet vulputate, ante sem aliquam enim, id dignissim enim est eu erat. Mauris vulputate facilisis nisl, eu varius magna ullamcorper ut. Class aptent taciti sociosqu ad litora torquent per conubia nostra, per inceptos himenaeos."},{"group_title":"Group Title","group_sort":"3","faqs_question":"Can I get a divorce without a Lawyer?","faqs_answer":"Maecenas viverra sapien felis, elementum semper ante interdum et. Sed condimentum vel lorem id tempor. Sed convallis eu eros at vulputate. Nam non quam nulla. Donec lobortis, turpis id imperdiet vulputate, ante sem aliquam enim, id dignissim enim est eu erat. Mauris vulputate facilisis nisl, eu varius magna ullamcorper ut. Class aptent taciti sociosqu ad litora torquent per conubia nostra, per inceptos himenaeos."},{"group_title":"Group Title","group_sort":"4","faqs_question":"Can I get a divorce Lawyer to help me if I cant afford to Pay?","faqs_answer":"Maecenas viverra sapien felis, elementum semper ante interdum et. Sed condimentum vel lorem id tempor. Sed convallis eu eros at vulputate. Nam non quam nulla. Donec lobortis, turpis id imperdiet vulputate, ante sem aliquam enim, id dignissim enim est eu erat. Mauris vulputate facilisis nisl, eu varius magna ullamcorper ut. Class aptent taciti sociosqu ad litora torquent per conubia nostra, per inceptos himenaeos."},{"group_title":"Group Title","group_sort":"5","faqs_question":"What is domestic violence?","faqs_answer":"Maecenas viverra sapien felis, elementum semper ante interdum et. Sed condimentum vel lorem id tempor. Sed convallis eu eros at vulputate. Nam non quam nulla. Donec lobortis, turpis id imperdiet vulputate, ante sem aliquam enim, id dignissim enim est eu erat. Mauris vulputate facilisis nisl, eu varius magna ullamcorper ut. Class aptent taciti sociosqu ad litora torquent per conubia nostra, per inceptos himenaeos."}],"faqs_question_font":{"preview-color":"light","font-family":"Roboto","font-backup":"","font-weight":"700","font-style":"","color":"#2d3349","font-size":"16px","line-height":"","letter-spacing":"","margin-top":"","margin-bottom":"","css-selectors":".faqs-section .question","additional-css":"text-transform: uppercase;"},"faqs_answer_font":{"preview-color":"light","font-family":"Roboto","font-backup":"","font-weight":"300","font-style":"","color":"#2d3349","font-size":"16px","line-height":"26px","letter-spacing":"","margin-top":"","margin-bottom":"","css-selectors":".faqs-section .answer","additional-css":""},"faqs_padding":{"top":"0","right":"0","bottom":"94px","left":"0"}},"lawyer_aboutpage":{"last_tab":"aboutpage-sections","aboutpage_layout":{"enabled":{"featured":"Featured","services-grid":"Services Grid","video":"Video","testimonials":"Testimonials","stats":"Stats","featured-on":"Featured On","services-list":"Services List"}},"about_featured_background":{"color":"","use":"upload","image_pattern":"nobg","image_upload":"https:\/\/demo.mythemeshop.com\/lawyer-beta\/wp-content\/themes\/mts_lawyer\/images\/featured2-bg.jpg","repeat":"no-repeat","attachment":"scroll","position":"left top","size":"cover","gradient":{"from":"#ffffff","to":"#000000","direction":"0deg"},"parallax":"0"},"about_featured_icon":"https:\/\/demo.mythemeshop.com\/lawyer-beta\/wp-content\/themes\/mts_lawyer\/images\/featured2-icon.png","about_featured_small_text":"We recovered","about_featured_figure":"$ 3,250,000","about_featured_figure_font":{"preview-color":"dark","font-family":"Frank Ruhl Libre","font-backup":"","font-weight":"400","font-style":"","color":"#ffffff","font-size":"88px","line-height":"1","letter-spacing":"","margin-top":"","margin-bottom":"","css-selectors":".about-featured-section .figure","additional-css":""},"about_featured_title":"For our clients","about_featured_title_font":{"preview-color":"dark","font-family":"Frank Ruhl Libre","font-backup":"","font-weight":"400","font-style":"","color":"#ffffff","font-size":"24px","line-height":"32px","letter-spacing":"","margin-top":"","margin-bottom":"","css-selectors":".about-featured-section h2","additional-css":"text-transform: uppercase;"},"about_featured_button_text":"Contact us now","about_featured_button_url":"#","about_featured_padding":{"top":"128px","right":"0","bottom":"128px","left":"0"},"about_services_grid_background":{"color":"#ffffff","use":"pattern","image_pattern":"nobg","image_upload":"","repeat":"repeat","attachment":"scroll","position":"left top","size":"cover","gradient":{"from":"#ffffff","to":"#000000","direction":"0deg"},"parallax":"0"},"about_services_group":[{"group_title":"Group Title","group_sort":"1","about_services_group_title":"In the court of law","about_services_group_image":"https:\/\/demo.mythemeshop.com\/lawyer-beta\/wp-content\/themes\/mts_lawyer\/images\/services-grid1.jpg","about_services_group_icon":"book","about_services_group_text":"Criminal law","about_services_group_url":"#"},{"group_title":"Group Title","group_sort":"2","about_services_group_title":"Medical Negligence","about_services_group_image":"https:\/\/demo.mythemeshop.com\/lawyer-beta\/wp-content\/themes\/mts_lawyer\/images\/services-grid2.jpg","about_services_group_icon":"book","about_services_group_text":"Medical Malpractice","about_services_group_url":"#"},{"group_title":"Group Title","group_sort":"3","about_services_group_title":"Family law","about_services_group_image":"https:\/\/demo.mythemeshop.com\/lawyer-beta\/wp-content\/themes\/mts_lawyer\/images\/services-grid3.jpg","about_services_group_icon":"book","about_services_group_text":"Insurance law","about_services_group_url":"#"},{"group_title":"Group Title","group_sort":"4","about_services_group_title":"Forclosure law","about_services_group_image":"https:\/\/demo.mythemeshop.com\/lawyer-beta\/wp-content\/themes\/mts_lawyer\/images\/services-grid4.jpg","about_services_group_icon":"book","about_services_group_text":"Real estate law","about_services_group_url":"#"}],"about_services_group_title_font":{"preview-color":"light","font-family":"Roboto","font-backup":"","font-weight":"700","font-style":"","color":"#2d3349","font-size":"16px","line-height":"","letter-spacing":"","margin-top":"","margin-bottom":"","css-selectors":".about-services-grid-container h3","additional-css":"text-transform: uppercase;"},"about_services_group_text_font":{"preview-color":"light","font-family":"Roboto","font-backup":"","font-weight":"300","font-style":"","color":"#abadb3","font-size":"12px","line-height":"","letter-spacing":"","margin-top":"","margin-bottom":"","css-selectors":".about-services-grid-container p","additional-css":"text-transform: uppercase;"},"about_services_grid_padding":{"top":"124px","right":"0","bottom":"94px","left":"0"},"about_video_image":"https:\/\/demo.mythemeshop.com\/lawyer-beta\/wp-content\/themes\/mts_lawyer\/images\/about-video-bg.jpg","about_video_youtube_id":"hcZGS9SUkeY","about_video_padding":{"top":"0","right":"0","bottom":"0","left":"0"},"about_testimonials_background":{"color":"#ffffff","use":"pattern","image_pattern":"nobg","image_upload":"","repeat":"repeat","attachment":"scroll","position":"left top","size":"cover","gradient":{"from":"#ffffff","to":"#000000","direction":"0deg"},"parallax":"0"},"about_testimonials_icon":"https:\/\/demo.mythemeshop.com\/lawyer-beta\/wp-content\/themes\/mts_lawyer\/images\/services-grid-icon.png","about_testimonials_title":"Toughest Defence Lawyers with Best Results","about_testimonials_title_font":{"preview-color":"light","font-family":"Frank Ruhl Libre","font-backup":"","font-weight":"400","font-style":"","color":"#2d3349","font-size":"48px","line-height":"56px","letter-spacing":"","margin-top":"","margin-bottom":"","css-selectors":".about-testimonials-section h2","additional-css":""},"about_testimonials_text":"Our lawyers will also represent you in civil litigation cases such as divorce, child and<br>spouse maintenance.","about_testimonials_text_font":{"preview-color":"light","font-family":"Roboto","font-backup":"","font-weight":"300","font-style":"","color":"#2d3349","font-size":"20px","line-height":"35px","letter-spacing":"","margin-top":"","margin-bottom":"","css-selectors":".about-testimonials-section p","additional-css":""},"about_testimonials_group":[{"group_title":"Group Title","group_sort":"1","about_testimonials_group_author":"Edmund Brooke, Paralegal","about_testimonials_group_image":"https:\/\/demo.mythemeshop.com\/lawyer-beta\/wp-content\/themes\/mts_lawyer\/images\/testimonial1.png","about_testimonials_group_testimonial":"Lorem ipsum dolor sit amet, consectetur adipiscing elit. Nullam iaculis pellentesque erat a venenatis. Nam ullamcorper eu elit non malesuada. Vivamus dignissim vitae sem nec tempor."},{"group_title":"Group Title","group_sort":"2","about_testimonials_group_author":"Edmund Brooke, Paralegal","about_testimonials_group_image":"https:\/\/demo.mythemeshop.com\/lawyer-beta\/wp-content\/themes\/mts_lawyer\/images\/testimonial1.png","about_testimonials_group_testimonial":"Lorem ipsum dolor sit amet, consectetur adipiscing elit. Nullam iaculis pellentesque erat a venenatis. Nam ullamcorper eu elit non malesuada. Vivamus dignissim vitae sem nec tempor."},{"group_title":"Group Title","group_sort":"3","about_testimonials_group_author":"Edmund Brooke, Paralegal","about_testimonials_group_image":"https:\/\/demo.mythemeshop.com\/lawyer-beta\/wp-content\/themes\/mts_lawyer\/images\/testimonial1.png","about_testimonials_group_testimonial":"Lorem ipsum dolor sit amet, consectetur adipiscing elit. Nullam iaculis pellentesque erat a venenatis. Nam ullamcorper eu elit non malesuada. Vivamus dignissim vitae sem nec tempor."},{"group_title":"Group Title","group_sort":"4","about_testimonials_group_author":"Edmund Brooke, Paralegal","about_testimonials_group_image":"https:\/\/demo.mythemeshop.com\/lawyer-beta\/wp-content\/themes\/mts_lawyer\/images\/testimonial1.png","about_testimonials_group_testimonial":"Lorem ipsum dolor sit amet, consectetur adipiscing elit. Nullam iaculis pellentesque erat a venenatis. Nam ullamcorper eu elit non malesuada. Vivamus dignissim vitae sem nec tempor."}],"about_testimonials_group_author_font":{"preview-color":"light","font-family":"Frank Ruhl Libre","font-backup":"","font-weight":"400","font-style":"","color":"#2d3349","font-size":"32px","line-height":"56px","letter-spacing":"","margin-top":"","margin-bottom":"","css-selectors":".testimonial-wrap h3","additional-css":""},"about_testimonials_group_testimonial_font":{"preview-color":"light","font-family":"Roboto","font-backup":"","font-weight":"300","font-style":"","color":"#2d3349","font-size":"18px","line-height":"","letter-spacing":"","margin-top":"","margin-bottom":"","css-selectors":".testimonial-wrap p","additional-css":"opacity: 0.5;"},"about_testimonials_padding":{"top":"126px","right":"0","bottom":"126px","left":"0"},"about_stats_background":{"color":"","use":"upload","image_pattern":"nobg","image_upload":"https:\/\/demo.mythemeshop.com\/lawyer-beta\/wp-content\/themes\/mts_lawyer\/images\/about-stats-bg.jpg","repeat":"no-repeat","attachment":"scroll","position":"left top","size":"cover","gradient":{"from":"#ffffff","to":"#000000","direction":"0deg"},"parallax":"0"},"about_stats_icon":"https:\/\/demo.mythemeshop.com\/lawyer-beta\/wp-content\/themes\/mts_lawyer\/images\/services-grid-icon.png","about_stats_title":"Proven Credentials","about_stats_title_font":{"preview-color":"dark","font-family":"Frank Ruhl Libre","font-backup":"","font-weight":"400","font-style":"","color":"#ffffff","font-size":"48px","line-height":"56px","letter-spacing":"","margin-top":"","margin-bottom":"","css-selectors":".about-stats-section h2","additional-css":""},"about_stats_text":"Our lawyers will also represent you in civil litigation cases such as divorce, child and spouse maintenance.","about_stats_text_font":{"preview-color":"dark","font-family":"Roboto","font-backup":"","font-weight":"300","font-style":"","color":"#ffffff","font-size":"20px","line-height":"35px","letter-spacing":"","margin-top":"","margin-bottom":"","css-selectors":".about-stats-section p","additional-css":""},"about_stats_group":[{"group_title":"Group Title","group_sort":"1","about_stats_group_title":"Immigration law","about_stats_group_percentage":"60"},{"group_title":"Group Title","group_sort":"2","about_stats_group_title":"Malpractice","about_stats_group_percentage":"75"},{"group_title":"Group Title","group_sort":"3","about_stats_group_title":"Products Liability","about_stats_group_percentage":"90"}],"about_stats_group_title_font":{"preview-color":"dark","font-family":"Roboto","font-backup":"","font-weight":"700","font-style":"","color":"#ffffff","font-size":"20px","line-height":"35px","letter-spacing":"","margin-top":"","margin-bottom":"","css-selectors":".about-stats-container .left","additional-css":"text-transform: uppercase;"},"about_stats_group_percentage_font":{"preview-color":"dark","font-family":"Roboto","font-backup":"","font-weight":"700","font-style":"","color":"#ffffff","font-size":"15px","line-height":"36px","letter-spacing":"","margin-top":"","margin-bottom":"","css-selectors":".about-stats-container .bar-fill","additional-css":"text-transform: uppercase;"},"about_stats_button_text":"Contact us now","about_stats_button_url":"#","about_stats_padding":{"top":"63px","right":"0","bottom":"63px","left":"0"},"about_featured_on_background":{"color":"","use":"upload","image_pattern":"nobg","image_upload":"https:\/\/demo.mythemeshop.com\/lawyer-beta\/wp-content\/themes\/mts_lawyer\/images\/featured-on-bg.jpg","repeat":"no-repeat","attachment":"scroll","position":"left top","size":"cover","gradient":{"from":"#ffffff","to":"#000000","direction":"0deg"},"parallax":"0"},"about_featured_on_title":"We are Regularly Featured in","about_featured_on_title_font":{"preview-color":"light","font-family":"Frank Ruhl Libre","font-backup":"","font-weight":"400","font-style":"","color":"#2d3349","font-size":"48px","line-height":"56px","letter-spacing":"","margin-top":"","margin-bottom":"","css-selectors":".about-featured-on-section h2","additional-css":""},"about_featured_on_text":"Our lawyers will also represent you in civil litigation cases such as divorce, child and<br>spouse maintenance.","about_featured_on_text_font":{"preview-color":"light","font-family":"Roboto","font-backup":"","font-weight":"300","font-style":"","color":"#2d3349","font-size":"20px","line-height":"35px","letter-spacing":"","margin-top":"","margin-bottom":"","css-selectors":".about-featured-on-section p","additional-css":""},"about_featured_on_group":[{"group_title":"Group Title","group_sort":"1","about_featured_on_group_title":"Logo1","about_featured_on_group_image":"https:\/\/demo.mythemeshop.com\/lawyer-beta\/wp-content\/themes\/mts_lawyer\/images\/featured-on1.png","about_featured_on_group_url":"#"},{"group_title":"Group Title","group_sort":"2","about_featured_on_group_title":"Logo2","about_featured_on_group_image":"https:\/\/demo.mythemeshop.com\/lawyer-beta\/wp-content\/themes\/mts_lawyer\/images\/featured-on2.png","about_featured_on_group_url":"#"},{"group_title":"Group Title","group_sort":"3","about_featured_on_group_title":"Logo3","about_featured_on_group_image":"https:\/\/demo.mythemeshop.com\/lawyer-beta\/wp-content\/themes\/mts_lawyer\/images\/featured-on3.png","about_featured_on_group_url":"#"},{"group_title":"Group Title","group_sort":"4","about_featured_on_group_title":"Logo4","about_featured_on_group_image":"https:\/\/demo.mythemeshop.com\/lawyer-beta\/wp-content\/themes\/mts_lawyer\/images\/featured-on4.png","about_featured_on_group_url":"#"}],"about_featured_on_padding":{"top":"97px","right":"0","bottom":"59px","left":"0"},"about_services_list_background":{"color":"#2d3849","use":"pattern","image_pattern":"nobg","image_upload":"","repeat":"repeat","attachment":"scroll","position":"left top","size":"cover","gradient":{"from":"#ffffff","to":"#000000","direction":"0deg"},"parallax":"0"},"about_services_list_group":[{"group_title":"Group Title","group_sort":"1","about_services_list_group_title":"Family Law","about_services_list_group_text":"In conjunction with his vast know-how, we leverage the robust legal expertise of working in different courts.","about_services_list_group_icon":"adjust","about_services_list_group_button_text":"Contact us now","about_services_list_group_button_url":"#"},{"group_title":"Group Title","group_sort":"2","about_services_list_group_title":"Finance Marketing","about_services_list_group_text":"In conjunction with his vast know-how, we leverage the robust legal expertise of working in different courts.","about_services_list_group_icon":"bitcoin","about_services_list_group_button_text":"Contact us now","about_services_list_group_button_url":"#"},{"group_title":"Group Title","group_sort":"3","about_services_list_group_title":"Intellectual Property","about_services_list_group_text":"In conjunction with his vast know-how, we leverage the robust legal expertise of working in different courts.","about_services_list_group_icon":"houzz","about_services_list_group_button_text":"Contact us now","about_services_list_group_button_url":"#"}],"about_services_list_group_title_font":{"preview-color":"dark","font-family":"Roboto","font-backup":"","font-weight":"700","font-style":"","color":"#ffffff","font-size":"20px","line-height":"35px","letter-spacing":"","margin-top":"","margin-bottom":"","css-selectors":".about-services-list-container h3","additional-css":"text-transform: uppercase;"},"about_services_list_group_text_font":{"preview-color":"dark","font-family":"Roboto","font-backup":"","font-weight":"300","font-style":"","color":"#ffffff","font-size":"16px","line-height":"26px","letter-spacing":"","margin-top":"","margin-bottom":"","css-selectors":".about-services-list-container p","additional-css":""},"about_services_list_margin":{"top":"0","right":"0","bottom":"-30px","left":"0"},"about_services_list_padding":{"top":"97px","right":"0","bottom":"69px","left":"0"}},"lawyer_blog":{"last_tab":"blog-general","mts_featured_categories":[{"group_title":"","group_sort":"1","mts_featured_title":"Latest","unique_id":"5c781dea3fa88","mts_thumb_layout":"layout-default","mts_featured_category":"latest","mts_featured_category_postsnum":"4","mts_featured_category_excerpt":"45"}],"blog_heading_section":"1","blog_heading_bg":{"color":"","use":"upload","image_pattern":"nobg","image_upload":"https:\/\/demo.mythemeshop.com\/lawyer-beta\/wp-content\/themes\/mts_lawyer\/images\/blog-heading-bg.jpg","repeat":"no-repeat","attachment":"scroll","position":"left top","size":"cover","gradient":{"from":"#ffffff","to":"#000000","direction":"0deg"},"parallax":"0"},"blog_heading":"Blog","blog_subheading":"Latest Updates and News","mts_breadcrumb":"1","breadcrumb_icon":"angle-right","breadcrumb_font":{"preview-color":"light","font-family":"Roboto","font-backup":"","font-weight":"700","font-style":"","color":"#a4a6aa","font-size":"16px","line-height":"","letter-spacing":"","margin-top":"","margin-bottom":"","css-selectors":".breadcrumb, .rank-math-breadcrumb","additional-css":"text-transform: uppercase;"},"blog_breadcrumb_url":"blog","blog_heading_margin":{"top":"0","right":"0","bottom":"0","left":"0"},"blog_heading_padding":{"top":"72px","right":"0","bottom":"70px","left":"0"},"blog_heading_font":{"preview-color":"light","font-family":"Frank Ruhl Libre","font-backup":"","font-weight":"400","font-style":"","color":"#2d3849","font-size":"48px","line-height":"1","letter-spacing":"","margin-top":"","margin-bottom":"","css-selectors":".blog-heading-section h2","additional-css":""},"blog_subheading_font":{"preview-color":"light","font-family":"Roboto","font-backup":"","font-weight":"300","font-style":"","color":"#2d3849","font-size":"20px","line-height":"35px","letter-spacing":"","margin-top":"","margin-bottom":"","css-selectors":".blog-heading-section p","additional-css":""},"mts_featured_category_title_5c781dea3fa88":"0","mts_post_title_alignment_5c781dea3fa88":"left","mts_featured_category_title_background_5c781dea3fa88":{"color":"","use":"pattern","image_pattern":"nobg","image_upload":"","repeat":"repeat","attachment":"scroll","position":"left top","size":"cover","gradient":{"from":"#ffffff","to":"#000000","direction":"0deg"},"parallax":"0"},"mts_featured_category_title_margin_5c781dea3fa88":{"top":"0","right":"0","bottom":"0","left":"0"},"mts_featured_category_title_padding_5c781dea3fa88":{"top":"0","right":"0","bottom":"0","left":"0"},"post_title_border_5c781dea3fa88":{"color":"","direction":"all","size":"","style":"none"},"mts_featured_category_title_font_5c781dea3fa88":{"preview-color":"light","font-family":"Roboto Condensed","font-backup":"","font-weight":"700","font-style":"","color":"#000000","font-size":"26px","line-height":"","letter-spacing":"","margin-top":"","margin-bottom":"","css-selectors":".title-container.title-id-5c781dea3fa88 h3.featured-category-title","additional-css":"text-transform: uppercase;"},"mts_home_headline_meta_info5c781dea3fa88":{"enabled":{"author":"Author Name","category":"Categories","date":"Date"},"disabled":{"comment":"Comment Count"}},"mts_meta_info_author_icon_5c781dea3fa88":"","mts_meta_info_category_icon_5c781dea3fa88":"","mts_meta_info_date_icon_5c781dea3fa88":"","mts_meta_info_comment_icon_5c781dea3fa88":"","mts_meta_info_margin_5c781dea3fa88":{"top":"0","right":"0","bottom":"0","left":"0"},"mts_meta_info_padding_5c781dea3fa88":{"top":"0","right":"0","bottom":"29px","left":"0"},"meta_info_border_5c781dea3fa88":{"color":"#e0e1e4","direction":"bottom","size":"1","style":"solid"},"meta_info_font_5c781dea3fa88":{"preview-color":"light","font-family":"Roboto","font-backup":"","font-weight":"700","font-style":"","color":"#2d3849","font-size":"13px","line-height":"","letter-spacing":"","margin-top":"","margin-bottom":"","css-selectors":".layout-5c781dea3fa88 .latestPost .post-info","additional-css":"text-transform: uppercase;"},"readmore_5c781dea3fa88":"1","mts_featured_category_background_5c781dea3fa88":{"color":"","use":"pattern","image_pattern":"nobg","image_upload":"","repeat":"repeat","attachment":"scroll","position":"left top","size":"cover","gradient":{"from":"#ffffff","to":"#000000","direction":"0deg"},"parallax":"0"},"post_border_5c781dea3fa88":{"color":"","direction":"all","size":"","style":"none"},"post_margin_5c781dea3fa88":{"top":"56px","bottom":"35px"},"post_padding_5c781dea3fa88":{"top":"0","right":"0","bottom":"0","left":"0"},"post_title_font_5c781dea3fa88":{"preview-color":"light","font-family":"Frank Ruhl Libre","font-backup":"","font-weight":"400","font-style":"","color":"#2d3349","font-size":"36px","line-height":"46px","letter-spacing":"","margin-top":"","margin-bottom":"","css-selectors":".layout-5c781dea3fa88 .latestPost .title a","additional-css":""},"post_excerpt_font_5c781dea3fa88":{"preview-color":"light","font-family":"Roboto","font-backup":"","font-weight":"300","font-style":"","color":"#2d3849","font-size":"15px","line-height":"30px","letter-spacing":"","margin-top":"","margin-bottom":"","css-selectors":".layout-5c781dea3fa88 .latestPost .front-view-content","additional-css":""},"mts_pagenavigation_type":"1","load_more_alignment":"center","mts_pagenavigation_bgcolor":"#ffffff","load_more_bgcolor":"#cfa755","mts_pagenavigation_hover_bgcolor":"#ffffff","load_more_hover_bgcolor":"#2e2f36","mts_pagenavigation_color":"#2d3349","load_more_color":"#ffffff","mts_pagenavigation_hover_color":"#cfa755","load_more_hover_color":"#ffffff","mts_pagenavigation_margin":{"top":"0","right":"8px","bottom":"0","left":"0"},"mts_pagenavigation_padding":{"top":"10px","right":"12px","bottom":"7px","left":"12px"},"load_more_padding":{"top":"20px","right":"30px","bottom":"17px","left":"30px"},"mts_pagenavigation_border_radius":"0","pagenavigation_border":{"color":"#e0e1e4","direction":"top","size":"1","style":"solid"},"pagination_font":{"preview-color":"light","font-family":"Frank Ruhl Libre","font-backup":"","font-weight":"500","font-style":"","color":"#2d3349","font-size":"22px","line-height":"","letter-spacing":"","margin-top":"","margin-bottom":"","css-selectors":".pagination, #load-posts a","additional-css":"text-transform: uppercase;"}},"lawyer_sidebars":{"last_tab":"sidebars-general","mts_sidebar_for_home":"mts_defaultsidebar","mts_sidebar_for_post":"mts_defaultsidebar","mts_sidebar_for_page":"mts_defaultsidebar","mts_sidebar_for_archive":"mts_defaultsidebar","mts_sidebar_for_category":"mts_defaultsidebar","mts_sidebar_for_tag":"mts_defaultsidebar","mts_sidebar_for_date":"mts_defaultsidebar","mts_sidebar_for_author":"mts_defaultsidebar","mts_sidebar_for_search":"mts_defaultsidebar","mts_sidebar_for_notfound":"mts_defaultsidebar","mts_sidebar_for_shop":"mts_defaultsidebar","mts_sidebar_for_product":"mts_defaultsidebar","mts_sidebar_title_styling_background":{"color":"","use":"pattern","image_pattern":"nobg","image_upload":"","repeat":"repeat","attachment":"scroll","position":"left top","size":"cover","gradient":{"from":"#ffffff","to":"#000000","direction":"0deg"},"parallax":"0"},"mts_sidebar_title_styling_margin":{"top":"0","bottom":"22px"},"mts_sidebar_title_styling_padding":{"top":"0","right":"0","bottom":"28px","left":"0"},"widget_title_border":{"color":"#e0e1e4","direction":"bottom","size":"1","style":"solid"},"mts_sidebar_styling_background":{"color":"","use":"pattern","image_pattern":"nobg","image_upload":"","repeat":"repeat","attachment":"scroll","position":"left top","size":"cover","gradient":{"from":"#ffffff","to":"#000000","direction":"0deg"},"parallax":"0"},"mts_sidebar_styling_margin":{"top":"0","right":"0","bottom":"70px","left":"0"},"mts_sidebar_styling_padding":{"top":"0","right":"0","bottom":"0","left":"0"},"sidebar_styling_border":{"color":"","direction":"all","size":"","style":"none"}},"lawyer_single":{"last_tab":"single-general","show_single_featured":"1","mts_single_post_layout":{"enabled":{"content":"Post Content","tags":"Tags","author":"Author Box","related":"Related Posts"},"disabled":{"subscribe":"Subscribe Box"}},"related_post_title":"See More Posts","mts_related_posts_taxonomy":"categories","mts_single_headline_meta_info":{"enabled":{"author":"Author Name","category":"Categories","date":"Date"},"disabled":{"comment":"Comment Count"}},"mts_single_meta_info_author_icon":"","mts_single_meta_info_category_icon":"","mts_single_meta_info_date_icon":"","mts_single_meta_info_comment_icon":"","mts_author_comment":"1","mts_comment_date":"1","single_title_alignment":"left","single_title_background":{"color":"","use":"pattern","image_pattern":"nobg","image_upload":"","repeat":"repeat","attachment":"scroll","position":"left top","size":"cover","gradient":{"from":"#ffffff","to":"#000000","direction":"0deg"},"parallax":"0"},"single_title_padding":{"top":"0","right":"0","bottom":"0","left":"0"},"single_title_border":{"color":"","direction":"all","size":"","style":"none"},"single_page_titles_font":{"preview-color":"light","font-family":"Roboto","font-backup":"","font-weight":"700","font-style":"","color":"#2d3849","font-size":"13px","line-height":"30px","letter-spacing":"","margin-top":"","margin-bottom":"","css-selectors":"#respond h4, .total-comments","additional-css":"text-transform: uppercase;"},"single_background":{"color":"","use":"pattern","image_pattern":"nobg","image_upload":"","repeat":"repeat","attachment":"scroll","position":"left top","size":"cover","gradient":{"from":"#ffffff","to":"#000000","direction":"0deg"},"parallax":"0"},"mts_single_styling_margin":{"top":"0","bottom":"35px"},"mts_single_styling_padding":{"top":"0","right":"0","bottom":"0","left":"0"},"single_styling_border":{"color":"","direction":"all","size":"","style":"none"},"single_title_font":{"preview-color":"light","font-family":"Frank Ruhl Libre","font-backup":"","font-weight":"400","font-style":"","color":"#2d3349","font-size":"36px","line-height":"46px","letter-spacing":"","margin-top":"","margin-bottom":"","css-selectors":".single-title","additional-css":""},"mts_single_meta_info_font":{"preview-color":"light","font-family":"Roboto","font-backup":"","font-weight":"700","font-style":"","color":"#2d3849","font-size":"13px","line-height":"","letter-spacing":"","margin-top":"","margin-bottom":"","css-selectors":".single_post .post-info.bottom, .single_post .post-info.bottom a, .single-full-header .post-info, .single-full-header .post-info.bottom a, .reply, #comments .ago","additional-css":"text-transform: uppercase;"},"related_posts_background":{"color":"","use":"pattern","image_pattern":"nobg","image_upload":"","repeat":"repeat","attachment":"scroll","position":"left top","size":"cover","gradient":{"from":"#ffffff","to":"#000000","direction":"0deg"},"parallax":"0"},"related_posts_layouts":"default","related_posts_grid":"grid3","mts_related_postsnum":"3","related_posts_adcode":"","related_posts_position":"default","related_post_meta_info":{"comment":"comment"},"related_posts_margin":{"top":"30px","right":"0","bottom":"0","left":"0"},"related_posts_padding":{"top":"40px","right":"0","bottom":"0","left":"0"},"related_posts_border":{"color":"#e0e1e4","direction":"top","size":"1","style":"solid"},"related_post_title_font":{"preview-color":"light","font-family":"Roboto","font-backup":"","font-weight":"700","font-style":"","color":"#2d3849","font-size":"13px","line-height":"30px","letter-spacing":"","margin-top":"","margin-bottom":"","css-selectors":".related-posts h4","additional-css":"text-transform: uppercase;"},"related_posts_font":{"preview-color":"light","font-family":"Frank Ruhl Libre","font-backup":"","font-weight":"400","font-style":"","color":"#2d3849","font-size":"18px","line-height":"22px","letter-spacing":"","margin-top":"","margin-bottom":"","css-selectors":".related-posts .title a","additional-css":""},"related_posts_meta_font":{"preview-color":"light","font-family":"Roboto","font-backup":"","font-weight":"300","font-style":"","color":"#2d3849","font-size":"13px","line-height":"","letter-spacing":"","margin-top":"","margin-bottom":"","css-selectors":".related-posts .post-info, .related-posts .post-info a","additional-css":""},"related_article_background":{"color":"","use":"pattern","image_pattern":"nobg","image_upload":"","repeat":"repeat","attachment":"scroll","position":"left top","size":"cover","gradient":{"from":"#ffffff","to":"#000000","direction":"0deg"},"parallax":"0"},"related_article_padding":{"top":"0","right":"0","bottom":"0","left":"0"},"related_article_text_padding":{"top":"0","right":"0","bottom":"0","left":"0"},"single_subscribe_box":"0","single_subscribe_background":{"color":"#cfa755","use":"pattern","image_pattern":"nobg","image_upload":"","repeat":"repeat","attachment":"scroll","position":"left top","size":"cover","gradient":{"from":"#ffffff","to":"#000000","direction":"0deg"},"parallax":"0"},"single_subscribe_margin":{"top":"30px","right":"0","bottom":"0","left":"0"},"single_subscribe_padding":{"top":"30px","right":"30px","bottom":"30px","left":"30px"},"single_subscribe_border_radius":"0","single_subscribe_title_font":{"preview-color":"dark","font-family":"Anton","font-backup":"","font-weight":"400","font-style":"","color":"#ffffff","font-size":"30px","line-height":"32px","letter-spacing":"","margin-top":"","margin-bottom":"","css-selectors":".single-subscribe .widget #wp-subscribe .title","additional-css":"text-transform: uppercase;"},"single_subscribe_text_font":{"preview-color":"light","font-family":"Roboto","font-backup":"","font-weight":"400","font-style":"","color":"#ffffff","font-size":"12px","line-height":"18px","letter-spacing":"","margin-top":"","margin-bottom":"","css-selectors":".single-subscribe .widget #wp-subscribe p.text, .single-subscribe .widget .wp-subscribe .wps-consent-wrapper label, .single-subscribe .widget .wp-subscribe-wrap .error, .single-subscribe .widget .wp-subscribe-wrap .thanks","additional-css":""},"single_subscribe_input_background":"#ffffff","single_subscribe_input_height":"42","single_subscribe_input_border_radius":"0","single_subscribe_input_border":{"color":"","direction":"all","size":"","style":"none"},"single_subscribe_input_font":{"preview-color":"light","font-family":"Roboto","font-backup":"","font-weight":"400","font-style":"","color":"#2d3849","font-size":"14px","line-height":"","letter-spacing":"","margin-top":"","margin-bottom":"","css-selectors":".single-subscribe .widget #wp-subscribe input.email-field, .single-subscribe .widget #wp-subscribe input.name-field","additional-css":""},"single_subscribe_submit_backgroud":"#2d3849","single_subscribe_submit_border_radius":"0","single_subscribe_submit_border":{"color":"","direction":"all","size":"","style":"none"},"single_subscribe_submit_padding":{"top":"10px","right":"0","bottom":"10px","left":"0"},"single_subscribe_submit_font":{"preview-color":"dark","font-family":"Roboto","font-backup":"","font-weight":"700","font-style":"","color":"#ffffff","font-size":"14px","line-height":"","letter-spacing":"","margin-top":"","margin-bottom":"","css-selectors":".single-subscribe .widget #wp-subscribe input.submit","additional-css":""},"single_subscribe_small_text_font":{"preview-color":"light","font-family":"Anton","font-backup":"","font-weight":"400","font-style":"","color":"#a6a7aa","font-size":"13px","line-height":"20px","letter-spacing":"","margin-top":"","margin-bottom":"","css-selectors":".single-subscribe .widget .wp-subscribe-wrap p.footer-text","additional-css":"display: none;"},"single_authorbox_background":{"color":"","use":"pattern","image_pattern":"nobg","image_upload":"","repeat":"repeat","attachment":"scroll","position":"left top","size":"cover","gradient":{"from":"#ffffff","to":"#000000","direction":"0deg"},"parallax":"0"},"author_box_title":"","single_authorbox_margin":{"top":"30px","right":"0","bottom":"0","left":"0"},"single_authorbox_padding":{"top":"40px","right":"0","bottom":"0","left":"0"},"single_authorbox_border":{"color":"#e0e1e4","direction":"top","size":"1","style":"solid"},"single_authorbox_border_radius":"0","single_authorbox_title_font":{"preview-color":"light","font-family":"Roboto","font-backup":"","font-weight":"700","font-style":"","color":"#2d3849","font-size":"13px","line-height":"24px","letter-spacing":"","margin-top":"","margin-bottom":"","css-selectors":".postauthor h4","additional-css":"text-transform: uppercase;"},"single_authorbox_author_name_font":{"preview-color":"light","font-family":"Roboto","font-backup":"","font-weight":"700","font-style":"","color":"#959595","font-size":"13px","line-height":"24px","letter-spacing":"","margin-top":"3px","margin-bottom":"","css-selectors":".postauthor h5, .postauthor h5 a","additional-css":"text-transform: uppercase;"},"single_authorbox_text_font":{"preview-color":"light","font-family":"Roboto","font-backup":"","font-weight":"300","font-style":"","color":"#2d3849","font-size":"15px","line-height":"30px","letter-spacing":"","margin-top":"","margin-bottom":"","css-selectors":".postauthor p","additional-css":""},"single_author_image_margin":{"top":"0","right":"32px","bottom":"0","left":"0"},"single_author_image_border_radius":"100"},"lawyer_typography":{"last_tab":"typography-collection","lawyer_logo":{"preview-color":"dark","font-family":"Frank Ruhl Libre","font-backup":"","font-weight":"700","font-style":"","color":"#ffffff","font-size":"34px","line-height":"","letter-spacing":"","margin-top":"","margin-bottom":"","css-selectors":"#logo a","additional-css":"text-transform: uppercase;"},"secondary_navigation_font":{"preview-color":"dark","font-family":"Roboto","font-backup":"","font-weight":"700","font-style":"","color":"#ffffff","font-size":"14px","line-height":"","letter-spacing":"","margin-top":"","margin-bottom":"","css-selectors":"#secondary-navigation a","additional-css":"text-transform: uppercase;"},"home_title_font":{"preview-color":"light","font-family":"Frank Ruhl Libre","font-backup":"","font-weight":"700","font-style":"","color":"#2e2f36","font-size":"40px","line-height":"46px","letter-spacing":"","margin-top":"","margin-bottom":"","css-selectors":".latestPost .title a","additional-css":""},"content_font":{"preview-color":"light","font-family":"Roboto","font-backup":"","font-weight":"400","font-style":"","color":"#454545","font-size":"16px","line-height":"24px","letter-spacing":"","margin-top":"","margin-bottom":"","css-selectors":"body","additional-css":""},"sidebar_title_font":{"preview-color":"light","font-family":"Roboto","font-backup":"","font-weight":"700","font-style":"","color":"#2d3849","font-size":"13px","line-height":"","letter-spacing":"","margin-top":"","margin-bottom":"","css-selectors":"#sidebar .widget h3.widget-title, #sidebar .widget h3.widget-title a, #sidebar .widget #wp-subscribe .title","additional-css":"text-transform: uppercase;"},"mts_widget_links":{"preview-color":"light","font-family":"Frank Ruhl Libre","font-backup":"","font-weight":"400","font-style":"","color":"#2d3349","font-size":"16px","line-height":"20px","letter-spacing":"","margin-top":"","margin-bottom":"","css-selectors":"#sidebar .widget li.horizontal-small a, #sidebar .widget li.horizontal-small, #sidebar .widget .wpt_widget_content .entry-title a, #sidebar .widget .wp_review_tab_widget_content .entry-title a","additional-css":"text-transform: none;"},"default_widget_links":{"preview-color":"light","font-family":"Roboto","font-backup":"","font-weight":"300","font-style":"","color":"#2d3849","font-size":"13px","line-height":"30px","letter-spacing":"","margin-top":"","margin-bottom":"","css-selectors":"#sidebar .widget li a, #sidebar .widget.widget_categories li a, #sidebar .widget.widget_archive li a, #sidebar .widget.widget_pages li a, #sidebar .widget.widget_meta li a, #sidebar .widget.widget_recent_comments li a, #sidebar .widget.widget_recent_entries li a, #sidebar .widget.widget_rss, #sidebar .widget.widget_nav_menu li a","additional-css":"text-transform: uppercase;"},"sidebar_url_bigthumb":{"preview-color":"light","font-family":"Frank Ruhl Libre","font-backup":"","font-weight":"400","font-style":"","color":"#2d3349","font-size":"20px","line-height":"24px","letter-spacing":"","margin-top":"","margin-bottom":"","css-selectors":"#sidebar .widget .vertical-small a, #sidebar .widget li.vertical-small, #sidebar .widget .review_thumb_large .entry-title a, .f-widget .widget .vertical-small a, .f-widget .widget .vertical-small li, .f-widget .widget .review_thumb_large .entry-title a","additional-css":""},"sidebar_font":{"preview-color":"light","font-family":"Roboto","font-backup":"","font-weight":"300","font-style":"","color":"#2d3849","font-size":"14px","line-height":"30px","letter-spacing":"","margin-top":"","margin-bottom":"","css-selectors":"#sidebar .widget p, #sidebar .widget .post-excerpt, #sidebar .widget #wp-subscribe p.text, #sidebar .wp-subscribe-wrap .wps-consent-wrapper label, #sidebar .wp-subscribe-wrap p.footer-text","additional-css":""},"sidebar_font_bigthumb":{"preview-color":"light","font-family":"Roboto","font-backup":"","font-weight":"300","font-style":"","color":"#2d3849","font-size":"16px","line-height":"24px","letter-spacing":"","margin-top":"","margin-bottom":"","css-selectors":"#sidebar .widget .vertical-small p, #sidebar .widget .vertical-small .post-excerpt, .f-widget .widget .vertical-small p, .f-widget .widget .vertical-small .post-excerpt","additional-css":""},"sidebar_postinfo_font":{"preview-color":"light","font-family":"Roboto","font-backup":"","font-weight":"700","font-style":"","color":"#abaeb3","font-size":"11px","line-height":"14px","letter-spacing":"","margin-top":"","margin-bottom":"","css-selectors":"#sidebar .widget .post-info, #sidebar .widget .post-info a, #sidebar .wpt_widget_content .wpt-postmeta","additional-css":"text-transform: uppercase;"},"sidebar_postinfo_font_bigthumb":{"preview-color":"light","font-family":"Roboto","font-backup":"","font-weight":"700","font-style":"","color":"#abaeb3","font-size":"11px","line-height":"14px","letter-spacing":"","margin-top":"","margin-bottom":"","css-selectors":"#sidebar .widget .vertical-small .post-info, #sidebar .widget .vertical-small .post-info a, .f-widget .widget .vertical-small .post-info, .f-widget .widget .vertical-small .post-info a, .widget .wp_review_tab_widget_content .review_thumb_large .wp-review-tab-postmeta, .wpt_comment_content, .wpt_excerpt","additional-css":"text-transform: uppercase;"},"tabs_title_font":{"preview-color":"light","font-family":"Frank Ruhl Libre","font-backup":"","font-weight":"500","font-style":"","color":"#9298a1","font-size":"15px","line-height":"","letter-spacing":"","margin-top":"","margin-bottom":"","css-selectors":"#sidebar .widget .wp_review_tab_widget_content .tab_title a, #sidebar .widget .wpt_widget_content .tab_title a, .f-widget .widget .wp_review_tab_widget_content .tab_title a, .f-widget .widget .wpt_widget_content .tab_title a","additional-css":"text-transform: uppercase;"},"top_footer_title_font":{"preview-color":"dark","font-family":"Roboto","font-backup":"","font-weight":"700","font-style":"","color":"#cfa755","font-size":"16px","line-height":"","letter-spacing":"","margin-top":"","margin-bottom":"","css-selectors":".footer-widgets h3, #site-footer .widget #wp-subscribe .title, .brands-title","additional-css":"text-transform: uppercase;"},"top_footer_link_font":{"preview-color":"dark","font-family":"Roboto","font-backup":"","font-weight":"400","font-style":"","color":"#ffffff","font-size":"16px","line-height":"24px","letter-spacing":"","margin-top":"","margin-bottom":"","css-selectors":".f-widget a, footer .wpt_widget_content a, footer .wp_review_tab_widget_content a, footer .wpt_tab_widget_content a, footer .widget .wp_review_tab_widget_content a","additional-css":"text-transform: uppercase;"},"top_footer_font":{"preview-color":"dark","font-family":"Roboto","font-backup":"","font-weight":"300","font-style":"","color":"#ffffff","font-size":"14px","line-height":"26px","letter-spacing":"","margin-top":"","margin-bottom":"","css-selectors":".footer-widgets, .f-widget .top-posts .comment_num, footer .meta, footer .twitter_time, footer .widget .wpt_widget_content .wpt-postmeta, footer .widget .wpt_comment_content, footer .widget .wpt_excerpt, footer .wp_review_tab_widget_content .wp-review-tab-postmeta, footer .advanced-recent-posts p, footer .popular-posts p, footer .category-posts p, footer .widget .post-info","additional-css":"opacity: 0.8;"},"copyrights_font":{"preview-color":"dark","font-family":"Roboto","font-backup":"","font-weight":"700","font-style":"","color":"#ffffff","font-size":"14px","line-height":"","letter-spacing":"","margin-top":"","margin-bottom":"","css-selectors":"#copyright-note","additional-css":"text-transform: uppercase;"},"h1_headline":{"preview-color":"light","font-family":"Frank Ruhl Libre","font-backup":"","font-weight":"700","font-style":"","color":"#2d3849","font-size":"36px","line-height":"","letter-spacing":"","margin-top":"","margin-bottom":"","css-selectors":"h1","additional-css":""},"h2_headline":{"preview-color":"light","font-family":"Frank Ruhl Libre","font-backup":"","font-weight":"700","font-style":"","color":"#2d3849","font-size":"34px","line-height":"","letter-spacing":"","margin-top":"","margin-bottom":"","css-selectors":"h2","additional-css":""},"h3_headline":{"preview-color":"light","font-family":"Frank Ruhl Libre","font-backup":"","font-weight":"700","font-style":"","color":"#2d3849","font-size":"32px","line-height":"","letter-spacing":"","margin-top":"","margin-bottom":"","css-selectors":"h3","additional-css":""},"h4_headline":{"preview-color":"light","font-family":"Frank Ruhl Libre","font-backup":"","font-weight":"700","font-style":"","color":"#2d3849","font-size":"30px","line-height":"","letter-spacing":"","margin-top":"","margin-bottom":"","css-selectors":"h4","additional-css":""},"h5_headline":{"preview-color":"light","font-family":"Frank Ruhl Libre","font-backup":"","font-weight":"700","font-style":"","color":"#2d3849","font-size":"28px","line-height":"","letter-spacing":"","margin-top":"","margin-bottom":"","css-selectors":"h5","additional-css":""},"h6_headline":{"preview-color":"light","font-family":"Frank Ruhl Libre","font-backup":"","font-weight":"700","font-style":"","color":"#2d3849","font-size":"24px","line-height":"","letter-spacing":"","margin-top":"","margin-bottom":"","css-selectors":"h6, blockquote","additional-css":""},"typography-subsets":{"latin":"latin"}},"mts-opts-backup":"1"}
