{ "last_tab": "1", "resurva_bookings_enable": "1", "timekit_bookings_enable": "1", "menu_bookings_enable": "1", "listing_slug": "listing", "listing_cat_slug": "listing-category", "listing_loc_slug": "location", "listing_features_slug": "features", "theme_color": "#41a6df", "sec_theme_color": "#363F48", "css_editor": "#header{\r\nmargin: 0 auto;\r\n}", "script_editor": "jQuery(document).ready(function(){\r\n\r\n});", "typography-body": { "font-family": "Quicksand", "font-options": "", "google": "1", "font-weight": "400", "font-style": "", "subsets": "", "font-size": "", "line-height": "", "color": "#7f7f7f" }, "nav_typo": { "font-family": "Quicksand", "font-options": "", "google": "1", "font-weight": "", "font-style": "", "subsets": "", "font-size": "", "color": "" }, "h1_typo": { "font-family": "Quicksand", "font-options": "", "google": "1", "font-weight": "", "font-style": "", "subsets": "", "font-size": "", "line-height": "", "color": "#333" }, "h2_typo": { "font-family": "Quicksand", "font-options": "", "google": "1", "font-weight": "", "font-style": "", "subsets": "", "font-size": "", "line-height": "", "color": "#333" }, "h3_typo": { "font-family": "Quicksand", "font-options": "", "google": "1", "font-weight": "", "font-style": "", "subsets": "", "font-size": "", "line-height": "", "color": "#333" }, "h4_typo": { "font-family": "Quicksand", "font-options": "", "google": "1", "font-weight": "", "font-style": "", "subsets": "", "font-size": "", "line-height": "", "color": "#333" }, "h5_typo": { "font-family": "Quicksand", "font-options": "", "google": "1", "font-weight": "", "font-style": "", "subsets": "", "font-size": "", "line-height": "", "color": "#333" }, "h6_typo": { "font-family": "Quicksand", "font-options": "", "google": "1", "font-weight": "", "font-style": "", "subsets": "", "font-size": "16px", "line-height": "27px", "color": "#333" }, "paragraph_typo": { "font-family": "Open Sans", "font-options": "", "google": "1", "font-weight": "", "font-style": "", "subsets": "", "font-size": "", "line-height": "", "color": "#7f7f7f" }, "header_views": "header_without_topbar", "top_bar_enable": "1", "top_bar_bgcolor": "#363F48", "header_bgcolor": "#42a7df", "header_fullwidth": "1", "search_switcher": "", "primary_logo": { "url": "http:\/\/studio.cridio.com\/listingpro-content\/wp-content\/themes\/listingpro\/assets\/images\/logo.png", "id": "", "height": "", "width": "", "thumbnail": "" }, "seconday_logo": { "url": "http:\/\/studio.cridio.com\/listingpro-content\/wp-content\/themes\/listingpro\/assets\/images\/logo2.png", "id": "", "height": "", "width": "", "thumbnail": "" }, "theme_favicon": { "url": "http:\/\/studio.cridio.com\/listingpro-content\/wp-content\/themes\/listingpro\/assets\/images\/favicon.png", "id": "", "height": "", "width": "", "thumbnail": "" }, "page_header": { "url": "http:\/\/studio.cridio.com\/listingpro-content\/wp-content\/themes\/listingpro\/assets\/images\/header-banner.jpg", "id": "", "height": "", "width": "", "thumbnail": "" }, "top_banner_styles": "banner_view", "home_banner": { "url": "http:\/\/studio.cridio.com\/listingpro-content\/wp-content\/themes\/listingpro\/assets\/images\/home-banner.jpg", "id": "", "height": "", "width": "", "thumbnail": "" }, "courtesy_switcher": "", "courtesy_listing": "", "home_banner_cats": ["14", "23", "27", "29", "31"], "search_views": "light", "search_alignment": "align_middle", "search_layout": "boxed", "cat_txt": "Just looking around? Let us suggest you something hot & happening! ", "map_height": "550", "search_placeholder": "Ex: food, service, barber, hotel", "location_default_text": "Your City...", "top_title": "Let's uncover the best places to eat, drink, and shop nearest to you.", "top_main_title": "Explore <span class=\"lp-dyn-city\">Your city<\/span>", "main_text": "Just looking around? Let us suggest you something hot & happening! ", "map_option": "google", "mapbox_token": "", "google_map_api": "AIzaSyDQIbsz2wFeL42Dp9KaL4o4cJKJu4r8Tvg", "contact_support": "#", "listing_style": "3", "c_ad": { "url": "http:\/\/studio.cridio.com\/listingpro-content\/wp-content\/themes\/listingpro\/assets\/images\/boximage2.jpg", "id": "", "height": "", "width": "", "thumbnail": "" }, "listing_views": "grid_view", "submit_ad_img_switch": "1", "submit_ad_img": { "url": "http:\/\/studio.cridio.com\/listingpro-content\/wp-content\/themes\/listingpro\/assets\/images\/submt.png", "id": "", "height": "", "width": "", "thumbnail": "" }, "submit_ad_img1_switch": "1", "submit_ad_img1": { "url": "http:\/\/studio.cridio.com\/listingpro-content\/wp-content\/themes\/listingpro\/assets\/images\/sbmt.png", "id": "", "height": "", "width": "", "thumbnail": "" }, "submit_ad_img2_switch": "1", "submit_ad_img2": { "url": "http:\/\/studio.cridio.com\/listingpro-content\/wp-content\/themes\/listingpro\/assets\/images\/sbmt1.png", "id": "", "height": "", "width": "", "thumbnail": "" }, "submit_ad_img3_switch": "1", "submit_ad_img3": { "url": "http:\/\/studio.cridio.com\/listingpro-content\/wp-content\/themes\/listingpro\/assets\/images\/sbmt2.png", "id": "", "height": "", "width": "", "thumbnail": "" }, "quick_tip_switch": "1", "quick_tip_title": "Quick Tip", "quick_tip_text": "Add information about your business below. Your business page will not appear in search results until this information has been verified and approved by our moderators. Once it is approved, you will receive an email with instructions on how to claim your business page.", "listing_title_text": "Listing Title", "listing_city_text": "City", "listing_gadd_text": "Google Address", "phone_switch": "1", "listing_ph_text": "Phone", "web_switch": "1", "listing_web_text": "Website", "oph_switch": "1", "listing_oph_text": "Operational Hours", "listing_cat_text": "Category", "features_switch": "1", "listing_features_text": "Select your listing features", "currency_switch": "1", "listing_curr_text": "Select Currency", "digit_price_switch": "1", "listing_digit_text": "Price", "price_switch": "1", "listing_price_text": "Price-Text", "listing_desc_text": "Description", "faq_switch": "1", "listing_faq_text": "FAQ Number", "listing_faq_tabs_text": "Question 1", "tw_switch": "1", "fb_switch": "1", "lnk_switch": "1", "google_switch": "1", "yt_switch": "1", "insta_switch": "1", "tags_switch": "1", "listing_tags_text": "Tags or keywords (Comma separated)", "vdo_switch": "1", "listing_vdo_text": "Your Business video", "file_switch": "1", "listing_email_text": "Email", "listing_btn_text": "Listing Preview", "listing_edit_btn_text": "Update & Preview", "listings_admin_approved": "yes", "enable_paid_submission": "yes", "per_listing_expire": "30", "currency_paid_submission": "USD", "paypal_api": "sandbox", "stripe_api": "sandbox", "payment_terms_condition": "", "payment-checkout": 11, "payment_fail": "", "payment_success": "", "enable_paypal": "1", "paypal_api_username": "pfmmod_1360821006_biz_api1.gmail.com", "paypal_api_password": "PAUH6VDYEB4JADAD", "paypal_api_signature": "AKbQyvcCQm0fCFlFmrEpT9FcmyUdA3QdJHndBlMi8LnCKXEYYmGqFhuu", "paypal_receiving_email": "", "enable_stripe": "1", "stripe_secrit_key": "sk_test_l80u6oZYppse8cezet98siTn", "stripe_pubishable_key": "pk_test_CWzoQxGab6gCbqVnipQNY3xb", "enable_wireTransfer": "0", "direct_payment_instruction": "<div>Your full name and mailing address<\/div>\r\n<div>Your Santander Bank account number<\/div>\r\n<div>SWIFT Code - SVRNUS33 (International only)<\/div>\r\n<div>Santander Bank routing number<\/div>", "payment_thankyou_page": "", "listingpro_general_email_address": "armanali257@hotmail.com", "listingpro_general_email_from": "Listingpro Multipurpose Directory theme", "listingpro_subject_new_user_register": "Your username and password on %website_url", "listingpro_new_user_register": "Hi there,\r\nWelcome to %website_url! You can login now using the below credentials:\r\nUsername:%user_login_register\r\nPassword: %user_pass_register\r\nIf you have any problems, please contact us.\r\nThank you!", "listingpro_subject_admin_new_user_register": "New User Registration", "listingpro_admin_new_user_register": "New user registration on %website_url.\r\nUsername: %user_login_register,\r\nE-mail: %user_email_register", "listingpro_subject_new_submit_listing": "Your listing has been submitted", "listingpro_new_submit_listing_content": "<div style=\"width: 100%; background: #f0f1f3; padding: 50px 0px;\">\r\n\r\n<a style=\"width: 45%; margin: 0 auto; text-align: center; display: block; padding-bottom: 25px; padding-left: 30px; padding-right: 30px;\"><img alt=\"image\" src=\"images\/logo.png\" \/><\/a>\r\n<div style=\"width: 45%; background: #fff; padding: 50px 30px; margin: 0 auto;\">\r\n<p style=\"margin: 0px;\">New \u00a0Listing has been submitted on\u00a0<a href=\"%website_url\">%website_name<\/a><\/p>\r\n\r\n<h2 style=\"color: #2a6ad4; margin: 0px; font-size: 20px;\">%listing_title<\/h2>\r\n<div style=\"padding: 30px 0px 15px 0px;\">\r\n<h3 style=\"margin: 0px 0px 5px; font-size: 16px;\">Details are Following:<\/h3>\r\n<p style=\"margin: 0px; font-size: 14px;\"><strong style=\"padding-right: 10px;\">Listing Name:<\/strong>%listing_title<\/p>\r\n<p style=\"margin: 0px; font-size: 14px;\"><strong style=\"padding-right: 10px;\">Listing URL:<\/strong>%listing_url<\/p>\r\n\r\n<\/div>\r\n<div style=\"padding: 15px 0px 30px 0px;\">\r\n<h3 style=\"margin: 0px 0px 5px; font-size: 16px;\">Other Details:<\/h3>\r\n<p style=\"margin: 0px; font-size: 14px;\"><strong style=\"padding-right: 10px;\">Full Adress:<\/strong>45 B Road NY. USA<\/p>\r\n\r\n<\/div>\r\n<\/div>\r\n<\/div>", "listingpro_subject_new_submit_listing_admin": "New listing has been submitted", "listingpro_new_submit_listing_content_admin": "<div style=\"width: 100%; background: #f0f1f3; padding: 50px 0px;\">\r\n\r\n<a style=\"width: 45%; margin: 0 auto; text-align: center; display: block; padding-bottom: 25px; padding-left: 30px; padding-right: 30px;\"><img alt=\"image\" src=\"images\/logo.png\" \/><\/a>\r\n<div style=\"width: 45%; background: #fff; padding: 50px 30px; margin: 0 auto;\">\r\n<p style=\"margin: 0px;\">New \u00a0Listing has been submitted on\u00a0<a href=\"%website_url\">%website_name<\/a><\/p>\r\n\r\n<h2 style=\"color: #2a6ad4; margin: 0px; font-size: 20px;\">%listing_title<\/h2>\r\n<div style=\"padding: 30px 0px 15px 0px;\">\r\n<h3 style=\"margin: 0px 0px 5px; font-size: 16px;\">Details are Following:<\/h3>\r\n<p style=\"margin: 0px; font-size: 14px;\"><strong style=\"padding-right: 10px;\">Listing Name:<\/strong>%listing_title<\/p>\r\n<p style=\"margin: 0px; font-size: 14px;\"><strong style=\"padding-right: 10px;\">Listing URL:<\/strong>%listing_url<\/p>\r\n\r\n<\/div>\r\n<div style=\"padding: 15px 0px 30px 0px;\">\r\n<h3 style=\"margin: 0px 0px 5px; font-size: 16px;\">Other Details:<\/h3>\r\n<p style=\"margin: 0px; font-size: 14px;\"><strong style=\"padding-right: 10px;\">Full Adress:<\/strong>45 B Road NY. USA<\/p>\r\n\r\n<\/div>\r\n<\/div>\r\n<\/div>", "listingpro_subject_purchase_activated": "Your purchase has  activated", "listingpro_content_purchase_activated": "<div style=\"width: 100%; background: #f0f1f3; padding: 50px 0px;\">\r\n\r\n<a style=\"width: 45%; margin: 0 auto; text-align: center; display: block; padding-bottom: 25px; padding-left: 30px; padding-right: 30px;\"><img alt=\"image\" src=\"images\/logo.png\" \/><\/a>\r\n\r\n&nbsp;\r\n<div style=\"width: 45%; background: #fff; padding: 50px 30px; margin: 0 auto;\">\r\n<p style=\"margin: 0px;\">Your\u00a0purchase has been\u00a0activated\u00a0on \u00a0<a href=\"%website_url\">%website_name<\/a><\/p>\r\n\r\n<div style=\"padding: 30px 0px 15px 0px;\">\r\n<h3 style=\"margin: 0px 0px 5px; font-size: 16px;\">Details are Following:<\/h3>\r\n<p style=\"margin: 0px; font-size: 14px;\"><strong style=\"padding-right: 10px;\">Plan Name:<\/strong>%plan_title<\/p>\r\n<p style=\"margin: 0px; font-size: 14px;\"><strong style=\"padding-right: 10px;\">Plan Price:<\/strong>%plan_price<\/p>\r\n<p style=\"margin: 0px; font-size: 14px;\"><strong style=\"padding-right: 10px;\">Listing Submitted:<\/strong>%listing_title<\/p>\r\n<p style=\"margin: 0px; font-size: 14px;\"><strong style=\"padding-right: 10px;\">Listing\u00a0URL:<\/strong>%listing_url<\/p>\r\n\r\n<\/div>\r\n<p style=\"margin: 0px; font-size: 14px;\"><strong style=\"padding-right: 10px;\">Payment Method:<\/strong>%payment_method<\/p>\r\n<p style=\"margin: 0px; font-size: 14px;\"><strong style=\"padding-right: 10px;\">Invoice No.:<\/strong>%invoice_no<\/p>\r\n\r\n<div style=\"padding: 15px 0px 30px 0px;\">\r\n<h3 style=\"margin: 0px 0px 5px; font-size: 16px;\">Other Details:<\/h3>\r\n<p style=\"margin: 0px; font-size: 14px;\"><strong style=\"padding-right: 10px;\">Full Adress:<\/strong>45 B Road NY. USA<\/p>\r\n\r\n<\/div>\r\n<\/div>\r\n<\/div>", "listingpro_subject_purchase_activated_admin": "A purchased has been made", "listingpro_content_purchase_activated_admin": "<div style=\"width: 100%; background: #f0f1f3; padding: 50px 0px;\">\r\n\r\n<a style=\"width: 45%; margin: 0 auto; text-align: center; display: block; padding-bottom: 25px; padding-left: 30px; padding-right: 30px;\"><img alt=\"image\" src=\"images\/logo.png\" \/><\/a>\r\n<div style=\"width: 45%; background: #fff; padding: 50px 30px; margin: 0 auto;\">\r\n<p style=\"margin: 0px;\">A\u00a0purchase has been activated\u00a0on \u00a0<a href=\"%website_url\">%website_name<\/a><\/p>\r\n\r\n<div style=\"padding: 30px 0px 15px 0px;\">\r\n<h3 style=\"margin: 0px 0px 5px; font-size: 16px;\">Details are Following:<\/h3>\r\n<p style=\"margin: 0px; font-size: 14px;\"><strong style=\"padding-right: 10px;\">Plan Name:<\/strong>%plan_title<\/p>\r\n<p style=\"margin: 0px; font-size: 14px;\"><strong style=\"padding-right: 10px;\">Plan Price:<\/strong>%plan_price<\/p>\r\n<p style=\"margin: 0px; font-size: 14px;\"><strong style=\"padding-right: 10px;\">Listing Submitted:<\/strong>%listing_title<\/p>\r\n<p style=\"margin: 0px; font-size: 14px;\"><strong style=\"padding-right: 10px;\">Listing\u00a0URL:<\/strong>%listing_url<\/p>\r\n\r\n<\/div>\r\n<p style=\"margin: 0px; font-size: 14px;\"><strong style=\"padding-right: 10px;\">Payment Method:<\/strong>%payment_method<\/p>\r\n<p style=\"margin: 0px; font-size: 14px;\"><strong style=\"padding-right: 10px;\">Invoice No.:<\/strong>%invoice_no<\/p>\r\n\r\n<div style=\"padding: 15px 0px 30px 0px;\">\r\n<h3 style=\"margin: 0px 0px 5px; font-size: 16px;\">Other Details:<\/h3>\r\n<p style=\"margin: 0px; font-size: 14px;\"><strong style=\"padding-right: 10px;\">Full Adress:<\/strong>45 B Road NY. USA<\/p>\r\n\r\n<\/div>\r\n<\/div>\r\n<\/div>", "listingpro_subject_listing_approved": "Your listing approved", "listingpro_listing_approved": "<a style=\"width: 45%; margin: 0 auto; text-align: center; display: block; padding-bottom: 25px; padding-left: 30px; padding-right: 30px;\"><img alt=\"image\" src=\"images\/logo.png\" \/><\/a>\r\n<div style=\"width: 45%; background: #fff; padding: 50px 30px; margin: 0 auto;\">\r\n<p style=\"margin: 0px;\">A\u00a0purchase has been activated\u00a0on \u00a0<a href=\"%website_url\">%website_name<\/a><\/p>\r\n\r\n<div style=\"padding: 30px 0px 15px 0px;\">\r\n<h3 style=\"margin: 0px 0px 5px; font-size: 16px;\">Details are Following:<\/h3>\r\n<p style=\"margin: 0px; font-size: 14px;\"><strong style=\"padding-right: 10px;\">Plan Name:<\/strong>%plan_title<\/p>\r\n<p style=\"margin: 0px; font-size: 14px;\"><strong style=\"padding-right: 10px;\">Plan Price:<\/strong>%plan_price<\/p>\r\n<p style=\"margin: 0px; font-size: 14px;\"><strong style=\"padding-right: 10px;\">Listing Submitted:<\/strong>%listing_title<\/p>\r\n<p style=\"margin: 0px; font-size: 14px;\"><strong style=\"padding-right: 10px;\">Listing\u00a0URL:<\/strong>%listing_url<\/p>\r\n\r\n<\/div>\r\n<p style=\"margin: 0px; font-size: 14px;\"><strong style=\"padding-right: 10px;\">Payment Method:<\/strong>%payment_method<\/p>\r\n<p style=\"margin: 0px; font-size: 14px;\"><strong style=\"padding-right: 10px;\">Invoice No.:<\/strong>%invoice_no<\/p>\r\n\r\n<div style=\"padding: 15px 0px 30px 0px;\">\r\n<h3 style=\"margin: 0px 0px 5px; font-size: 16px;\">Other Details:<\/h3>\r\n<p style=\"margin: 0px; font-size: 14px;\"><strong style=\"padding-right: 10px;\">Full Adress:<\/strong>45 B Road NY. USA<\/p>\r\n\r\n<\/div>\r\n<\/div>", "listingpro_subject_listing_expired": "Your listing expired", "listingpro_listing_expired": "&lt;div style=\"width: 100%; background: #f0f1f3; padding: 50px 0px;\"&gt;\r\n&lt;a style=\"width: 45%; margin: 0 auto; text-align: center; display: block; padding-bottom: 25px; padding-left: 30px; padding-right: 30px;\"&gt;&lt;img src=\"images\/logo.png\" \/&gt;&lt;\/a&gt;\r\n&lt;div style=\"width: 45%; background: #fff; padding: 50px 30px; margin: 0 auto;\"&gt;\r\n&lt;p style=\"margin: 0px;\"&gt;New \u00a0Listing has been submitted on\u00a0&lt;a href=\"%website_url\" &gt;%website_name&lt;\/a&gt;\u00a0&lt;\/p&gt;\r\n\r\n&lt;h2 style=\"color: #2a6ad4; margin: 0px; font-size: 20px;\"&gt;%listing_title&lt;\/h2&gt;\r\n&lt;div style=\"padding: 30px 0px 15px 0px;\"&gt;\r\n&lt;h3 style=\"margin: 0px 0px 5px; font-size: 16px;\"&gt;Details are Following:&lt;\/h3&gt;\r\n&lt;p style=\"margin: 0px; font-size: 14px;\"&gt;&lt;strong style=\"padding-right: 10px;\"&gt;Listing Name:&lt;\/strong&gt;%listing_title&lt;\/p&gt;\r\n&lt;p style=\"margin: 0px; font-size: 14px;\"&gt;&lt;strong style=\"padding-right: 10px;\"&gt;Listing URL:&lt;\/strong&gt;%listing_url&lt;\/p&gt;\r\n&lt;\/div&gt;\r\n&lt;div style=\"padding: 15px 0px 30px 0px;\"&gt;\r\n&lt;h3 style=\"margin: 0px 0px 5px; font-size: 16px;\"&gt;Order Details:&lt;\/h3&gt;\r\n&lt;p style=\"margin: 0px; font-size: 14px;\"&gt;&lt;strong style=\"padding-right: 10px;\"&gt;Full Adress:&lt;\/strong&gt;P-11, Paradise Floor, Sadiq Trade Center&lt;\/p&gt;\r\n&lt;\/div&gt;\r\n&lt;\/div&gt;\r\n&lt;\/div&gt;", "listingpro_subject_ads_expired": "Your ad campaign has expired", "listingpro_ad_campaign_expired": "&lt;div style=\"width: 100%; background: #f0f1f3; padding: 50px 0px;\"&gt;\r\n&lt;a style=\"width: 45%; margin: 0 auto; text-align: center; display: block; padding-bottom: 25px; padding-left: 30px; padding-right: 30px;\"&gt;&lt;img src=\"images\/logo.png\" \/&gt;&lt;\/a&gt;\r\n&lt;div style=\"width: 45%; background: #fff; padding: 50px 30px; margin: 0 auto;\"&gt;\r\n&lt;p style=\"margin: 0px;\"&gt;New \u00a0Listing has been submitted on\u00a0&lt;a href=\"%website_url\" &gt;%website_name&lt;\/a&gt;\u00a0&lt;\/p&gt;\r\n\r\n&lt;h2 style=\"color: #2a6ad4; margin: 0px; font-size: 20px;\"&gt;%listing_title&lt;\/h2&gt;\r\n&lt;div style=\"padding: 30px 0px 15px 0px;\"&gt;\r\n&lt;h3 style=\"margin: 0px 0px 5px; font-size: 16px;\"&gt;Details are Following:&lt;\/h3&gt;\r\n&lt;p style=\"margin: 0px; font-size: 14px;\"&gt;&lt;strong style=\"padding-right: 10px;\"&gt;Listing Name:&lt;\/strong&gt;%listing_title&lt;\/p&gt;\r\n&lt;p style=\"margin: 0px; font-size: 14px;\"&gt;&lt;strong style=\"padding-right: 10px;\"&gt;Listing URL:&lt;\/strong&gt;%listing_url&lt;\/p&gt;\r\n&lt;\/div&gt;\r\n&lt;div style=\"padding: 15px 0px 30px 0px;\"&gt;\r\n&lt;h3 style=\"margin: 0px 0px 5px; font-size: 16px;\"&gt;Order Details:&lt;\/h3&gt;\r\n&lt;p style=\"margin: 0px; font-size: 14px;\"&gt;&lt;strong style=\"padding-right: 10px;\"&gt;Full Adress:&lt;\/strong&gt;P-11, Paradise Floor, Sadiq Trade Center&lt;\/p&gt;\r\n&lt;\/div&gt;\r\n&lt;\/div&gt;\r\n&lt;\/div&gt;", "listingpro_subject_wire_invoice": "Your new wire invoice on %website_url", "listingpro_content_wire_invoice": "<div style=\"width: 100%; background: #f0f1f3; padding: 50px 0px;\">\r\n\r\n<a style=\"width: 45%; margin: 0 auto; text-align: center; display: block; padding-bottom: 25px; padding-left: 30px; padding-right: 30px;\"><img alt=\"image\" src=\"images\/logo.png\" \/><\/a>\r\n<div style=\"width: 45%; background: #fff; padding: 50px 30px; margin: 0 auto;\">\r\n<p style=\"margin: 0px;\">New \u00a0Listing has been submitted on\u00a0<a href=\"%website_url\">%website_name<\/a><\/p>\r\n\r\n<h2 style=\"color: #2a6ad4; margin: 0px; font-size: 20px;\">%listing_title<\/h2>\r\n<div style=\"padding: 30px 0px 15px 0px;\">\r\n<h3 style=\"margin: 0px 0px 5px; font-size: 16px;\">Details are Following:<\/h3>\r\n<p style=\"margin: 0px; font-size: 14px;\"><strong style=\"padding-right: 10px;\">Listing Name:<\/strong>%listing_title<\/p>\r\n<p style=\"margin: 0px; font-size: 14px;\"><strong style=\"padding-right: 10px;\">Listing URL:<\/strong>%listing_url<\/p>\r\n\r\n<\/div>\r\n<div style=\"padding: 15px 0px 30px 0px;\">\r\n<h3 style=\"margin: 0px 0px 5px; font-size: 16px;\">Order Details:<\/h3>\r\n<p style=\"margin: 0px; font-size: 14px;\"><strong style=\"padding-right: 10px;\">Full Adress:<\/strong>P-11, Paradise Floor, Sadiq Trade Center<\/p>\r\n\r\n<\/div>\r\n<\/div>\r\n<\/div>", "listingpro_subject_wire_invoice_admin": "New inovic on %website_url", "listingpro_content_wire_invoice_admin": "<div style=\"width: 100%; background: #f0f1f3; padding: 50px 0px;\">\r\n\r\n<a style=\"width: 45%; margin: 0 auto; text-align: center; display: block; padding-bottom: 25px; padding-left: 30px; padding-right: 30px;\"><img alt=\"image\" src=\"images\/logo.png\" \/><\/a>\r\n<div style=\"width: 45%; background: #fff; padding: 50px 30px; margin: 0 auto;\">\r\n<p style=\"margin: 0px;\">New \u00a0Listing has been submitted on\u00a0<a href=\"%website_url\">%website_name<\/a><\/p>\r\n\r\n<h2 style=\"color: #2a6ad4; margin: 0px; font-size: 20px;\">%listing_title<\/h2>\r\n<div style=\"padding: 30px 0px 15px 0px;\">\r\n<h3 style=\"margin: 0px 0px 5px; font-size: 16px;\">Details are Following:<\/h3>\r\n<p style=\"margin: 0px; font-size: 14px;\"><strong style=\"padding-right: 10px;\">Listing Name:<\/strong>%listing_title<\/p>\r\n<p style=\"margin: 0px; font-size: 14px;\"><strong style=\"padding-right: 10px;\">Listing URL:<\/strong>%listing_url<\/p>\r\n\r\n<\/div>\r\n<div style=\"padding: 15px 0px 30px 0px;\">\r\n<h3 style=\"margin: 0px 0px 5px; font-size: 16px;\">Order Details:<\/h3>\r\n<p style=\"margin: 0px; font-size: 14px;\"><strong style=\"padding-right: 10px;\">Full Adress:<\/strong>P-11, Paradise Floor, Sadiq Trade Center<\/p>\r\n\r\n<\/div>\r\n<\/div>\r\n<\/div>", "invoice_logo": { "url": "http:\/\/studio.cridio.com\/listingpro-content\/wp-content\/themes\/listingpro\/assets\/images\/logo.png", "id": "", "height": "", "width": "", "thumbnail": "" }, "invoice_company_name": "Company Name", "invoice_address": "1161 Washingtown Avenue 299<br> Miami Beach 33141 FL", "invoice_phone": "(987)654 3210", "invoice_additional_info": "The lorem ipsum text is typically a scrambled section of De finibus bonorum et malorum, a 1st-century BC Latin text by Cicero, with words altered, added, and removed to make it nonsensical, improper Latin.[citation needed]", "invoice_thankyou": "Thank you for your business with us.", "lp_pro_title": "What is Ad Promotion?", "lp_pro_text": "Add information about your business below. Your business page will not appear in search results until this information has been verified and approved by our moderators. Once it is approved, you will receive an email with instructions on how to claim your business page.", "lp_pro_img": { "url": "http:\/\/studio.cridio.com\/listingpro-content\/wp-content\/themes\/listingpro\/assets\/images\/admin\/promotional-img.jpg", "id": "", "height": "", "width": "", "thumbnail": "" }, "lp_random_ads": "10", "lp_detail_page_ads": "20", "lp_top_in_search_page_ads": "50", "listings_ads_durations": "7", "listing-author": "", "submit-listing": "", "edit-listing": "", "pricing-plan": "", "Address": "Address", "cp-address": " Your Address at Lutaco Tower 007A Nguyen Van Troi", "cp-number": "+008 1234 6789", "cp-email": "xyz@example.com", "cp-social-links": "1", "form-title": "Contact us", "cp-success-message": "Your message was sent successfully! I will be in touch as soon as I can.", "cp-failed-message": "Something went wrong, try refreshing and submitting the form again.", "cp-lat": "51.516576", "cp-lan": "-0.137508", "footer_top_bgcolor": "#363f48", "footer_bgcolor": "#45505b", "fb": "#", "tw": "#", "gog": "#", "insta": "#", "tumb": "#", "copy_right": "Copyright \u00a9 2017 Listingpro", "footer_address": "45 B Road NY. USA", "phone_number": "007-123-456", "author_info": "Proudly Listingpro by <a href=\"http:\/\/www.cridio.com\/\" target=\"_blank\">Cridio Studio<\/a>", "map_style": "1", "redux-backup": "1", "lp_register_password": 0, "listing_pricerange_symbol": "$", "dashboard_usr": true, "my_listings": true, "saved_listing": true, "invoices_dashboard": true, "dashboard_packages": true, "ad_compaigns": true, "review_dashoard": true, "booking_dashoard": true, "menu_dashoard": true, "my_profile": true, "log_outt": true, "header_textcolor": "#FFFFFF", "banner_height": 610, "banner_opacity": "0.6", "lp_video_banner_on": "static_image", "vedio_url": "", "default_search_cats": "", "lp_allow_vistor_submit": false, "listing_custom_cordn": "Add Custom Address", "location_switch": true, "lp_review_switch": true, "lp_review_submit_options": "instant_sign_in", "lp_lead_form_switch": true, "lp_listing_claim_switch": true, "enable_search_filter": 1, "enable_price_search_filter": 1, "enable_opentime_search_filter": 1, "enable_high_rated_search_filter": 1, "enable_most_reviewed_search_filter": 1, "enable_cats_search_filter": 1, "lp_location_loc_switcher": false, "search_loc_option": "no", "home_search_loc_switcher": false, "inner_search_loc_switcher": false, "pricingplan_currency_position": "left", "lp_tax_swtich": 0, "lp_tax_label": "Value-Added Tax", "lp_tax_amount": "5", "listingpro_subject_listing_claimer": "Your claim has submitted", "listingpro_content_listing_claimer": "Your Claim on listing &lt;a href=&quot;%listing_url&quot;&gt;%listing_title&lt;\/a&gt; has been submitted", "listingpro_subject_listing_author": "A claim has been submitted on your listing", "listingpro_content_listing_author": "Hi, A claim has been submitted on your listing &lt;a href=&quot;%listing_url&quot;&gt;%listing_title&lt;\/a&gt;. Please contact admin for further details", "listingpro_subject_listing_claim_admin": "New Claim has been submitted", "listingpro_content_listing_claim_admin": "You have received a new claim on a listing &lt;a href=&quot;%listing_url&quot;&gt;%listing_title&lt;\/a&gt; Please login on dashboard for more details" }